CREATE DATABASE  IF NOT EXISTS `dangu` /*!40100 DEFAULT CHARACTER SET utf8mb4 COLLATE utf8mb4_general_ci */ /*!80016 DEFAULT ENCRYPTION='N' */;
USE `dangu`;
-- MySQL dump 10.13  Distrib 8.0.25, for Win64 (x86_64)
--
-- Host: localhost    Database: dangu
-- ------------------------------------------------------
-- Server version	8.0.25

/*!40101 SET @OLD_CHARACTER_SET_CLIENT=@@CHARACTER_SET_CLIENT */;
/*!40101 SET @OLD_CHARACTER_SET_RESULTS=@@CHARACTER_SET_RESULTS */;
/*!40101 SET @OLD_COLLATION_CONNECTION=@@COLLATION_CONNECTION */;
/*!50503 SET NAMES utf8 */;
/*!40103 SET @OLD_TIME_ZONE=@@TIME_ZONE */;
/*!40103 SET TIME_ZONE='+00:00' */;
/*!40014 SET @OLD_UNIQUE_CHECKS=@@UNIQUE_CHECKS, UNIQUE_CHECKS=0 */;
/*!40014 SET @OLD_FOREIGN_KEY_CHECKS=@@FOREIGN_KEY_CHECKS, FOREIGN_KEY_CHECKS=0 */;
/*!40101 SET @OLD_SQL_MODE=@@SQL_MODE, SQL_MODE='NO_AUTO_VALUE_ON_ZERO' */;
/*!40111 SET @OLD_SQL_NOTES=@@SQL_NOTES, SQL_NOTES=0 */;

--
-- Table structure for table `address`
--

DROP TABLE IF EXISTS `address`;
/*!40101 SET @saved_cs_client     = @@character_set_client */;
/*!50503 SET character_set_client = utf8mb4 */;
CREATE TABLE `address` (
  `id` int NOT NULL AUTO_INCREMENT,
  `user_id` int DEFAULT NULL,
  `addressName` varchar(200) DEFAULT NULL,
  PRIMARY KEY (`id`),
  KEY `user_id` (`user_id`),
  CONSTRAINT `address_ibfk_1` FOREIGN KEY (`user_id`) REFERENCES `user` (`id`)
) ENGINE=InnoDB AUTO_INCREMENT=12 DEFAULT CHARSET=utf8mb3;
/*!40101 SET character_set_client = @saved_cs_client */;

--
-- Dumping data for table `address`
--

LOCK TABLES `address` WRITE;
/*!40000 ALTER TABLE `address` DISABLE KEYS */;
INSERT INTO `address` VALUES (5,7,'Thừa Thiên Huế'),(6,7,'Đà Nẵng'),(7,12,'Bình Thuận'),(8,12,'Quảng Nam'),(9,12,'Nam Đông'),(10,12,'Nam Đông'),(11,12,'Nam Đông');
/*!40000 ALTER TABLE `address` ENABLE KEYS */;
UNLOCK TABLES;

--
-- Table structure for table `brand`
--

DROP TABLE IF EXISTS `brand`;
/*!40101 SET @saved_cs_client     = @@character_set_client */;
/*!50503 SET character_set_client = utf8mb4 */;
CREATE TABLE `brand` (
  `id` int NOT NULL AUTO_INCREMENT,
  `brandName` varchar(50) DEFAULT NULL,
  PRIMARY KEY (`id`)
) ENGINE=InnoDB AUTO_INCREMENT=49 DEFAULT CHARSET=utf8mb3;
/*!40101 SET character_set_client = @saved_cs_client */;

--
-- Dumping data for table `brand`
--

LOCK TABLES `brand` WRITE;
/*!40000 ALTER TABLE `brand` DISABLE KEYS */;
INSERT INTO `brand` VALUES (3,'3CE'),(4,'3W Clinic'),(5,'A\'PIEU'),(6,'Aritaum'),(7,'Avene'),(8,'Careline'),(9,'City Color'),(10,'DHC'),(11,'Etude House'),(12,'Evoluderm'),(13,'Hada Labo'),(14,'Holika Holika'),(15,'Innisfree'),(16,'Kose'),(17,'L.A Girl'),(18,'LANEIGE KOREA'),(19,'Lanopearl'),(20,'L\'oreal Paris'),(21,'MAC'),(22,'Mamonde'),(23,'Missha'),(24,'Nature Republic'),(25,'Neutrogena'),(26,'NYX'),(27,'Ohui'),(28,'Play Boy'),(29,'Pony'),(30,'Rebirth'),(31,'Revlon'),(32,'Rimmel'),(33,'Secret Key'),(34,'Shiseido'),(35,'Simple'),(36,'Sivanna Colors'),(37,'Sk-II'),(38,'Skinfood'),(39,'Stlves'),(40,'The Body	Shop'),(41,'The Face Shop'),(42,'Thương hiệu khác'),(43,'Tonymoly'),(44,'Vacosi'),(45,'Vichy'),(46,'Victoria\'s Secret'),(47,'W7'),(48,'Yadah');
/*!40000 ALTER TABLE `brand` ENABLE KEYS */;
UNLOCK TABLES;

--
-- Table structure for table `category`
--

DROP TABLE IF EXISTS `category`;
/*!40101 SET @saved_cs_client     = @@character_set_client */;
/*!50503 SET character_set_client = utf8mb4 */;
CREATE TABLE `category` (
  `id` int NOT NULL AUTO_INCREMENT,
  `cateName` varchar(50) DEFAULT NULL,
  `collection_id` int DEFAULT NULL,
  PRIMARY KEY (`id`),
  KEY `collection_id` (`collection_id`),
  CONSTRAINT `category_ibfk_1` FOREIGN KEY (`collection_id`) REFERENCES `collection` (`id`)
) ENGINE=InnoDB AUTO_INCREMENT=60 DEFAULT CHARSET=utf8mb3;
/*!40101 SET character_set_client = @saved_cs_client */;

--
-- Dumping data for table `category`
--

LOCK TABLES `category` WRITE;
/*!40000 ALTER TABLE `category` DISABLE KEYS */;
INSERT INTO `category` VALUES (1,'Kem che khuyết điểm',2),(2,'Cushion',2),(3,'Kem nền',2),(4,'Kem BB-CC-DD',2),(5,'Primer',2),(6,'Phấn phủ, phấn nền',2),(7,'Phấn má hồng',2),(8,'Tạo khối',2),(9,'Xịt khoáng nền',2),(10,'Phấn mắt',2),(11,'Kem lót mắt',2),(12,'Kẻ mày',2),(13,'Kẻ mắt',2),(14,'Mascara',2),(15,'Che khuyết điểm môi',2),(16,'Son môi',2),(17,'Son dưỡng',2),(18,'Lót môi-Khóa môi',2),(19,'Lips Mask',2),(20,'Son high-end',2),(21,'Mặt nạ lột mụn',3),(22,'Mask Đất Sét',3),(23,'Mask Giấy',3),(24,'Mask Đắp - Rửa',3),(25,'Mask Ngủ',3),(26,'Mask Thiên Nhiên',3),(27,'Sửa rửa mặt',3),(28,'Tẩy trang',3),(29,'Tẩy tế bào chết',3),(30,'Dưỡng da mặt',3),(31,'Hỗ trợ',3),(32,'Dưỡng vùng mắt',3),(33,'Kem Dưỡng Da',3),(34,'Essence-Serum-Ampoule',3),(35,'Lotion',3),(36,'Toner',3),(37,'Kem chống nắng',3),(38,'Set dưỡng tóc',4),(39,'Dầu gội',4),(40,'Dầu xả',4),(41,'Kem ủ tóc',4),(42,'Dầu gội khô',4),(43,'Serum dưỡng tóc',4),(44,'Dụng cụ trang điểm',5),(45,'Phụ kiện làm đep',5),(46,'Sơn móng - rửa',5),(47,'Móng',5),(48,'Nước hoa nữ',6),(49,'Nước hoa nam',6),(50,'Xịt thơm body',6),(51,'Dưỡng thể - Body Lotion',7),(52,'Sữa tắm',7),(53,'Kem dưỡng toàn thân',7),(54,'Dưỡng da tay',7),(55,'Tẩy tế bào chết',7),(56,'Tẩy lông',7),(57,'Khử mùi',7),(58,'Giảm sẹo - Giảm thâm - Giảm nám',7),(59,'Chăm sóc răng miệng',7);
/*!40000 ALTER TABLE `category` ENABLE KEYS */;
UNLOCK TABLES;

--
-- Table structure for table `collection`
--

DROP TABLE IF EXISTS `collection`;
/*!40101 SET @saved_cs_client     = @@character_set_client */;
/*!50503 SET character_set_client = utf8mb4 */;
CREATE TABLE `collection` (
  `id` int NOT NULL AUTO_INCREMENT,
  `name` varchar(50) DEFAULT NULL,
  PRIMARY KEY (`id`)
) ENGINE=InnoDB AUTO_INCREMENT=8 DEFAULT CHARSET=utf8mb3;
/*!40101 SET character_set_client = @saved_cs_client */;

--
-- Dumping data for table `collection`
--

LOCK TABLES `collection` WRITE;
/*!40000 ALTER TABLE `collection` DISABLE KEYS */;
INSERT INTO `collection` VALUES (2,'Trang điểm'),(3,'Chăm sóc da'),(4,'Chăm sóc tóc'),(5,'Phụ kiện'),(6,'Nước hoa'),(7,'Chăm sóc toàn thân');
/*!40000 ALTER TABLE `collection` ENABLE KEYS */;
UNLOCK TABLES;

--
-- Table structure for table `comment`
--

DROP TABLE IF EXISTS `comment`;
/*!40101 SET @saved_cs_client     = @@character_set_client */;
/*!50503 SET character_set_client = utf8mb4 */;
CREATE TABLE `comment` (
  `id` int NOT NULL AUTO_INCREMENT,
  `rating` float DEFAULT NULL,
  `comment` varchar(300) DEFAULT NULL,
  `image` varchar(300) DEFAULT NULL,
  `date` datetime DEFAULT NULL,
  `rating_user_id` int DEFAULT NULL,
  `rating_product_id` int DEFAULT NULL,
  `rating_order_id` int DEFAULT NULL,
  PRIMARY KEY (`id`),
  KEY `rating_user_id` (`rating_user_id`),
  KEY `rating_product_id` (`rating_product_id`),
  CONSTRAINT `comment_ibfk_1` FOREIGN KEY (`rating_user_id`) REFERENCES `user` (`id`),
  CONSTRAINT `comment_ibfk_2` FOREIGN KEY (`rating_product_id`) REFERENCES `product` (`id`)
) ENGINE=InnoDB AUTO_INCREMENT=2 DEFAULT CHARSET=utf8mb3;
/*!40101 SET character_set_client = @saved_cs_client */;

--
-- Dumping data for table `comment`
--

LOCK TABLES `comment` WRITE;
/*!40000 ALTER TABLE `comment` DISABLE KEYS */;
INSERT INTO `comment` VALUES (1,5,'very good',NULL,'2021-11-01 23:01:41',7,7,NULL);
/*!40000 ALTER TABLE `comment` ENABLE KEYS */;
UNLOCK TABLES;

--
-- Table structure for table `coupon`
--

DROP TABLE IF EXISTS `coupon`;
/*!40101 SET @saved_cs_client     = @@character_set_client */;
/*!50503 SET character_set_client = utf8mb4 */;
CREATE TABLE `coupon` (
  `id` int NOT NULL AUTO_INCREMENT,
  `code` varchar(50) DEFAULT NULL,
  `event_id` int DEFAULT NULL,
  `discount_amount` float DEFAULT NULL,
  `remain` int DEFAULT '100',
  PRIMARY KEY (`id`),
  KEY `event_id` (`event_id`),
  CONSTRAINT `coupon_ibfk_1` FOREIGN KEY (`event_id`) REFERENCES `event` (`id`)
) ENGINE=InnoDB AUTO_INCREMENT=14 DEFAULT CHARSET=utf8mb3;
/*!40101 SET character_set_client = @saved_cs_client */;

--
-- Dumping data for table `coupon`
--

LOCK TABLES `coupon` WRITE;
/*!40000 ALTER TABLE `coupon` DISABLE KEYS */;
INSERT INTO `coupon` VALUES (1,'dodeptrai',2,10,100),(4,'docute',5,20,100),(5,'docutevcl',1,30,100),(6,'alo alo',1,40,200),(7,'xinmoi',3,10,100),(8,'alo alo',9,10,100),(9,'xinmoi',8,30,100),(10,'tringu',6,100,100),(11,'dangu',2,80,80),(12,'dodeptrai',8,90,100),(13,'thayhoangpro',9,90,100);
/*!40000 ALTER TABLE `coupon` ENABLE KEYS */;
UNLOCK TABLES;

--
-- Table structure for table `event`
--

DROP TABLE IF EXISTS `event`;
/*!40101 SET @saved_cs_client     = @@character_set_client */;
/*!50503 SET character_set_client = utf8mb4 */;
CREATE TABLE `event` (
  `id` int NOT NULL AUTO_INCREMENT,
  `name` varchar(100) DEFAULT NULL,
  `icon` varchar(300) DEFAULT NULL,
  PRIMARY KEY (`id`)
) ENGINE=InnoDB AUTO_INCREMENT=11 DEFAULT CHARSET=utf8mb3;
/*!40101 SET character_set_client = @saved_cs_client */;

--
-- Dumping data for table `event`
--

LOCK TABLES `event` WRITE;
/*!40000 ALTER TABLE `event` DISABLE KEYS */;
INSERT INTO `event` VALUES (1,'TGSF Premium','https://app2.jeoway.net/61/images/highlight_btn_imgs/btn_TGSF_Premium.png'),(2,'Chăm sóc sức khỏe','https://app2.jeoway.net/61/images/highlight_btn_imgs/btn_cham_soc_suc_khoe.png'),(3,'Hàng thiết yếu','https://app2.jeoway.net/61/images/highlight_btn_imgs/btn_hang_thiet_yeu.png'),(4,'12h-21h Mỗi Ngày','https://app2.jeoway.net/61/images/highlight_btn_imgs/FLASH%20SALE%2012H%20-21H%20M%E1%BB%96I%20NG%C3%80Y.png'),(5,'Giá sốc','https://app2.jeoway.net/61/images/highlight_btn_imgs/1k.png'),(6,'Mua là có quà','https://app2.jeoway.net/61/images/highlight_btn_imgs/1k.png'),(7,'Bán chạy','https://app2.jeoway.net/61/images/highlight_btn_imgs/hh1Artboard%2015.png'),(8,'Khuyến mãi','https://app2.jeoway.net/61/images/highlight_btn_imgs/hh1Artboard%2011.png'),(9,'Hàng mới về','https://app2.jeoway.net/61/images/highlight_btn_imgs/H%C3%80NG%20M%E1%BB%9AI%20V%E1%BB%80.png'),(10,'Sale cuối mùa','https://app2.jeoway.net/61/images/highlight_btn_imgs/SALE.png');
/*!40000 ALTER TABLE `event` ENABLE KEYS */;
UNLOCK TABLES;

--
-- Table structure for table `event_product`
--

DROP TABLE IF EXISTS `event_product`;
/*!40101 SET @saved_cs_client     = @@character_set_client */;
/*!50503 SET character_set_client = utf8mb4 */;
CREATE TABLE `event_product` (
  `id` int NOT NULL AUTO_INCREMENT,
  `event_id` int DEFAULT NULL,
  `product_id` int DEFAULT NULL,
  PRIMARY KEY (`id`),
  KEY `event_id` (`event_id`),
  KEY `product_id` (`product_id`),
  CONSTRAINT `event_product_ibfk_1` FOREIGN KEY (`event_id`) REFERENCES `event` (`id`),
  CONSTRAINT `event_product_ibfk_2` FOREIGN KEY (`product_id`) REFERENCES `product` (`id`)
) ENGINE=InnoDB AUTO_INCREMENT=204 DEFAULT CHARSET=utf8mb3;
/*!40101 SET character_set_client = @saved_cs_client */;

--
-- Dumping data for table `event_product`
--

LOCK TABLES `event_product` WRITE;
/*!40000 ALTER TABLE `event_product` DISABLE KEYS */;
INSERT INTO `event_product` VALUES (2,1,2),(7,2,2),(8,2,4),(9,4,4),(10,4,3),(11,4,4),(12,3,2),(13,1,4),(14,2,3),(15,2,8),(16,5,4),(17,5,9),(18,5,3),(19,1,3),(20,1,7),(21,1,8),(22,1,84),(23,1,77),(24,1,100),(25,1,232),(26,1,9),(27,1,97),(28,1,11),(29,1,102),(30,1,204),(31,1,185),(32,1,228),(33,1,19),(34,1,248),(35,2,7),(36,2,9),(37,2,11),(38,2,19),(39,2,20),(40,2,21),(41,2,22),(42,2,23),(43,2,24),(44,2,25),(45,2,26),(46,2,27),(47,2,35),(48,3,3),(49,3,4),(50,3,7),(51,3,8),(52,3,9),(53,3,11),(54,3,19),(55,3,452),(56,3,284),(57,3,384),(58,3,20),(59,3,21),(60,3,22),(61,3,23),(62,3,24),(63,3,25),(64,3,26),(65,3,27),(66,3,35),(67,3,36),(68,3,37),(69,3,270),(70,3,281),(71,3,347),(72,4,2),(73,4,7),(74,4,8),(75,4,9),(76,4,11),(77,4,19),(78,4,20),(79,4,21),(80,4,22),(82,4,72),(83,4,263),(84,4,281),(85,4,357),(86,4,235),(87,4,430),(88,5,2),(89,5,322),(90,5,314),(91,5,346),(92,5,374),(93,5,7),(94,5,412),(95,5,354),(96,5,8),(97,5,309),(98,5,324),(99,5,390),(100,5,420),(101,5,332),(102,5,321),(103,5,402),(104,5,302),(105,5,11),(106,5,248),(107,6,2),(108,6,7),(109,6,3),(110,6,4),(111,6,8),(112,6,254),(113,6,361),(114,6,256),(115,6,339),(116,6,228),(117,6,320),(118,6,389),(119,6,398),(120,6,445),(121,6,184),(122,6,458),(123,6,335),(124,6,466),(125,6,447),(126,6,9),(127,7,2),(128,7,3),(129,7,4),(130,7,7),(131,7,8),(132,7,9),(133,7,11),(134,7,19),(135,7,287),(136,7,340),(137,7,295),(138,7,267),(139,7,325),(140,7,258),(141,7,347),(142,7,20),(143,7,21),(144,7,396),(145,7,22),(146,8,319),(147,8,2),(148,8,361),(149,8,68),(151,8,113),(152,8,3),(153,8,36),(154,8,340),(155,8,97),(156,8,4),(157,8,7),(158,8,8),(159,8,270),(160,8,268),(161,8,307),(162,8,222),(163,8,308),(165,8,9),(167,9,355),(168,9,107),(169,9,270),(170,9,317),(171,9,96),(172,9,203),(173,9,245),(174,9,333),(175,9,234),(176,9,263),(177,9,377),(178,9,171),(179,9,246),(180,9,2),(181,9,181),(182,9,238),(183,9,3),(184,9,4),(185,10,8),(186,10,199),(187,10,2),(188,10,3),(189,10,185),(190,10,4),(191,10,7),(192,10,9),(193,10,11),(194,10,243),(195,10,194),(196,10,19),(197,10,20),(198,10,21),(199,10,22),(200,10,23),(201,10,24),(202,10,25),(203,1,245);
/*!40000 ALTER TABLE `event_product` ENABLE KEYS */;
UNLOCK TABLES;

--
-- Table structure for table `image`
--

DROP TABLE IF EXISTS `image`;
/*!40101 SET @saved_cs_client     = @@character_set_client */;
/*!50503 SET character_set_client = utf8mb4 */;
CREATE TABLE `image` (
  `id` int NOT NULL AUTO_INCREMENT,
  `image` varchar(300) DEFAULT NULL,
  `product_id` int DEFAULT NULL,
  PRIMARY KEY (`id`),
  KEY `product_id` (`product_id`),
  CONSTRAINT `image_ibfk_1` FOREIGN KEY (`product_id`) REFERENCES `product` (`id`)
) ENGINE=InnoDB AUTO_INCREMENT=1736 DEFAULT CHARSET=utf8mb3;
/*!40101 SET character_set_client = @saved_cs_client */;

--
-- Dumping data for table `image`
--

LOCK TABLES `image` WRITE;
/*!40000 ALTER TABLE `image` DISABLE KEYS */;
INSERT INTO `image` VALUES (11,'https://adminbeauty.hvnet.vn//Upload/files/a0-22052019110743.jpg?width=350&height=391&v=15042020',3),(16,'https://adminbeauty.hvnet.vn//Upload/files/lux-ne-27112019015103.jpg?width=350&height=391&v=15042020',7),(17,'https://adminbeauty.hvnet.vn//Upload/files/lux123456-27112019015749.jpg?width=350&height=391&v=15042020',7),(18,'https://adminbeauty.hvnet.vn/Upload/Files/avatar-sp-web11-1-recovered-recovered-recovered-recovered-03082019091619.jpg',11),(19,'https://adminbeauty.hvnet.vn/Upload/Files/avatar-sp-web11-1-recovered-recovered-recovered-recovered-03082019091619.jpg',11),(21,'https://adminbeauty.hvnet.vn/Upload/Files/avatar-sp-web11-1-recovered-recovered-recovered-recovered-03082019091619.jpg',11),(23,'https://adminbeauty.hvnet.vn/Upload/Files/a00-22052019110739.jpg?width=85&height=85&v=15042020',3),(25,'https://adminbeauty.hvnet.vn//Upload/files/lux123456-27112019015749.jpg?width=350&height=391&v=15042020',7),(26,'https://adminbeauty.hvnet.vn/Upload/Files/che-khuyet-diem-tao-khoi-City-Color-Contour-Correct-cream-beauty-garden-1.jpg',8),(28,'https://adminbeauty.hvnet.vn/Upload/Files/che-khuyet-diem-tao-khoi-City-Color-Contour-Correct-cream-beauty-garden-1.jpg',8),(29,'https://adminbeauty.hvnet.vn/Upload/Files/che-khuyet-diem-tao-khoi-City-Color-Contour-Correct-cream-beauty-garden-1.jpg',8),(30,'https://adminbeauty.hvnet.vn/Upload/Files/che-khuyet-diem-tao-khoi-City-Color-Contour-Correct-cream-beauty-garden-1.jpg',8),(31,'https://adminbeauty.hvnet.vn/Upload/Files/kem-nen-che-khuyet-diem-Dermacol-Make-Up-Cover-Cream-hinh-anh1.jpg',9),(32,'https://adminbeauty.hvnet.vn/Upload/Files/kem-nen-che-khuyet-diem-Dermacol-Make-Up-Cover-Cream-hinh-anh1.jpg',9),(33,'https://adminbeauty.hvnet.vn/Upload/Files/kem-nen-che-khuyet-diem-Dermacol-Make-Up-Cover-Cream-hinh-anh1.jpg',9),(34,'https://adminbeauty.hvnet.vn/Upload/Files/kem-nen-che-khuyet-diem-Dermacol-Make-Up-Cover-Cream-hinh-anh1.jpg',9),(35,'https://adminbeauty.hvnet.vn/Upload/Files/cushion-2020-06052020031920.jpg',19),(36,'https://adminbeauty.hvnet.vn/Upload/Files/cushion-2020-06052020031920.jpg',19),(37,'https://adminbeauty.hvnet.vn/Upload/Files/cushion-2020-06052020031920.jpg',19),(38,'https://adminbeauty.hvnet.vn/Upload/Files/cushion-2020-06052020031920.jpg',19),(39,'https://adminbeauty.hvnet.vn/Upload/Files/April-Skin-Magic-Snow-Fixing-Foundation.jpg',20),(42,'https://adminbeauty.hvnet.vn/Upload/Files/April-Skin-Magic-Snow-Fixing-Foundation.jpg',20),(43,'https://adminbeauty.hvnet.vn/Upload/Files/April-Skin-Magic-Snow-Fixing-Foundation.jpg',20),(44,'https://adminbeauty.hvnet.vn/Upload/Files/April-Skin-Magic-Snow-Fixing-Foundation.jpg',20),(45,'https://adminbeauty.hvnet.vn/Upload/Files/Avatar-SP-Web(1)(1)-Recovered-Recovered-Recovered(13).jpg',21),(46,'https://adminbeauty.hvnet.vn/Upload/Files/Avatar-SP-Web(1)(1)-Recovered-Recovered-Recovered(13).jpg',21),(47,'https://adminbeauty.hvnet.vn/Upload/Files/Avatar-SP-Web(1)(1)-Recovered-Recovered-Recovered(13).jpg',21),(48,'https://adminbeauty.hvnet.vn/Upload/Files/Avatar-SP-Web(1)(1)-Recovered-Recovered-Recovered(13).jpg',21),(49,'https://adminbeauty.hvnet.vn/Upload/Files/Super-Ceramide.jpg',22),(50,'https://adminbeauty.hvnet.vn/Upload/Files/Super-Ceramide.jpg',22),(51,'https://adminbeauty.hvnet.vn/Upload/Files/Super-Ceramide.jpg',22),(52,'https://adminbeauty.hvnet.vn/Upload/Files/Super-Ceramide.jpg',22),(53,'https://adminbeauty.hvnet.vn/Upload/Files/Neo-Glow-Cushion-SPF50.jpg',23),(54,'https://adminbeauty.hvnet.vn/Upload/Files/Neo-Glow-Cushion-SPF50.jpg',23),(55,'https://adminbeauty.hvnet.vn/Upload/Files/Neo-Glow-Cushion-SPF50.jpg',23),(56,'https://adminbeauty.hvnet.vn/Upload/Files/Neo-Glow-Cushion-SPF50.jpg',23),(57,'https://adminbeauty.hvnet.vn/Upload/Files/Avatar-SP-Web(1)(1)-Recovered(13).jpg',24),(58,'https://adminbeauty.hvnet.vn/Upload/Files/Avatar-SP-Web(1)(1)-Recovered(13).jpg',24),(59,'https://adminbeauty.hvnet.vn/Upload/Files/Avatar-SP-Web(1)(1)-Recovered(13).jpg',24),(60,'https://adminbeauty.hvnet.vn/Upload/Files/Avatar-SP-Web(1)(1)-Recovered(13).jpg',24),(61,'https://adminbeauty.hvnet.vn/Upload/Files/a6-05112018035746.jpg',25),(62,'https://adminbeauty.hvnet.vn/Upload/Files/a6-05112018035746.jpg',25),(63,'https://adminbeauty.hvnet.vn/Upload/Files/a6-05112018035746.jpg',25),(64,'https://adminbeauty.hvnet.vn/Upload/Files/a6-05112018035746.jpg',25),(65,'https://adminbeauty.hvnet.vn/Upload/Files/phan-tuoi.jpg',26),(66,'https://adminbeauty.hvnet.vn/Upload/Files/phan-tuoi.jpg',26),(67,'https://adminbeauty.hvnet.vn/Upload/Files/phan-tuoi.jpg',26),(68,'https://adminbeauty.hvnet.vn/Upload/Files/phan-tuoi.jpg',26),(69,'https://adminbeauty.hvnet.vn/Upload/Files/avatar-sp-web11-1-recovered-recovered-recovered-01082019111834.jpg',27),(70,'https://adminbeauty.hvnet.vn/Upload/Files/avatar-sp-web11-1-recovered-recovered-recovered-01082019111834.jpg',27),(71,'https://adminbeauty.hvnet.vn/Upload/Files/avatar-sp-web11-1-recovered-recovered-recovered-01082019111834.jpg',27),(72,'https://adminbeauty.hvnet.vn/Upload/Files/avatar-sp-web11-1-recovered-recovered-recovered-01082019111834.jpg',27),(73,'https://adminbeauty.hvnet.vn/Upload/Files/kill-cover-bot-22102019014303.jpg',35),(74,'https://adminbeauty.hvnet.vn/Upload/Files/kill-cover-bot-22102019014303.jpg',35),(75,'https://adminbeauty.hvnet.vn/Upload/Files/kill-cover-bot-22102019014303.jpg',35),(76,'https://adminbeauty.hvnet.vn/Upload/Files/kill-cover-bot-22102019014303.jpg',35),(77,'https://adminbeauty.hvnet.vn/Upload/Files/kill-cover-bot-22102019014303.jpg',36),(78,'https://adminbeauty.hvnet.vn/Upload/Files/kill-cover-bot-22102019014303.jpg',36),(79,'https://adminbeauty.hvnet.vn/Upload/Files/kill-cover-bot-22102019014303.jpg',36),(80,'https://adminbeauty.hvnet.vn/Upload/Files/kill-cover-bot-22102019014303.jpg',36),(81,'https://adminbeauty.hvnet.vn/Upload/Files/a0-20042019111305.jpg',39),(82,'https://adminbeauty.hvnet.vn/Upload/Files/a0-20042019111305.jpg',39),(83,'https://adminbeauty.hvnet.vn/Upload/Files/a0-20042019111305.jpg',39),(84,'https://adminbeauty.hvnet.vn/Upload/Files/a0-20042019111305.jpg',39),(85,'https://adminbeauty.hvnet.vn/Upload/Files/a0-20042019111305.jpg',40),(86,'https://adminbeauty.hvnet.vn/Upload/Files/a0-20042019111305.jpg',40),(87,'https://adminbeauty.hvnet.vn/Upload/Files/a0-20042019111305.jpg',40),(88,'https://adminbeauty.hvnet.vn/Upload/Files/a0-20042019111305.jpg',40),(89,'https://adminbeauty.hvnet.vn/Upload/Files/a0-20042019111305.jpg',38),(90,'https://adminbeauty.hvnet.vn/Upload/Files/a0-20042019111305.jpg',38),(91,'https://adminbeauty.hvnet.vn/Upload/Files/a0-20042019111305.jpg',38),(92,'https://adminbeauty.hvnet.vn/Upload/Files/a0-20042019111305.jpg',38),(93,'https://adminbeauty.hvnet.vn/Upload/Files/a0-20042019111305.jpg',37),(94,'https://adminbeauty.hvnet.vn/Upload/Files/a0-20042019111305.jpg',37),(95,'https://adminbeauty.hvnet.vn/Upload/Files/a0-20042019111305.jpg',37),(96,'https://adminbeauty.hvnet.vn/Upload/Files/a0-20042019111305.jpg',37),(97,'https://adminbeauty.hvnet.vn/Upload/Files/kem-nen-maybelline-dream-velvet-soft-matte-foundation-1.jpg',41),(98,'https://adminbeauty.hvnet.vn/Upload/Files/kem-nen-maybelline-dream-velvet-soft-matte-foundation-1.jpg',41),(99,'https://adminbeauty.hvnet.vn/Upload/Files/kem-nen-maybelline-dream-velvet-soft-matte-foundation-1.jpg',41),(100,'https://adminbeauty.hvnet.vn/Upload/Files/kem-nen-maybelline-dream-velvet-soft-matte-foundation-1.jpg',41),(101,'https://adminbeauty.hvnet.vn/Upload/Files/kem-nen-maybelline-dream-velvet-soft-matte-foundation-1.jpg',42),(102,'https://adminbeauty.hvnet.vn/Upload/Files/kem-nen-maybelline-dream-velvet-soft-matte-foundation-1.jpg',42),(104,'https://adminbeauty.hvnet.vn/Upload/Files/kem-nen-maybelline-dream-velvet-soft-matte-foundation-1.jpg',42),(105,'https://adminbeauty.hvnet.vn/Upload/Files/kem-nen-maybelline-dream-velvet-soft-matte-foundation-1.jpg',42),(106,'https://adminbeauty.hvnet.vn/Upload/Files/kem-nen-maybelline-dream-velvet-soft-matte-foundation-1.jpg',43),(107,'https://adminbeauty.hvnet.vn/Upload/Files/kem-nen-maybelline-dream-velvet-soft-matte-foundation-1.jpg',43),(108,'https://adminbeauty.hvnet.vn/Upload/Files/kem-nen-maybelline-dream-velvet-soft-matte-foundation-1.jpg',43),(109,'https://adminbeauty.hvnet.vn/Upload/Files/kem-nen-maybelline-dream-velvet-soft-matte-foundation-1.jpg',43),(110,'https://adminbeauty.hvnet.vn/Upload/Files/kem-nen-maybelline-dream-velvet-soft-matte-foundation-1.jpg',44),(111,'https://adminbeauty.hvnet.vn/Upload/Files/kem-nen-maybelline-dream-velvet-soft-matte-foundation-1.jpg',44),(112,'https://adminbeauty.hvnet.vn/Upload/Files/kem-nen-maybelline-dream-velvet-soft-matte-foundation-1.jpg',44),(113,'https://adminbeauty.hvnet.vn/Upload/Files/kem-nen-maybelline-dream-velvet-soft-matte-foundation-1.jpg',44),(114,'https://adminbeauty.hvnet.vn/Upload/Files/avatar-sp-web11-1-recovered-recovered-recovered-11092019011604.jpg',45),(115,'https://adminbeauty.hvnet.vn/Upload/Files/avatar-sp-web11-1-recovered-recovered-recovered-11092019011604.jpg',45),(116,'https://adminbeauty.hvnet.vn/Upload/Files/avatar-sp-web11-1-recovered-recovered-recovered-11092019011604.jpg',45),(117,'https://adminbeauty.hvnet.vn/Upload/Files/avatar-sp-web11-1-recovered-recovered-recovered-11092019011604.jpg',45),(118,'https://adminbeauty.hvnet.vn/Upload/Files/avatar-sp-web11-1-recovered-recovered-recovered-11092019011604.jpg',46),(119,'https://adminbeauty.hvnet.vn/Upload/Files/avatar-sp-web11-1-recovered-recovered-recovered-11092019011604.jpg',46),(120,'https://adminbeauty.hvnet.vn/Upload/Files/avatar-sp-web11-1-recovered-recovered-recovered-11092019011604.jpg',46),(121,'https://adminbeauty.hvnet.vn/Upload/Files/avatar-sp-web11-1-recovered-recovered-recovered-11092019011604.jpg',46),(122,'https://adminbeauty.hvnet.vn/Upload/Files/avatar-sp-web11-1-recovered-recovered-recovered-11092019011604.jpg',47),(123,'https://adminbeauty.hvnet.vn/Upload/Files/avatar-sp-web11-1-recovered-recovered-recovered-11092019011604.jpg',47),(124,'https://adminbeauty.hvnet.vn/Upload/Files/avatar-sp-web11-1-recovered-recovered-recovered-11092019011604.jpg',47),(126,'https://adminbeauty.hvnet.vn/Upload/Files/avatar-sp-web11-1-recovered-recovered-recovered-11092019011604.jpg',47),(127,'https://adminbeauty.hvnet.vn/Upload/Files/avatar-sp-web11-1-recovered-recovered-recovered-11092019011604.jpg',48),(128,'https://adminbeauty.hvnet.vn/Upload/Files/avatar-sp-web11-1-recovered-recovered-recovered-11092019011604.jpg',48),(129,'https://adminbeauty.hvnet.vn/Upload/Files/avatar-sp-web11-1-recovered-recovered-recovered-11092019011604.jpg',48),(130,'https://adminbeauty.hvnet.vn/Upload/Files/avatar-sp-web11-1-recovered-recovered-recovered-11092019011604.jpg',48),(131,'https://adminbeauty.hvnet.vn/Upload/Files/loreal.jpg',52),(132,'https://adminbeauty.hvnet.vn/Upload/Files/loreal.jpg',52),(133,'https://adminbeauty.hvnet.vn/Upload/Files/loreal.jpg',52),(134,'https://adminbeauty.hvnet.vn/Upload/Files/loreal.jpg',52),(135,'https://adminbeauty.hvnet.vn/Upload/Files/loreal.jpg',51),(136,'https://adminbeauty.hvnet.vn/Upload/Files/loreal.jpg',51),(137,'https://adminbeauty.hvnet.vn/Upload/Files/loreal.jpg',51),(138,'https://adminbeauty.hvnet.vn/Upload/Files/loreal.jpg',51),(139,'https://adminbeauty.hvnet.vn/Upload/Files/loreal.jpg',50),(140,'https://adminbeauty.hvnet.vn/Upload/Files/loreal.jpg',50),(141,'https://adminbeauty.hvnet.vn/Upload/Files/loreal.jpg',50),(142,'https://adminbeauty.hvnet.vn/Upload/Files/loreal.jpg',50),(143,'https://adminbeauty.hvnet.vn/Upload/Files/loreal.jpg',49),(144,'https://adminbeauty.hvnet.vn/Upload/Files/loreal.jpg',49),(145,'https://adminbeauty.hvnet.vn/Upload/Files/loreal.jpg',49),(146,'https://adminbeauty.hvnet.vn/Upload/Files/loreal.jpg',49),(147,'https://adminbeauty.hvnet.vn/Upload/Files/kemccvacosi.jpg',56),(148,'https://adminbeauty.hvnet.vn/Upload/Files/kemccvacosi.jpg',56),(149,'https://adminbeauty.hvnet.vn/Upload/Files/kemccvacosi.jpg',56),(150,'https://adminbeauty.hvnet.vn/Upload/Files/kemccvacosi.jpg',56),(151,'https://adminbeauty.hvnet.vn/Upload/Files/kemccvacosi.jpg',55),(152,'https://adminbeauty.hvnet.vn/Upload/Files/kemccvacosi.jpg',55),(153,'https://adminbeauty.hvnet.vn/Upload/Files/kemccvacosi.jpg',55),(154,'https://adminbeauty.hvnet.vn/Upload/Files/kemccvacosi.jpg',55),(155,'https://adminbeauty.hvnet.vn/Upload/Files/kemccvacosi.jpg',54),(156,'https://adminbeauty.hvnet.vn/Upload/Files/kemccvacosi.jpg',54),(157,'https://adminbeauty.hvnet.vn/Upload/Files/kemccvacosi.jpg',54),(158,'https://adminbeauty.hvnet.vn/Upload/Files/kemccvacosi.jpg',54),(159,'https://adminbeauty.hvnet.vn/Upload/Files/kemccvacosi.jpg',53),(160,'https://adminbeauty.hvnet.vn/Upload/Files/kemccvacosi.jpg',53),(161,'https://adminbeauty.hvnet.vn/Upload/Files/kemccvacosi.jpg',53),(162,'https://adminbeauty.hvnet.vn/Upload/Files/kemccvacosi.jpg',53),(163,'https://adminbeauty.hvnet.vn/Upload/Files/kem-nen-Maybelline-Dream-Fresh-BB-Cream.jpg',60),(164,'https://adminbeauty.hvnet.vn/Upload/Files/kem-nen-Maybelline-Dream-Fresh-BB-Cream.jpg',60),(165,'https://adminbeauty.hvnet.vn/Upload/Files/kem-nen-Maybelline-Dream-Fresh-BB-Cream.jpg',60),(166,'https://adminbeauty.hvnet.vn/Upload/Files/kem-nen-Maybelline-Dream-Fresh-BB-Cream.jpg',60),(167,'https://adminbeauty.hvnet.vn/Upload/Files/kem-nen-Maybelline-Dream-Fresh-BB-Cream.jpg',59),(168,'https://adminbeauty.hvnet.vn/Upload/Files/kem-nen-Maybelline-Dream-Fresh-BB-Cream.jpg',59),(169,'https://adminbeauty.hvnet.vn/Upload/Files/kem-nen-Maybelline-Dream-Fresh-BB-Cream.jpg',59),(170,'https://adminbeauty.hvnet.vn/Upload/Files/kem-nen-Maybelline-Dream-Fresh-BB-Cream.jpg',59),(171,'https://adminbeauty.hvnet.vn/Upload/Files/kem-nen-Maybelline-Dream-Fresh-BB-Cream.jpg',58),(172,'https://adminbeauty.hvnet.vn/Upload/Files/kem-nen-Maybelline-Dream-Fresh-BB-Cream.jpg',58),(173,'https://adminbeauty.hvnet.vn/Upload/Files/kem-nen-Maybelline-Dream-Fresh-BB-Cream.jpg',58),(174,'https://adminbeauty.hvnet.vn/Upload/Files/kem-nen-Maybelline-Dream-Fresh-BB-Cream.jpg',58),(175,'https://adminbeauty.hvnet.vn/Upload/Files/kem-nen-Maybelline-Dream-Fresh-BB-Cream.jpg',57),(176,'https://adminbeauty.hvnet.vn/Upload/Files/kem-nen-Maybelline-Dream-Fresh-BB-Cream.jpg',57),(177,'https://adminbeauty.hvnet.vn/Upload/Files/kem-nen-Maybelline-Dream-Fresh-BB-Cream.jpg',57),(178,'https://adminbeauty.hvnet.vn/Upload/Files/kem-nen-Maybelline-Dream-Fresh-BB-Cream.jpg',57),(179,'https://adminbeauty.hvnet.vn/Upload/Files/Essence-You-Better-Work-Gym-Proof-Primer-SPF20.jpg',64),(180,'https://adminbeauty.hvnet.vn/Upload/Files/Essence-You-Better-Work-Gym-Proof-Primer-SPF20.jpg',64),(181,'https://adminbeauty.hvnet.vn/Upload/Files/Essence-You-Better-Work-Gym-Proof-Primer-SPF20.jpg',64),(182,'https://adminbeauty.hvnet.vn/Upload/Files/Essence-You-Better-Work-Gym-Proof-Primer-SPF20.jpg',64),(183,'https://adminbeauty.hvnet.vn/Upload/Files/Essence-You-Better-Work-Gym-Proof-Primer-SPF20.jpg',63),(184,'https://adminbeauty.hvnet.vn/Upload/Files/Essence-You-Better-Work-Gym-Proof-Primer-SPF20.jpg',63),(185,'https://adminbeauty.hvnet.vn/Upload/Files/Essence-You-Better-Work-Gym-Proof-Primer-SPF20.jpg',63),(186,'https://adminbeauty.hvnet.vn/Upload/Files/Essence-You-Better-Work-Gym-Proof-Primer-SPF20.jpg',63),(187,'https://adminbeauty.hvnet.vn/Upload/Files/Essence-You-Better-Work-Gym-Proof-Primer-SPF20.jpg',62),(188,'https://adminbeauty.hvnet.vn/Upload/Files/Essence-You-Better-Work-Gym-Proof-Primer-SPF20.jpg',62),(189,'https://adminbeauty.hvnet.vn/Upload/Files/Essence-You-Better-Work-Gym-Proof-Primer-SPF20.jpg',62),(190,'https://adminbeauty.hvnet.vn/Upload/Files/Essence-You-Better-Work-Gym-Proof-Primer-SPF20.jpg',62),(191,'https://adminbeauty.hvnet.vn/Upload/Files/Essence-You-Better-Work-Gym-Proof-Primer-SPF20.jpg',61),(192,'https://adminbeauty.hvnet.vn/Upload/Files/Essence-You-Better-Work-Gym-Proof-Primer-SPF20.jpg',61),(193,'https://adminbeauty.hvnet.vn/Upload/Files/Essence-You-Better-Work-Gym-Proof-Primer-SPF20.jpg',61),(194,'https://adminbeauty.hvnet.vn/Upload/Files/Essence-You-Better-Work-Gym-Proof-Primer-SPF20.jpg',61),(195,'https://adminbeauty.hvnet.vn/Upload/Files/Highest-Wear-Primer.jpg',68),(196,'https://adminbeauty.hvnet.vn/Upload/Files/Highest-Wear-Primer.jpg',68),(197,'https://adminbeauty.hvnet.vn/Upload/Files/Highest-Wear-Primer.jpg',68),(198,'https://adminbeauty.hvnet.vn/Upload/Files/Highest-Wear-Primer.jpg',68),(199,'https://adminbeauty.hvnet.vn/Upload/Files/Highest-Wear-Primer.jpg',67),(200,'https://adminbeauty.hvnet.vn/Upload/Files/Highest-Wear-Primer.jpg',67),(201,'https://adminbeauty.hvnet.vn/Upload/Files/Highest-Wear-Primer.jpg',67),(202,'https://adminbeauty.hvnet.vn/Upload/Files/Highest-Wear-Primer.jpg',67),(203,'https://adminbeauty.hvnet.vn/Upload/Files/Highest-Wear-Primer.jpg',66),(204,'https://adminbeauty.hvnet.vn/Upload/Files/Highest-Wear-Primer.jpg',66),(205,'https://adminbeauty.hvnet.vn/Upload/Files/Highest-Wear-Primer.jpg',66),(206,'https://adminbeauty.hvnet.vn/Upload/Files/Highest-Wear-Primer.jpg',66),(207,'https://adminbeauty.hvnet.vn/Upload/Files/Highest-Wear-Primer.jpg',65),(209,'https://adminbeauty.hvnet.vn/Upload/Files/Highest-Wear-Primer.jpg',65),(210,'https://adminbeauty.hvnet.vn/Upload/Files/Highest-Wear-Primer.jpg',65),(211,'https://adminbeauty.hvnet.vn/Upload/Files/Highest-Wear-Primer.jpg',65),(212,'https://adminbeauty.hvnet.vn/Upload/Files/kem-lot-gold-23032020094103.jpg',72),(213,'https://adminbeauty.hvnet.vn/Upload/Files/kem-lot-gold-23032020094103.jpg',72),(214,'https://adminbeauty.hvnet.vn/Upload/Files/kem-lot-gold-23032020094103.jpg',72),(215,'https://adminbeauty.hvnet.vn/Upload/Files/kem-lot-gold-23032020094103.jpg',72),(216,'https://adminbeauty.hvnet.vn/Upload/Files/kem-lot-gold-23032020094103.jpg',71),(217,'https://adminbeauty.hvnet.vn/Upload/Files/kem-lot-gold-23032020094103.jpg',71),(218,'https://adminbeauty.hvnet.vn/Upload/Files/kem-lot-gold-23032020094103.jpg',71),(219,'https://adminbeauty.hvnet.vn/Upload/Files/kem-lot-gold-23032020094103.jpg',71),(220,'https://adminbeauty.hvnet.vn/Upload/Files/kem-lot-gold-23032020094103.jpg',70),(221,'https://adminbeauty.hvnet.vn/Upload/Files/kem-lot-gold-23032020094103.jpg',70),(222,'https://adminbeauty.hvnet.vn/Upload/Files/kem-lot-gold-23032020094103.jpg',70),(223,'https://adminbeauty.hvnet.vn/Upload/Files/kem-lot-gold-23032020094103.jpg',70),(224,'https://adminbeauty.hvnet.vn/Upload/Files/kem-lot-gold-23032020094103.jpg',69),(225,'https://adminbeauty.hvnet.vn/Upload/Files/kem-lot-gold-23032020094103.jpg',69),(226,'https://adminbeauty.hvnet.vn/Upload/Files/kem-lot-gold-23032020094103.jpg',69),(227,'https://adminbeauty.hvnet.vn/Upload/Files/kem-lot-gold-23032020094103.jpg',69),(228,'https://adminbeauty.hvnet.vn/Upload/Files/lot-nyx2-27122019120417.jpg',76),(230,'https://adminbeauty.hvnet.vn/Upload/Files/lot-nyx2-27122019120417.jpg',76),(231,'https://adminbeauty.hvnet.vn/Upload/Files/lot-nyx2-27122019120417.jpg',76),(232,'https://adminbeauty.hvnet.vn/Upload/Files/lot-nyx2-27122019120417.jpg',76),(233,'https://adminbeauty.hvnet.vn/Upload/Files/lot-nyx2-27122019120417.jpg',75),(234,'https://adminbeauty.hvnet.vn/Upload/Files/lot-nyx2-27122019120417.jpg',75),(235,'https://adminbeauty.hvnet.vn/Upload/Files/lot-nyx2-27122019120417.jpg',75),(236,'https://adminbeauty.hvnet.vn/Upload/Files/lot-nyx2-27122019120417.jpg',75),(237,'https://adminbeauty.hvnet.vn/Upload/Files/lot-nyx2-27122019120417.jpg',74),(238,'https://adminbeauty.hvnet.vn/Upload/Files/lot-nyx2-27122019120417.jpg',74),(239,'https://adminbeauty.hvnet.vn/Upload/Files/lot-nyx2-27122019120417.jpg',74),(240,'https://adminbeauty.hvnet.vn/Upload/Files/lot-nyx2-27122019120417.jpg',74),(241,'https://adminbeauty.hvnet.vn/Upload/Files/lot-nyx2-27122019120417.jpg',73),(242,'https://adminbeauty.hvnet.vn/Upload/Files/lot-nyx2-27122019120417.jpg',73),(243,'https://adminbeauty.hvnet.vn/Upload/Files/lot-nyx2-27122019120417.jpg',73),(244,'https://adminbeauty.hvnet.vn/Upload/Files/lot-nyx2-27122019120417.jpg',73),(245,'https://adminbeauty.hvnet.vn/Upload/Files/phu-bot-catrice-23102019083455.jpg',80),(246,'https://adminbeauty.hvnet.vn/Upload/Files/phu-bot-catrice-23102019083455.jpg',80),(247,'https://adminbeauty.hvnet.vn/Upload/Files/phu-bot-catrice-23102019083455.jpg',80),(248,'https://adminbeauty.hvnet.vn/Upload/Files/phu-bot-catrice-23102019083455.jpg',80),(249,'https://adminbeauty.hvnet.vn/Upload/Files/phu-bot-catrice-23102019083455.jpg',79),(250,'https://adminbeauty.hvnet.vn/Upload/Files/phu-bot-catrice-23102019083455.jpg',79),(251,'https://adminbeauty.hvnet.vn/Upload/Files/phu-bot-catrice-23102019083455.jpg',79),(252,'https://adminbeauty.hvnet.vn/Upload/Files/phu-bot-catrice-23102019083455.jpg',79),(255,'https://adminbeauty.hvnet.vn/Upload/Files/phu-bot-catrice-23102019083455.jpg',78),(256,'https://adminbeauty.hvnet.vn/Upload/Files/phu-bot-catrice-23102019083455.jpg',78),(257,'https://adminbeauty.hvnet.vn/Upload/Files/phu-bot-catrice-23102019083455.jpg',78),(258,'https://adminbeauty.hvnet.vn/Upload/Files/phu-bot-catrice-23102019083455.jpg',78),(259,'https://adminbeauty.hvnet.vn/Upload/Files/phu-bot-catrice-23102019083455.jpg',77),(260,'https://adminbeauty.hvnet.vn/Upload/Files/phu-bot-catrice-23102019083455.jpg',77),(261,'https://adminbeauty.hvnet.vn/Upload/Files/phu-bot-catrice-23102019083455.jpg',77),(262,'https://adminbeauty.hvnet.vn/Upload/Files/phu-bot-catrice-23102019083455.jpg',77),(263,'https://adminbeauty.hvnet.vn/Upload/Files/Too-Cool-For-School-Art-Class-By-Rodin-Finish-Setting-Pact.jpg',84),(264,'https://adminbeauty.hvnet.vn/Upload/Files/Too-Cool-For-School-Art-Class-By-Rodin-Finish-Setting-Pact.jpg',84),(265,'https://adminbeauty.hvnet.vn/Upload/Files/Too-Cool-For-School-Art-Class-By-Rodin-Finish-Setting-Pact.jpg',84),(266,'https://adminbeauty.hvnet.vn/Upload/Files/Too-Cool-For-School-Art-Class-By-Rodin-Finish-Setting-Pact.jpg',84),(267,'https://adminbeauty.hvnet.vn/Upload/Files/Too-Cool-For-School-Art-Class-By-Rodin-Finish-Setting-Pact.jpg',83),(268,'https://adminbeauty.hvnet.vn/Upload/Files/Too-Cool-For-School-Art-Class-By-Rodin-Finish-Setting-Pact.jpg',83),(269,'https://adminbeauty.hvnet.vn/Upload/Files/Too-Cool-For-School-Art-Class-By-Rodin-Finish-Setting-Pact.jpg',83),(270,'https://adminbeauty.hvnet.vn/Upload/Files/Too-Cool-For-School-Art-Class-By-Rodin-Finish-Setting-Pact.jpg',83),(271,'https://adminbeauty.hvnet.vn/Upload/Files/Too-Cool-For-School-Art-Class-By-Rodin-Finish-Setting-Pact.jpg',82),(272,'https://adminbeauty.hvnet.vn/Upload/Files/Too-Cool-For-School-Art-Class-By-Rodin-Finish-Setting-Pact.jpg',82),(273,'https://adminbeauty.hvnet.vn/Upload/Files/Too-Cool-For-School-Art-Class-By-Rodin-Finish-Setting-Pact.jpg',82),(274,'https://adminbeauty.hvnet.vn/Upload/Files/Too-Cool-For-School-Art-Class-By-Rodin-Finish-Setting-Pact.jpg',82),(275,'https://adminbeauty.hvnet.vn/Upload/Files/Too-Cool-For-School-Art-Class-By-Rodin-Finish-Setting-Pact.jpg',81),(276,'https://adminbeauty.hvnet.vn/Upload/Files/Too-Cool-For-School-Art-Class-By-Rodin-Finish-Setting-Pact.jpg',81),(277,'https://adminbeauty.hvnet.vn/Upload/Files/Too-Cool-For-School-Art-Class-By-Rodin-Finish-Setting-Pact.jpg',81),(278,'https://adminbeauty.hvnet.vn/Upload/Files/Too-Cool-For-School-Art-Class-By-Rodin-Finish-Setting-Pact.jpg',81),(279,'https://adminbeauty.hvnet.vn/Upload/Files/Ph%E1%BA%A5n-Ph%E1%BB%A7-Innisfree-Mentos-No-Sebum.jpg',88),(280,'https://adminbeauty.hvnet.vn/Upload/Files/Ph%E1%BA%A5n-Ph%E1%BB%A7-Innisfree-Mentos-No-Sebum.jpg',88),(281,'https://adminbeauty.hvnet.vn/Upload/Files/Ph%E1%BA%A5n-Ph%E1%BB%A7-Innisfree-Mentos-No-Sebum.jpg',88),(282,'https://adminbeauty.hvnet.vn/Upload/Files/Ph%E1%BA%A5n-Ph%E1%BB%A7-Innisfree-Mentos-No-Sebum.jpg',88),(283,'https://adminbeauty.hvnet.vn/Upload/Files/Ph%E1%BA%A5n-Ph%E1%BB%A7-Innisfree-Mentos-No-Sebum.jpg',87),(284,'https://adminbeauty.hvnet.vn/Upload/Files/Ph%E1%BA%A5n-Ph%E1%BB%A7-Innisfree-Mentos-No-Sebum.jpg',87),(285,'https://adminbeauty.hvnet.vn/Upload/Files/Ph%E1%BA%A5n-Ph%E1%BB%A7-Innisfree-Mentos-No-Sebum.jpg',87),(286,'https://adminbeauty.hvnet.vn/Upload/Files/Ph%E1%BA%A5n-Ph%E1%BB%A7-Innisfree-Mentos-No-Sebum.jpg',87),(287,'https://adminbeauty.hvnet.vn/Upload/Files/Ph%E1%BA%A5n-Ph%E1%BB%A7-Innisfree-Mentos-No-Sebum.jpg',86),(288,'https://adminbeauty.hvnet.vn/Upload/Files/Ph%E1%BA%A5n-Ph%E1%BB%A7-Innisfree-Mentos-No-Sebum.jpg',86),(289,'https://adminbeauty.hvnet.vn/Upload/Files/Ph%E1%BA%A5n-Ph%E1%BB%A7-Innisfree-Mentos-No-Sebum.jpg',86),(290,'https://adminbeauty.hvnet.vn/Upload/Files/Ph%E1%BA%A5n-Ph%E1%BB%A7-Innisfree-Mentos-No-Sebum.jpg',86),(291,'https://adminbeauty.hvnet.vn/Upload/Files/Ph%E1%BA%A5n-Ph%E1%BB%A7-Innisfree-Mentos-No-Sebum.jpg',85),(292,'https://adminbeauty.hvnet.vn/Upload/Files/Ph%E1%BA%A5n-Ph%E1%BB%A7-Innisfree-Mentos-No-Sebum.jpg',85),(293,'https://adminbeauty.hvnet.vn/Upload/Files/Ph%E1%BA%A5n-Ph%E1%BB%A7-Innisfree-Mentos-No-Sebum.jpg',85),(294,'https://adminbeauty.hvnet.vn/Upload/Files/Ph%E1%BA%A5n-Ph%E1%BB%A7-Innisfree-Mentos-No-Sebum.jpg',85),(295,'https://adminbeauty.hvnet.vn/Upload/Files/Ph%E1%BA%A5n-m%E1%BA%AFt-Odbo-Make-Up-Kit-OD1037.jpg',91),(296,'https://adminbeauty.hvnet.vn/Upload/Files/Ph%E1%BA%A5n-m%E1%BA%AFt-Odbo-Make-Up-Kit-OD1037.jpg',91),(297,'https://adminbeauty.hvnet.vn/Upload/Files/Ph%E1%BA%A5n-m%E1%BA%AFt-Odbo-Make-Up-Kit-OD1037.jpg',91),(298,'https://adminbeauty.hvnet.vn/Upload/Files/Ph%E1%BA%A5n-m%E1%BA%AFt-Odbo-Make-Up-Kit-OD1037.jpg',91),(299,'https://adminbeauty.hvnet.vn/Upload/Files/Ph%E1%BA%A5n-m%E1%BA%AFt-Odbo-Make-Up-Kit-OD1037.jpg',90),(300,'https://adminbeauty.hvnet.vn/Upload/Files/Ph%E1%BA%A5n-m%E1%BA%AFt-Odbo-Make-Up-Kit-OD1037.jpg',90),(301,'https://adminbeauty.hvnet.vn/Upload/Files/Ph%E1%BA%A5n-m%E1%BA%AFt-Odbo-Make-Up-Kit-OD1037.jpg',90),(302,'https://adminbeauty.hvnet.vn/Upload/Files/Ph%E1%BA%A5n-m%E1%BA%AFt-Odbo-Make-Up-Kit-OD1037.jpg',90),(303,'https://adminbeauty.hvnet.vn/Upload/Files/Ph%E1%BA%A5n-m%E1%BA%AFt-Odbo-Make-Up-Kit-OD1037.jpg',89),(304,'https://adminbeauty.hvnet.vn/Upload/Files/Ph%E1%BA%A5n-m%E1%BA%AFt-Odbo-Make-Up-Kit-OD1037.jpg',89),(305,'https://adminbeauty.hvnet.vn/Upload/Files/Ph%E1%BA%A5n-m%E1%BA%AFt-Odbo-Make-Up-Kit-OD1037.jpg',89),(306,'https://adminbeauty.hvnet.vn/Upload/Files/Ph%E1%BA%A5n-m%E1%BA%AFt-Odbo-Make-Up-Kit-OD1037.jpg',89),(307,'https://adminbeauty.hvnet.vn/Upload/Files/avatar-sp-web11-1-recovered-recovered-recovered-recovered-recovered-27022020091329.jpg',95),(308,'https://adminbeauty.hvnet.vn/Upload/Files/avatar-sp-web11-1-recovered-recovered-recovered-recovered-recovered-27022020091329.jpg',95),(309,'https://adminbeauty.hvnet.vn/Upload/Files/avatar-sp-web11-1-recovered-recovered-recovered-recovered-recovered-27022020091329.jpg',95),(310,'https://adminbeauty.hvnet.vn/Upload/Files/avatar-sp-web11-1-recovered-recovered-recovered-recovered-recovered-27022020091329.jpg',95),(311,'https://adminbeauty.hvnet.vn/Upload/Files/avatar-sp-web11-1-recovered-recovered-recovered-recovered-recovered-27022020091329.jpg',94),(313,'https://adminbeauty.hvnet.vn/Upload/Files/avatar-sp-web11-1-recovered-recovered-recovered-recovered-recovered-27022020091329.jpg',94),(314,'https://adminbeauty.hvnet.vn/Upload/Files/avatar-sp-web11-1-recovered-recovered-recovered-recovered-recovered-27022020091329.jpg',94),(315,'https://adminbeauty.hvnet.vn/Upload/Files/avatar-sp-web11-1-recovered-recovered-recovered-recovered-recovered-27022020091329.jpg',94),(316,'https://adminbeauty.hvnet.vn/Upload/Files/avatar-sp-web11-1-recovered-recovered-recovered-recovered-recovered-27022020091329.jpg',92),(317,'https://adminbeauty.hvnet.vn/Upload/Files/avatar-sp-web11-1-recovered-recovered-recovered-recovered-recovered-27022020091329.jpg',92),(318,'https://adminbeauty.hvnet.vn/Upload/Files/avatar-sp-web11-1-recovered-recovered-recovered-recovered-recovered-27022020091329.jpg',92),(319,'https://adminbeauty.hvnet.vn/Upload/Files/avatar-sp-web11-1-recovered-recovered-recovered-recovered-recovered-27022020091329.jpg',92),(320,'https://adminbeauty.hvnet.vn/Upload/Files/avatar-sp-web11-1-recovered-recovered-recovered-recovered-recovered-27022020091329.jpg',93),(321,'https://adminbeauty.hvnet.vn/Upload/Files/avatar-sp-web11-1-recovered-recovered-recovered-recovered-recovered-27022020091329.jpg',93),(322,'https://adminbeauty.hvnet.vn/Upload/Files/avatar-sp-web11-1-recovered-recovered-recovered-recovered-recovered-27022020091329.jpg',93),(323,'https://adminbeauty.hvnet.vn/Upload/Files/avatar-sp-web11-1-recovered-recovered-recovered-recovered-recovered-27022020091329.jpg',93),(324,'https://adminbeauty.hvnet.vn/Upload/Files/avatar-sp-web11-1-recovered-11032020092514.jpg',99),(325,'https://adminbeauty.hvnet.vn/Upload/Files/avatar-sp-web11-1-recovered-11032020092514.jpg',99),(326,'https://adminbeauty.hvnet.vn/Upload/Files/avatar-sp-web11-1-recovered-11032020092514.jpg',99),(327,'https://adminbeauty.hvnet.vn/Upload/Files/avatar-sp-web11-1-recovered-11032020092514.jpg',99),(328,'https://adminbeauty.hvnet.vn/Upload/Files/avatar-sp-web11-1-recovered-11032020092514.jpg',98),(329,'https://adminbeauty.hvnet.vn/Upload/Files/avatar-sp-web11-1-recovered-11032020092514.jpg',98),(330,'https://adminbeauty.hvnet.vn/Upload/Files/avatar-sp-web11-1-recovered-11032020092514.jpg',98),(331,'https://adminbeauty.hvnet.vn/Upload/Files/avatar-sp-web11-1-recovered-11032020092514.jpg',98),(332,'https://adminbeauty.hvnet.vn/Upload/Files/avatar-sp-web11-1-recovered-11032020092514.jpg',97),(333,'https://adminbeauty.hvnet.vn/Upload/Files/avatar-sp-web11-1-recovered-11032020092514.jpg',97),(334,'https://adminbeauty.hvnet.vn/Upload/Files/avatar-sp-web11-1-recovered-11032020092514.jpg',97),(335,'https://adminbeauty.hvnet.vn/Upload/Files/avatar-sp-web11-1-recovered-11032020092514.jpg',97),(336,'https://adminbeauty.hvnet.vn/Upload/Files/avatar-sp-web11-1-recovered-11032020092514.jpg',96),(337,'https://adminbeauty.hvnet.vn/Upload/Files/avatar-sp-web11-1-recovered-11032020092514.jpg',96),(338,'https://adminbeauty.hvnet.vn/Upload/Files/avatar-sp-web11-1-recovered-11032020092514.jpg',96),(339,'https://adminbeauty.hvnet.vn/Upload/Files/avatar-sp-web11-1-recovered-11032020092514.jpg',96),(340,'https://adminbeauty.hvnet.vn/Upload/Files/Avatar-SP-Web(1)(1)-Recovered-Recovered-Recovered-Recovered-Recovered(8).jpg',103),(341,'https://adminbeauty.hvnet.vn/Upload/Files/Avatar-SP-Web(1)(1)-Recovered-Recovered-Recovered-Recovered-Recovered(8).jpg',103),(342,'https://adminbeauty.hvnet.vn/Upload/Files/Avatar-SP-Web(1)(1)-Recovered-Recovered-Recovered-Recovered-Recovered(8).jpg',103),(343,'https://adminbeauty.hvnet.vn/Upload/Files/Avatar-SP-Web(1)(1)-Recovered-Recovered-Recovered-Recovered-Recovered(8).jpg',103),(344,'https://adminbeauty.hvnet.vn/Upload/Files/Avatar-SP-Web(1)(1)-Recovered-Recovered-Recovered-Recovered-Recovered(8).jpg',102),(345,'https://adminbeauty.hvnet.vn/Upload/Files/Avatar-SP-Web(1)(1)-Recovered-Recovered-Recovered-Recovered-Recovered(8).jpg',102),(346,'https://adminbeauty.hvnet.vn/Upload/Files/Avatar-SP-Web(1)(1)-Recovered-Recovered-Recovered-Recovered-Recovered(8).jpg',102),(347,'https://adminbeauty.hvnet.vn/Upload/Files/Avatar-SP-Web(1)(1)-Recovered-Recovered-Recovered-Recovered-Recovered(8).jpg',102),(348,'https://adminbeauty.hvnet.vn/Upload/Files/Avatar-SP-Web(1)(1)-Recovered-Recovered-Recovered-Recovered-Recovered(8).jpg',101),(349,'https://adminbeauty.hvnet.vn/Upload/Files/Avatar-SP-Web(1)(1)-Recovered-Recovered-Recovered-Recovered-Recovered(8).jpg',101),(350,'https://adminbeauty.hvnet.vn/Upload/Files/Avatar-SP-Web(1)(1)-Recovered-Recovered-Recovered-Recovered-Recovered(8).jpg',101),(351,'https://adminbeauty.hvnet.vn/Upload/Files/Avatar-SP-Web(1)(1)-Recovered-Recovered-Recovered-Recovered-Recovered(8).jpg',101),(352,'https://adminbeauty.hvnet.vn/Upload/Files/Avatar-SP-Web(1)(1)-Recovered-Recovered-Recovered-Recovered-Recovered(8).jpg',100),(353,'https://adminbeauty.hvnet.vn/Upload/Files/Avatar-SP-Web(1)(1)-Recovered-Recovered-Recovered-Recovered-Recovered(8).jpg',100),(354,'https://adminbeauty.hvnet.vn/Upload/Files/Avatar-SP-Web(1)(1)-Recovered-Recovered-Recovered-Recovered-Recovered(8).jpg',100),(355,'https://adminbeauty.hvnet.vn/Upload/Files/Avatar-SP-Web(1)(1)-Recovered-Recovered-Recovered-Recovered-Recovered(8).jpg',100),(356,'https://adminbeauty.hvnet.vn/Upload/Files/a6-10102018102301.jpg',107),(357,'https://adminbeauty.hvnet.vn/Upload/Files/a6-10102018102301.jpg',107),(358,'https://adminbeauty.hvnet.vn/Upload/Files/a6-10102018102301.jpg',107),(359,'https://adminbeauty.hvnet.vn/Upload/Files/a6-10102018102301.jpg',107),(360,'https://adminbeauty.hvnet.vn/Upload/Files/a6-10102018102301.jpg',106),(361,'https://adminbeauty.hvnet.vn/Upload/Files/a6-10102018102301.jpg',106),(362,'https://adminbeauty.hvnet.vn/Upload/Files/a6-10102018102301.jpg',106),(363,'https://adminbeauty.hvnet.vn/Upload/Files/a6-10102018102301.jpg',106),(364,'https://adminbeauty.hvnet.vn/Upload/Files/a6-10102018102301.jpg',105),(365,'https://adminbeauty.hvnet.vn/Upload/Files/a6-10102018102301.jpg',105),(366,'https://adminbeauty.hvnet.vn/Upload/Files/a6-10102018102301.jpg',105),(367,'https://adminbeauty.hvnet.vn/Upload/Files/a6-10102018102301.jpg',105),(368,'https://adminbeauty.hvnet.vn/Upload/Files/a6-10102018102301.jpg',104),(369,'https://adminbeauty.hvnet.vn/Upload/Files/a6-10102018102301.jpg',104),(370,'https://adminbeauty.hvnet.vn/Upload/Files/a6-10102018102301.jpg',104),(371,'https://adminbeauty.hvnet.vn/Upload/Files/a6-10102018102301.jpg',104),(372,'https://adminbeauty.hvnet.vn/Upload/Files/ava1(1).jpg',111),(374,'https://adminbeauty.hvnet.vn/Upload/Files/ava1(1).jpg',111),(375,'https://adminbeauty.hvnet.vn/Upload/Files/ava1(1).jpg',111),(376,'https://adminbeauty.hvnet.vn/Upload/Files/ava1(1).jpg',111),(378,'https://adminbeauty.hvnet.vn/Upload/Files/ava1(1).jpg',110),(379,'https://adminbeauty.hvnet.vn/Upload/Files/ava1(1).jpg',110),(380,'https://adminbeauty.hvnet.vn/Upload/Files/ava1(1).jpg',110),(381,'https://adminbeauty.hvnet.vn/Upload/Files/ava1(1).jpg',110),(382,'https://adminbeauty.hvnet.vn/Upload/Files/ava1(1).jpg',109),(383,'https://adminbeauty.hvnet.vn/Upload/Files/ava1(1).jpg',109),(384,'https://adminbeauty.hvnet.vn/Upload/Files/ava1(1).jpg',109),(385,'https://adminbeauty.hvnet.vn/Upload/Files/ava1(1).jpg',109),(386,'https://adminbeauty.hvnet.vn/Upload/Files/ava1(1).jpg',108),(387,'https://adminbeauty.hvnet.vn/Upload/Files/ava1(1).jpg',108),(388,'https://adminbeauty.hvnet.vn/Upload/Files/ava1(1).jpg',108),(389,'https://adminbeauty.hvnet.vn/Upload/Files/ava1(1).jpg',108),(390,'https://adminbeauty.hvnet.vn/Upload/Files/wild-glowing-08012020104121.jpg',115),(391,'https://adminbeauty.hvnet.vn/Upload/Files/wild-glowing-08012020104121.jpg',115),(392,'https://adminbeauty.hvnet.vn/Upload/Files/wild-glowing-08012020104121.jpg',115),(393,'https://adminbeauty.hvnet.vn/Upload/Files/wild-glowing-08012020104121.jpg',115),(394,'https://adminbeauty.hvnet.vn/Upload/Files/wild-glowing-08012020104121.jpg',114),(395,'https://adminbeauty.hvnet.vn/Upload/Files/wild-glowing-08012020104121.jpg',114),(397,'https://adminbeauty.hvnet.vn/Upload/Files/wild-glowing-08012020104121.jpg',114),(399,'https://adminbeauty.hvnet.vn/Upload/Files/wild-glowing-08012020104121.jpg',114),(400,'https://adminbeauty.hvnet.vn/Upload/Files/wild-glowing-08012020104121.jpg',113),(401,'https://adminbeauty.hvnet.vn/Upload/Files/wild-glowing-08012020104121.jpg',113),(402,'https://adminbeauty.hvnet.vn/Upload/Files/wild-glowing-08012020104121.jpg',113),(403,'https://adminbeauty.hvnet.vn/Upload/Files/wild-glowing-08012020104121.jpg',113),(404,'https://adminbeauty.hvnet.vn/Upload/Files/wild-glowing-08012020104121.jpg',112),(405,'https://adminbeauty.hvnet.vn/Upload/Files/wild-glowing-08012020104121.jpg',112),(406,'https://adminbeauty.hvnet.vn/Upload/Files/wild-glowing-08012020104121.jpg',112),(407,'https://adminbeauty.hvnet.vn/Upload/Files/wild-glowing-08012020104121.jpg',112),(408,'https://adminbeauty.hvnet.vn/Upload/Files/a1-12042019102517.jpg',119),(409,'https://adminbeauty.hvnet.vn/Upload/Files/a1-12042019102517.jpg',119),(410,'https://adminbeauty.hvnet.vn/Upload/Files/a1-12042019102517.jpg',119),(411,'https://adminbeauty.hvnet.vn/Upload/Files/a1-12042019102517.jpg',119),(412,'https://adminbeauty.hvnet.vn/Upload/Files/a1-12042019102517.jpg',118),(413,'https://adminbeauty.hvnet.vn/Upload/Files/a1-12042019102517.jpg',118),(414,'https://adminbeauty.hvnet.vn/Upload/Files/a1-12042019102517.jpg',118),(415,'https://adminbeauty.hvnet.vn/Upload/Files/a1-12042019102517.jpg',118),(416,'https://adminbeauty.hvnet.vn/Upload/Files/a1-12042019102517.jpg',117),(418,'https://adminbeauty.hvnet.vn/Upload/Files/a1-12042019102517.jpg',117),(419,'https://adminbeauty.hvnet.vn/Upload/Files/a1-12042019102517.jpg',117),(420,'https://adminbeauty.hvnet.vn/Upload/Files/a1-12042019102517.jpg',117),(421,'https://adminbeauty.hvnet.vn/Upload/Files/a1-12042019102517.jpg',116),(422,'https://adminbeauty.hvnet.vn/Upload/Files/a1-12042019102517.jpg',116),(423,'https://adminbeauty.hvnet.vn/Upload/Files/a1-12042019102517.jpg',116),(424,'https://adminbeauty.hvnet.vn/Upload/Files/a1-12042019102517.jpg',116),(425,'https://adminbeauty.hvnet.vn/Upload/Files/150ml-18092019082956.jpg',123),(426,'https://adminbeauty.hvnet.vn/Upload/Files/150ml-18092019082956.jpg',123),(427,'https://adminbeauty.hvnet.vn/Upload/Files/150ml-18092019082956.jpg',123),(428,'https://adminbeauty.hvnet.vn/Upload/Files/150ml-18092019082956.jpg',123),(429,'https://adminbeauty.hvnet.vn/Upload/Files/150ml-18092019082956.jpg',122),(430,'https://adminbeauty.hvnet.vn/Upload/Files/150ml-18092019082956.jpg',122),(431,'https://adminbeauty.hvnet.vn/Upload/Files/150ml-18092019082956.jpg',122),(432,'https://adminbeauty.hvnet.vn/Upload/Files/150ml-18092019082956.jpg',122),(433,'https://adminbeauty.hvnet.vn/Upload/Files/150ml-18092019082956.jpg',121),(434,'https://adminbeauty.hvnet.vn/Upload/Files/150ml-18092019082956.jpg',121),(435,'https://adminbeauty.hvnet.vn/Upload/Files/150ml-18092019082956.jpg',121),(436,'https://adminbeauty.hvnet.vn/Upload/Files/150ml-18092019082956.jpg',121),(437,'https://adminbeauty.hvnet.vn/Upload/Files/150ml-18092019082956.jpg',120),(438,'https://adminbeauty.hvnet.vn/Upload/Files/150ml-18092019082956.jpg',120),(440,'https://adminbeauty.hvnet.vn/Upload/Files/150ml-18092019082956.jpg',120),(441,'https://adminbeauty.hvnet.vn/Upload/Files/150ml-18092019082956.jpg',120),(442,'https://adminbeauty.hvnet.vn/Upload/Files/primer-catrice-30102019114628.jpg',127),(443,'https://adminbeauty.hvnet.vn/Upload/Files/primer-catrice-30102019114628.jpg',127),(444,'https://adminbeauty.hvnet.vn/Upload/Files/primer-catrice-30102019114628.jpg',127),(445,'https://adminbeauty.hvnet.vn/Upload/Files/primer-catrice-30102019114628.jpg',127),(446,'https://adminbeauty.hvnet.vn/Upload/Files/primer-catrice-30102019114628.jpg',126),(447,'https://adminbeauty.hvnet.vn/Upload/Files/primer-catrice-30102019114628.jpg',126),(448,'https://adminbeauty.hvnet.vn/Upload/Files/primer-catrice-30102019114628.jpg',126),(449,'https://adminbeauty.hvnet.vn/Upload/Files/primer-catrice-30102019114628.jpg',126),(450,'https://adminbeauty.hvnet.vn/Upload/Files/primer-catrice-30102019114628.jpg',125),(451,'https://adminbeauty.hvnet.vn/Upload/Files/primer-catrice-30102019114628.jpg',125),(452,'https://adminbeauty.hvnet.vn/Upload/Files/primer-catrice-30102019114628.jpg',125),(453,'https://adminbeauty.hvnet.vn/Upload/Files/primer-catrice-30102019114628.jpg',125),(454,'https://adminbeauty.hvnet.vn/Upload/Files/primer-catrice-30102019114628.jpg',124),(455,'https://adminbeauty.hvnet.vn/Upload/Files/primer-catrice-30102019114628.jpg',124),(456,'https://adminbeauty.hvnet.vn/Upload/Files/primer-catrice-30102019114628.jpg',124),(457,'https://adminbeauty.hvnet.vn/Upload/Files/primer-catrice-30102019114628.jpg',124),(458,'https://adminbeauty.hvnet.vn/Upload/Files/jonzac-27072019095639.jpg',131),(459,'https://adminbeauty.hvnet.vn/Upload/Files/jonzac-27072019095639.jpg',131),(460,'https://adminbeauty.hvnet.vn/Upload/Files/jonzac-27072019095639.jpg',131),(461,'https://adminbeauty.hvnet.vn/Upload/Files/jonzac-27072019095639.jpg',131),(462,'https://adminbeauty.hvnet.vn/Upload/Files/jonzac-27072019095639.jpg',130),(463,'https://adminbeauty.hvnet.vn/Upload/Files/jonzac-27072019095639.jpg',130),(464,'https://adminbeauty.hvnet.vn/Upload/Files/jonzac-27072019095639.jpg',130),(465,'https://adminbeauty.hvnet.vn/Upload/Files/jonzac-27072019095639.jpg',130),(466,'https://adminbeauty.hvnet.vn/Upload/Files/jonzac-27072019095639.jpg',129),(467,'https://adminbeauty.hvnet.vn/Upload/Files/jonzac-27072019095639.jpg',129),(468,'https://adminbeauty.hvnet.vn/Upload/Files/jonzac-27072019095639.jpg',129),(469,'https://adminbeauty.hvnet.vn/Upload/Files/jonzac-27072019095639.jpg',129),(470,'https://adminbeauty.hvnet.vn/Upload/Files/jonzac-27072019095639.jpg',128),(471,'https://adminbeauty.hvnet.vn/Upload/Files/jonzac-27072019095639.jpg',128),(472,'https://adminbeauty.hvnet.vn/Upload/Files/jonzac-27072019095639.jpg',128),(473,'https://adminbeauty.hvnet.vn/Upload/Files/jonzac-27072019095639.jpg',128),(474,'https://adminbeauty.hvnet.vn/Upload/Files/Ph%E1%BA%A5n-m%E1%BA%AFt-Odbo-Make-Up-Kit-OD1037.jpg',135),(475,'https://adminbeauty.hvnet.vn/Upload/Files/Ph%E1%BA%A5n-m%E1%BA%AFt-Odbo-Make-Up-Kit-OD1037.jpg',135),(476,'https://adminbeauty.hvnet.vn/Upload/Files/Ph%E1%BA%A5n-m%E1%BA%AFt-Odbo-Make-Up-Kit-OD1037.jpg',135),(477,'https://adminbeauty.hvnet.vn/Upload/Files/Ph%E1%BA%A5n-m%E1%BA%AFt-Odbo-Make-Up-Kit-OD1037.jpg',135),(478,'https://adminbeauty.hvnet.vn/Upload/Files/Ph%E1%BA%A5n-m%E1%BA%AFt-Odbo-Make-Up-Kit-OD1037.jpg',134),(479,'https://adminbeauty.hvnet.vn/Upload/Files/Ph%E1%BA%A5n-m%E1%BA%AFt-Odbo-Make-Up-Kit-OD1037.jpg',134),(480,'https://adminbeauty.hvnet.vn/Upload/Files/Ph%E1%BA%A5n-m%E1%BA%AFt-Odbo-Make-Up-Kit-OD1037.jpg',134),(481,'https://adminbeauty.hvnet.vn/Upload/Files/Ph%E1%BA%A5n-m%E1%BA%AFt-Odbo-Make-Up-Kit-OD1037.jpg',134),(482,'https://adminbeauty.hvnet.vn/Upload/Files/Ph%E1%BA%A5n-m%E1%BA%AFt-Odbo-Make-Up-Kit-OD1037.jpg',133),(483,'https://adminbeauty.hvnet.vn/Upload/Files/Ph%E1%BA%A5n-m%E1%BA%AFt-Odbo-Make-Up-Kit-OD1037.jpg',133),(484,'https://adminbeauty.hvnet.vn/Upload/Files/Ph%E1%BA%A5n-m%E1%BA%AFt-Odbo-Make-Up-Kit-OD1037.jpg',133),(485,'https://adminbeauty.hvnet.vn/Upload/Files/Ph%E1%BA%A5n-m%E1%BA%AFt-Odbo-Make-Up-Kit-OD1037.jpg',133),(486,'https://adminbeauty.hvnet.vn/Upload/Files/Ph%E1%BA%A5n-m%E1%BA%AFt-Odbo-Make-Up-Kit-OD1037.jpg',132),(487,'https://adminbeauty.hvnet.vn/Upload/Files/Ph%E1%BA%A5n-m%E1%BA%AFt-Odbo-Make-Up-Kit-OD1037.jpg',132),(488,'https://adminbeauty.hvnet.vn/Upload/Files/Ph%E1%BA%A5n-m%E1%BA%AFt-Odbo-Make-Up-Kit-OD1037.jpg',132),(489,'https://adminbeauty.hvnet.vn/Upload/Files/Ph%E1%BA%A5n-m%E1%BA%AFt-Odbo-Make-Up-Kit-OD1037.jpg',132),(490,'https://adminbeauty.hvnet.vn/Upload/Files/Black-Rouge-Pearlvely-I-Glitter.jpg',139),(491,'https://adminbeauty.hvnet.vn/Upload/Files/Black-Rouge-Pearlvely-I-Glitter.jpg',139),(492,'https://adminbeauty.hvnet.vn/Upload/Files/Black-Rouge-Pearlvely-I-Glitter.jpg',139),(493,'https://adminbeauty.hvnet.vn/Upload/Files/Black-Rouge-Pearlvely-I-Glitter.jpg',139),(494,'https://adminbeauty.hvnet.vn/Upload/Files/Black-Rouge-Pearlvely-I-Glitter.jpg',138),(495,'https://adminbeauty.hvnet.vn/Upload/Files/Black-Rouge-Pearlvely-I-Glitter.jpg',138),(496,'https://adminbeauty.hvnet.vn/Upload/Files/Black-Rouge-Pearlvely-I-Glitter.jpg',138),(497,'https://adminbeauty.hvnet.vn/Upload/Files/Black-Rouge-Pearlvely-I-Glitter.jpg',138),(498,'https://adminbeauty.hvnet.vn/Upload/Files/Black-Rouge-Pearlvely-I-Glitter.jpg',137),(499,'https://adminbeauty.hvnet.vn/Upload/Files/Black-Rouge-Pearlvely-I-Glitter.jpg',137),(500,'https://adminbeauty.hvnet.vn/Upload/Files/Black-Rouge-Pearlvely-I-Glitter.jpg',137),(501,'https://adminbeauty.hvnet.vn/Upload/Files/Black-Rouge-Pearlvely-I-Glitter.jpg',137),(502,'https://adminbeauty.hvnet.vn/Upload/Files/Black-Rouge-Pearlvely-I-Glitter.jpg',136),(503,'https://adminbeauty.hvnet.vn/Upload/Files/Black-Rouge-Pearlvely-I-Glitter.jpg',136),(504,'https://adminbeauty.hvnet.vn/Upload/Files/Black-Rouge-Pearlvely-I-Glitter.jpg',136),(505,'https://adminbeauty.hvnet.vn/Upload/Files/Black-Rouge-Pearlvely-I-Glitter.jpg',136),(506,'https://adminbeauty.hvnet.vn/Upload/Files/ngay-28-28022020092242.jpg',147),(507,'https://adminbeauty.hvnet.vn/Upload/Files/ngay-28-28022020092242.jpg',147),(508,'https://adminbeauty.hvnet.vn/Upload/Files/ngay-28-28022020092242.jpg',147),(509,'https://adminbeauty.hvnet.vn/Upload/Files/ngay-28-28022020092242.jpg',147),(510,'https://adminbeauty.hvnet.vn/Upload/Files/ngay-28-28022020092242.jpg',146),(511,'https://adminbeauty.hvnet.vn/Upload/Files/ngay-28-28022020092242.jpg',146),(512,'https://adminbeauty.hvnet.vn/Upload/Files/ngay-28-28022020092242.jpg',146),(513,'https://adminbeauty.hvnet.vn/Upload/Files/ngay-28-28022020092242.jpg',146),(514,'https://adminbeauty.hvnet.vn/Upload/Files/ngay-28-28022020092242.jpg',145),(515,'https://adminbeauty.hvnet.vn/Upload/Files/ngay-28-28022020092242.jpg',145),(516,'https://adminbeauty.hvnet.vn/Upload/Files/ngay-28-28022020092242.jpg',145),(517,'https://adminbeauty.hvnet.vn/Upload/Files/ngay-28-28022020092242.jpg',145),(518,'https://adminbeauty.hvnet.vn/Upload/Files/ngay-28-28022020092242.jpg',144),(519,'https://adminbeauty.hvnet.vn/Upload/Files/ngay-28-28022020092242.jpg',144),(520,'https://adminbeauty.hvnet.vn/Upload/Files/ngay-28-28022020092242.jpg',144),(521,'https://adminbeauty.hvnet.vn/Upload/Files/ngay-28-28022020092242.jpg',144),(522,'https://adminbeauty.hvnet.vn/Upload/Files/lot-mat-catrice-21102019020656.jpg',151),(523,'https://adminbeauty.hvnet.vn/Upload/Files/lot-mat-catrice-21102019020656.jpg',151),(524,'https://adminbeauty.hvnet.vn/Upload/Files/lot-mat-catrice-21102019020656.jpg',151),(525,'https://adminbeauty.hvnet.vn/Upload/Files/lot-mat-catrice-21102019020656.jpg',151),(526,'https://adminbeauty.hvnet.vn/Upload/Files/lot-mat-catrice-21102019020656.jpg',150),(527,'https://adminbeauty.hvnet.vn/Upload/Files/lot-mat-catrice-21102019020656.jpg',150),(528,'https://adminbeauty.hvnet.vn/Upload/Files/lot-mat-catrice-21102019020656.jpg',150),(529,'https://adminbeauty.hvnet.vn/Upload/Files/lot-mat-catrice-21102019020656.jpg',150),(530,'https://adminbeauty.hvnet.vn/Upload/Files/lot-mat-catrice-21102019020656.jpg',149),(531,'https://adminbeauty.hvnet.vn/Upload/Files/lot-mat-catrice-21102019020656.jpg',149),(533,'https://adminbeauty.hvnet.vn/Upload/Files/lot-mat-catrice-21102019020656.jpg',149),(534,'https://adminbeauty.hvnet.vn/Upload/Files/lot-mat-catrice-21102019020656.jpg',149),(535,'https://adminbeauty.hvnet.vn/Upload/Files/lot-mat-catrice-21102019020656.jpg',148),(536,'https://adminbeauty.hvnet.vn/Upload/Files/lot-mat-catrice-21102019020656.jpg',148),(537,'https://adminbeauty.hvnet.vn/Upload/Files/lot-mat-catrice-21102019020656.jpg',148),(538,'https://adminbeauty.hvnet.vn/Upload/Files/lot-mat-catrice-21102019020656.jpg',148),(539,'https://adminbeauty.hvnet.vn/Upload/Files/kit-make-up-mat-tien-loi-sivanna-beauty-garden-1.jpg',155),(540,'https://adminbeauty.hvnet.vn/Upload/Files/kit-make-up-mat-tien-loi-sivanna-beauty-garden-1.jpg',155),(541,'https://adminbeauty.hvnet.vn/Upload/Files/kit-make-up-mat-tien-loi-sivanna-beauty-garden-1.jpg',155),(542,'https://adminbeauty.hvnet.vn/Upload/Files/kit-make-up-mat-tien-loi-sivanna-beauty-garden-1.jpg',155),(543,'https://adminbeauty.hvnet.vn/Upload/Files/kit-make-up-mat-tien-loi-sivanna-beauty-garden-1.jpg',154),(544,'https://adminbeauty.hvnet.vn/Upload/Files/kit-make-up-mat-tien-loi-sivanna-beauty-garden-1.jpg',154),(545,'https://adminbeauty.hvnet.vn/Upload/Files/kit-make-up-mat-tien-loi-sivanna-beauty-garden-1.jpg',154),(546,'https://adminbeauty.hvnet.vn/Upload/Files/kit-make-up-mat-tien-loi-sivanna-beauty-garden-1.jpg',154),(547,'https://adminbeauty.hvnet.vn/Upload/Files/kit-make-up-mat-tien-loi-sivanna-beauty-garden-1.jpg',153),(548,'https://adminbeauty.hvnet.vn/Upload/Files/kit-make-up-mat-tien-loi-sivanna-beauty-garden-1.jpg',153),(549,'https://adminbeauty.hvnet.vn/Upload/Files/kit-make-up-mat-tien-loi-sivanna-beauty-garden-1.jpg',153),(550,'https://adminbeauty.hvnet.vn/Upload/Files/kit-make-up-mat-tien-loi-sivanna-beauty-garden-1.jpg',153),(551,'https://adminbeauty.hvnet.vn/Upload/Files/kit-make-up-mat-tien-loi-sivanna-beauty-garden-1.jpg',152),(552,'https://adminbeauty.hvnet.vn/Upload/Files/kit-make-up-mat-tien-loi-sivanna-beauty-garden-1.jpg',152),(553,'https://adminbeauty.hvnet.vn/Upload/Files/kit-make-up-mat-tien-loi-sivanna-beauty-garden-1.jpg',152),(554,'https://adminbeauty.hvnet.vn/Upload/Files/kit-make-up-mat-tien-loi-sivanna-beauty-garden-1.jpg',152),(555,'https://adminbeauty.hvnet.vn/Upload/Files/chi-xe-01102019103333.jpg',159),(556,'https://adminbeauty.hvnet.vn/Upload/Files/chi-xe-01102019103333.jpg',159),(557,'https://adminbeauty.hvnet.vn/Upload/Files/chi-xe-01102019103333.jpg',159),(558,'https://adminbeauty.hvnet.vn/Upload/Files/chi-xe-01102019103333.jpg',159),(559,'https://adminbeauty.hvnet.vn/Upload/Files/chi-xe-01102019103333.jpg',158),(560,'https://adminbeauty.hvnet.vn/Upload/Files/chi-xe-01102019103333.jpg',158),(561,'https://adminbeauty.hvnet.vn/Upload/Files/chi-xe-01102019103333.jpg',158),(562,'https://adminbeauty.hvnet.vn/Upload/Files/chi-xe-01102019103333.jpg',158),(563,'https://adminbeauty.hvnet.vn/Upload/Files/chi-xe-01102019103333.jpg',157),(564,'https://adminbeauty.hvnet.vn/Upload/Files/chi-xe-01102019103333.jpg',157),(565,'https://adminbeauty.hvnet.vn/Upload/Files/chi-xe-01102019103333.jpg',157),(566,'https://adminbeauty.hvnet.vn/Upload/Files/chi-xe-01102019103333.jpg',157),(567,'https://adminbeauty.hvnet.vn/Upload/Files/chi-xe-01102019103333.jpg',156),(568,'https://adminbeauty.hvnet.vn/Upload/Files/chi-xe-01102019103333.jpg',156),(569,'https://adminbeauty.hvnet.vn/Upload/Files/chi-xe-01102019103333.jpg',156),(570,'https://adminbeauty.hvnet.vn/Upload/Files/chi-xe-01102019103333.jpg',156),(571,'https://adminbeauty.hvnet.vn/Upload/Files/Black-Rouge-Power-Proof-Pen-Liner.jpg',163),(572,'https://adminbeauty.hvnet.vn/Upload/Files/Black-Rouge-Power-Proof-Pen-Liner.jpg',163),(573,'https://adminbeauty.hvnet.vn/Upload/Files/Black-Rouge-Power-Proof-Pen-Liner.jpg',163),(574,'https://adminbeauty.hvnet.vn/Upload/Files/Black-Rouge-Power-Proof-Pen-Liner.jpg',163),(575,'https://adminbeauty.hvnet.vn/Upload/Files/Black-Rouge-Power-Proof-Pen-Liner.jpg',162),(576,'https://adminbeauty.hvnet.vn/Upload/Files/Black-Rouge-Power-Proof-Pen-Liner.jpg',162),(577,'https://adminbeauty.hvnet.vn/Upload/Files/Black-Rouge-Power-Proof-Pen-Liner.jpg',162),(578,'https://adminbeauty.hvnet.vn/Upload/Files/Black-Rouge-Power-Proof-Pen-Liner.jpg',162),(579,'https://adminbeauty.hvnet.vn/Upload/Files/Black-Rouge-Power-Proof-Pen-Liner.jpg',161),(580,'https://adminbeauty.hvnet.vn/Upload/Files/Black-Rouge-Power-Proof-Pen-Liner.jpg',161),(581,'https://adminbeauty.hvnet.vn/Upload/Files/Black-Rouge-Power-Proof-Pen-Liner.jpg',161),(582,'https://adminbeauty.hvnet.vn/Upload/Files/Black-Rouge-Power-Proof-Pen-Liner.jpg',161),(583,'https://adminbeauty.hvnet.vn/Upload/Files/Black-Rouge-Power-Proof-Pen-Liner.jpg',160),(584,'https://adminbeauty.hvnet.vn/Upload/Files/Black-Rouge-Power-Proof-Pen-Liner.jpg',160),(585,'https://adminbeauty.hvnet.vn/Upload/Files/Black-Rouge-Power-Proof-Pen-Liner.jpg',160),(586,'https://adminbeauty.hvnet.vn/Upload/Files/Black-Rouge-Power-Proof-Pen-Liner.jpg',160),(587,'https://adminbeauty.hvnet.vn/Upload/Files/Maybelline-Cils-Sensational-WaterProof-Fun-Fan-Effect.jpg',167),(588,'https://adminbeauty.hvnet.vn/Upload/Files/Maybelline-Cils-Sensational-WaterProof-Fun-Fan-Effect.jpg',167),(589,'https://adminbeauty.hvnet.vn/Upload/Files/Maybelline-Cils-Sensational-WaterProof-Fun-Fan-Effect.jpg',167),(590,'https://adminbeauty.hvnet.vn/Upload/Files/Maybelline-Cils-Sensational-WaterProof-Fun-Fan-Effect.jpg',167),(591,'https://adminbeauty.hvnet.vn/Upload/Files/Maybelline-Cils-Sensational-WaterProof-Fun-Fan-Effect.jpg',166),(592,'https://adminbeauty.hvnet.vn/Upload/Files/Maybelline-Cils-Sensational-WaterProof-Fun-Fan-Effect.jpg',166),(593,'https://adminbeauty.hvnet.vn/Upload/Files/Maybelline-Cils-Sensational-WaterProof-Fun-Fan-Effect.jpg',166),(594,'https://adminbeauty.hvnet.vn/Upload/Files/Maybelline-Cils-Sensational-WaterProof-Fun-Fan-Effect.jpg',166),(595,'https://adminbeauty.hvnet.vn/Upload/Files/Maybelline-Cils-Sensational-WaterProof-Fun-Fan-Effect.jpg',165),(596,'https://adminbeauty.hvnet.vn/Upload/Files/Maybelline-Cils-Sensational-WaterProof-Fun-Fan-Effect.jpg',165),(597,'https://adminbeauty.hvnet.vn/Upload/Files/Maybelline-Cils-Sensational-WaterProof-Fun-Fan-Effect.jpg',165),(598,'https://adminbeauty.hvnet.vn/Upload/Files/Maybelline-Cils-Sensational-WaterProof-Fun-Fan-Effect.jpg',165),(599,'https://adminbeauty.hvnet.vn/Upload/Files/Maybelline-Cils-Sensational-WaterProof-Fun-Fan-Effect.jpg',164),(600,'https://adminbeauty.hvnet.vn/Upload/Files/Maybelline-Cils-Sensational-WaterProof-Fun-Fan-Effect.jpg',164),(601,'https://adminbeauty.hvnet.vn/Upload/Files/Maybelline-Cils-Sensational-WaterProof-Fun-Fan-Effect.jpg',164),(602,'https://adminbeauty.hvnet.vn/Upload/Files/Maybelline-Cils-Sensational-WaterProof-Fun-Fan-Effect.jpg',164),(603,'https://adminbeauty.hvnet.vn/Upload/Files/fsdgvsfdvsdvsdv.jpg',172),(604,'https://adminbeauty.hvnet.vn/Upload/Files/fsdgvsfdvsdvsdv.jpg',172),(605,'https://adminbeauty.hvnet.vn/Upload/Files/fsdgvsfdvsdvsdv.jpg',172),(606,'https://adminbeauty.hvnet.vn/Upload/Files/fsdgvsfdvsdvsdv.jpg',172),(607,'https://adminbeauty.hvnet.vn/Upload/Files/fsdgvsfdvsdvsdv.jpg',171),(608,'https://adminbeauty.hvnet.vn/Upload/Files/fsdgvsfdvsdvsdv.jpg',171),(609,'https://adminbeauty.hvnet.vn/Upload/Files/fsdgvsfdvsdvsdv.jpg',171),(610,'https://adminbeauty.hvnet.vn/Upload/Files/fsdgvsfdvsdvsdv.jpg',171),(611,'https://adminbeauty.hvnet.vn/Upload/Files/fsdgvsfdvsdvsdv.jpg',170),(612,'https://adminbeauty.hvnet.vn/Upload/Files/fsdgvsfdvsdvsdv.jpg',170),(613,'https://adminbeauty.hvnet.vn/Upload/Files/fsdgvsfdvsdvsdv.jpg',170),(614,'https://adminbeauty.hvnet.vn/Upload/Files/fsdgvsfdvsdvsdv.jpg',170),(615,'https://adminbeauty.hvnet.vn/Upload/Files/fsdgvsfdvsdvsdv.jpg',169),(616,'https://adminbeauty.hvnet.vn/Upload/Files/fsdgvsfdvsdvsdv.jpg',169),(617,'https://adminbeauty.hvnet.vn/Upload/Files/fsdgvsfdvsdvsdv.jpg',169),(618,'https://adminbeauty.hvnet.vn/Upload/Files/fsdgvsfdvsdvsdv.jpg',169),(619,'https://adminbeauty.hvnet.vn/Upload/Files/che-khuyet-diem(1).jpg',176),(620,'https://adminbeauty.hvnet.vn/Upload/Files/che-khuyet-diem(1).jpg',176),(621,'https://adminbeauty.hvnet.vn/Upload/Files/che-khuyet-diem(1).jpg',176),(622,'https://adminbeauty.hvnet.vn/Upload/Files/che-khuyet-diem(1).jpg',176),(623,'https://adminbeauty.hvnet.vn/Upload/Files/che-khuyet-diem(1).jpg',175),(624,'https://adminbeauty.hvnet.vn/Upload/Files/che-khuyet-diem(1).jpg',175),(625,'https://adminbeauty.hvnet.vn/Upload/Files/che-khuyet-diem(1).jpg',175),(626,'https://adminbeauty.hvnet.vn/Upload/Files/che-khuyet-diem(1).jpg',175),(627,'https://adminbeauty.hvnet.vn/Upload/Files/che-khuyet-diem(1).jpg',174),(628,'https://adminbeauty.hvnet.vn/Upload/Files/che-khuyet-diem(1).jpg',174),(629,'https://adminbeauty.hvnet.vn/Upload/Files/che-khuyet-diem(1).jpg',174),(630,'https://adminbeauty.hvnet.vn/Upload/Files/che-khuyet-diem(1).jpg',174),(631,'https://adminbeauty.hvnet.vn/Upload/Files/che-khuyet-diem(1).jpg',173),(632,'https://adminbeauty.hvnet.vn/Upload/Files/che-khuyet-diem(1).jpg',173),(633,'https://adminbeauty.hvnet.vn/Upload/Files/che-khuyet-diem(1).jpg',173),(634,'https://adminbeauty.hvnet.vn/Upload/Files/che-khuyet-diem(1).jpg',173),(635,'https://adminbeauty.hvnet.vn/Upload/Files/che-khuyet-diem-moi-Etude-House-Kissful-Lip-Care-Concealer.jpg',180),(636,'https://adminbeauty.hvnet.vn/Upload/Files/che-khuyet-diem-moi-Etude-House-Kissful-Lip-Care-Concealer.jpg',180),(637,'https://adminbeauty.hvnet.vn/Upload/Files/che-khuyet-diem-moi-Etude-House-Kissful-Lip-Care-Concealer.jpg',180),(638,'https://adminbeauty.hvnet.vn/Upload/Files/che-khuyet-diem-moi-Etude-House-Kissful-Lip-Care-Concealer.jpg',180),(639,'https://adminbeauty.hvnet.vn/Upload/Files/che-khuyet-diem-moi-Etude-House-Kissful-Lip-Care-Concealer.jpg',179),(640,'https://adminbeauty.hvnet.vn/Upload/Files/che-khuyet-diem-moi-Etude-House-Kissful-Lip-Care-Concealer.jpg',179),(641,'https://adminbeauty.hvnet.vn/Upload/Files/che-khuyet-diem-moi-Etude-House-Kissful-Lip-Care-Concealer.jpg',179),(642,'https://adminbeauty.hvnet.vn/Upload/Files/che-khuyet-diem-moi-Etude-House-Kissful-Lip-Care-Concealer.jpg',179),(643,'https://adminbeauty.hvnet.vn/Upload/Files/che-khuyet-diem-moi-Etude-House-Kissful-Lip-Care-Concealer.jpg',178),(644,'https://adminbeauty.hvnet.vn/Upload/Files/che-khuyet-diem-moi-Etude-House-Kissful-Lip-Care-Concealer.jpg',178),(645,'https://adminbeauty.hvnet.vn/Upload/Files/che-khuyet-diem-moi-Etude-House-Kissful-Lip-Care-Concealer.jpg',178),(646,'https://adminbeauty.hvnet.vn/Upload/Files/che-khuyet-diem-moi-Etude-House-Kissful-Lip-Care-Concealer.jpg',178),(647,'https://adminbeauty.hvnet.vn/Upload/Files/che-khuyet-diem-moi-Etude-House-Kissful-Lip-Care-Concealer.jpg',177),(648,'https://adminbeauty.hvnet.vn/Upload/Files/che-khuyet-diem-moi-Etude-House-Kissful-Lip-Care-Concealer.jpg',177),(649,'https://adminbeauty.hvnet.vn/Upload/Files/che-khuyet-diem-moi-Etude-House-Kissful-Lip-Care-Concealer.jpg',177),(650,'https://adminbeauty.hvnet.vn/Upload/Files/che-khuyet-diem-moi-Etude-House-Kissful-Lip-Care-Concealer.jpg',177),(651,'https://adminbeauty.hvnet.vn/Upload/Files/che-khuyet-diem(1).jpg',182),(653,'https://adminbeauty.hvnet.vn/Upload/Files/che-khuyet-diem(1).jpg',182),(654,'https://adminbeauty.hvnet.vn/Upload/Files/che-khuyet-diem(1).jpg',182),(655,'https://adminbeauty.hvnet.vn/Upload/Files/che-khuyet-diem(1).jpg',182),(656,'https://adminbeauty.hvnet.vn/Upload/Files/che-khuyet-diem(1).jpg',181),(657,'https://adminbeauty.hvnet.vn/Upload/Files/che-khuyet-diem(1).jpg',181),(658,'https://adminbeauty.hvnet.vn/Upload/Files/che-khuyet-diem(1).jpg',181),(659,'https://adminbeauty.hvnet.vn/Upload/Files/che-khuyet-diem(1).jpg',181),(660,'https://adminbeauty.hvnet.vn/Upload/Files/Avatar-SP-Web.jpg',186),(661,'https://adminbeauty.hvnet.vn/Upload/Files/Avatar-SP-Web.jpg',186),(662,'https://adminbeauty.hvnet.vn/Upload/Files/Avatar-SP-Web.jpg',186),(663,'https://adminbeauty.hvnet.vn/Upload/Files/Avatar-SP-Web.jpg',186),(665,'https://adminbeauty.hvnet.vn/Upload/Files/Avatar-SP-Web.jpg',185),(667,'https://adminbeauty.hvnet.vn/Upload/Files/Avatar-SP-Web.jpg',185),(668,'https://adminbeauty.hvnet.vn/Upload/Files/Avatar-SP-Web.jpg',185),(669,'https://adminbeauty.hvnet.vn/Upload/Files/Avatar-SP-Web.jpg',185),(670,'https://adminbeauty.hvnet.vn/Upload/Files/Avatar-SP-Web.jpg',184),(671,'https://adminbeauty.hvnet.vn/Upload/Files/Avatar-SP-Web.jpg',184),(672,'https://adminbeauty.hvnet.vn/Upload/Files/Avatar-SP-Web.jpg',184),(673,'https://adminbeauty.hvnet.vn/Upload/Files/Avatar-SP-Web.jpg',184),(674,'https://adminbeauty.hvnet.vn/Upload/Files/Avatar-SP-Web.jpg',183),(675,'https://adminbeauty.hvnet.vn/Upload/Files/Avatar-SP-Web.jpg',183),(676,'https://adminbeauty.hvnet.vn/Upload/Files/Avatar-SP-Web.jpg',183),(677,'https://adminbeauty.hvnet.vn/Upload/Files/Avatar-SP-Web.jpg',183),(678,'https://adminbeauty.hvnet.vn/Upload/Files/Tangle-Glow.jpg',190),(679,'https://adminbeauty.hvnet.vn/Upload/Files/Tangle-Glow.jpg',190),(680,'https://adminbeauty.hvnet.vn/Upload/Files/Tangle-Glow.jpg',190),(681,'https://adminbeauty.hvnet.vn/Upload/Files/Tangle-Glow.jpg',190),(682,'https://adminbeauty.hvnet.vn/Upload/Files/Tangle-Glow.jpg',189),(683,'https://adminbeauty.hvnet.vn/Upload/Files/Tangle-Glow.jpg',189),(685,'https://adminbeauty.hvnet.vn/Upload/Files/Tangle-Glow.jpg',189),(686,'https://adminbeauty.hvnet.vn/Upload/Files/Tangle-Glow.jpg',189),(687,'https://adminbeauty.hvnet.vn/Upload/Files/Tangle-Glow.jpg',188),(688,'https://adminbeauty.hvnet.vn/Upload/Files/Tangle-Glow.jpg',188),(689,'https://adminbeauty.hvnet.vn/Upload/Files/Tangle-Glow.jpg',188),(690,'https://adminbeauty.hvnet.vn/Upload/Files/Tangle-Glow.jpg',188),(691,'https://adminbeauty.hvnet.vn/Upload/Files/Tangle-Glow.jpg',187),(692,'https://adminbeauty.hvnet.vn/Upload/Files/Tangle-Glow.jpg',187),(693,'https://adminbeauty.hvnet.vn/Upload/Files/Tangle-Glow.jpg',187),(694,'https://adminbeauty.hvnet.vn/Upload/Files/Tangle-Glow.jpg',187),(695,'https://adminbeauty.hvnet.vn/Upload/Files/Avatar-SP-Web(1)(1)(9).jpg',194),(696,'https://adminbeauty.hvnet.vn/Upload/Files/Avatar-SP-Web(1)(1)(9).jpg',194),(697,'https://adminbeauty.hvnet.vn/Upload/Files/Avatar-SP-Web(1)(1)(9).jpg',194),(698,'https://adminbeauty.hvnet.vn/Upload/Files/Avatar-SP-Web(1)(1)(9).jpg',194),(699,'https://adminbeauty.hvnet.vn/Upload/Files/Avatar-SP-Web(1)(1)(9).jpg',193),(700,'https://adminbeauty.hvnet.vn/Upload/Files/Avatar-SP-Web(1)(1)(9).jpg',193),(701,'https://adminbeauty.hvnet.vn/Upload/Files/Avatar-SP-Web(1)(1)(9).jpg',193),(702,'https://adminbeauty.hvnet.vn/Upload/Files/Avatar-SP-Web(1)(1)(9).jpg',193),(703,'https://adminbeauty.hvnet.vn/Upload/Files/Avatar-SP-Web(1)(1)(9).jpg',192),(704,'https://adminbeauty.hvnet.vn/Upload/Files/Avatar-SP-Web(1)(1)(9).jpg',192),(705,'https://adminbeauty.hvnet.vn/Upload/Files/Avatar-SP-Web(1)(1)(9).jpg',192),(706,'https://adminbeauty.hvnet.vn/Upload/Files/Avatar-SP-Web(1)(1)(9).jpg',192),(707,'https://adminbeauty.hvnet.vn/Upload/Files/Avatar-SP-Web(1)(1)(9).jpg',191),(708,'https://adminbeauty.hvnet.vn/Upload/Files/Avatar-SP-Web(1)(1)(9).jpg',191),(709,'https://adminbeauty.hvnet.vn/Upload/Files/Avatar-SP-Web(1)(1)(9).jpg',191),(710,'https://adminbeauty.hvnet.vn/Upload/Files/Avatar-SP-Web(1)(1)(9).jpg',191),(712,'https://adminbeauty.hvnet.vn/Upload/Files/a1-11032019113042.jpg',198),(713,'https://adminbeauty.hvnet.vn/Upload/Files/a1-11032019113042.jpg',198),(714,'https://adminbeauty.hvnet.vn/Upload/Files/a1-11032019113042.jpg',198),(715,'https://adminbeauty.hvnet.vn/Upload/Files/a1-11032019113042.jpg',198),(716,'https://adminbeauty.hvnet.vn/Upload/Files/a1-11032019113042.jpg',197),(717,'https://adminbeauty.hvnet.vn/Upload/Files/a1-11032019113042.jpg',197),(718,'https://adminbeauty.hvnet.vn/Upload/Files/a1-11032019113042.jpg',197),(719,'https://adminbeauty.hvnet.vn/Upload/Files/a1-11032019113042.jpg',197),(720,'https://adminbeauty.hvnet.vn/Upload/Files/a1-11032019113042.jpg',196),(721,'https://adminbeauty.hvnet.vn/Upload/Files/a1-11032019113042.jpg',196),(722,'https://adminbeauty.hvnet.vn/Upload/Files/a1-11032019113042.jpg',196),(723,'https://adminbeauty.hvnet.vn/Upload/Files/a1-11032019113042.jpg',196),(724,'https://adminbeauty.hvnet.vn/Upload/Files/a1-11032019113042.jpg',195),(725,'https://adminbeauty.hvnet.vn/Upload/Files/a1-11032019113042.jpg',195),(726,'https://adminbeauty.hvnet.vn/Upload/Files/a1-11032019113042.jpg',195),(727,'https://adminbeauty.hvnet.vn/Upload/Files/a1-11032019113042.jpg',195),(728,'https://adminbeauty.hvnet.vn/Upload/Files/Avatar-SP-Web(1)(1)-Recovered-Recovered-Recovered-Recovered-Recovered(6).jpg',202),(729,'https://adminbeauty.hvnet.vn/Upload/Files/Avatar-SP-Web(1)(1)-Recovered-Recovered-Recovered-Recovered-Recovered(6).jpg',202),(730,'https://adminbeauty.hvnet.vn/Upload/Files/Avatar-SP-Web(1)(1)-Recovered-Recovered-Recovered-Recovered-Recovered(6).jpg',202),(731,'https://adminbeauty.hvnet.vn/Upload/Files/Avatar-SP-Web(1)(1)-Recovered-Recovered-Recovered-Recovered-Recovered(6).jpg',202),(732,'https://adminbeauty.hvnet.vn/Upload/Files/Avatar-SP-Web(1)(1)-Recovered-Recovered-Recovered-Recovered-Recovered(6).jpg',201),(733,'https://adminbeauty.hvnet.vn/Upload/Files/Avatar-SP-Web(1)(1)-Recovered-Recovered-Recovered-Recovered-Recovered(6).jpg',201),(734,'https://adminbeauty.hvnet.vn/Upload/Files/Avatar-SP-Web(1)(1)-Recovered-Recovered-Recovered-Recovered-Recovered(6).jpg',201),(735,'https://adminbeauty.hvnet.vn/Upload/Files/Avatar-SP-Web(1)(1)-Recovered-Recovered-Recovered-Recovered-Recovered(6).jpg',201),(736,'https://adminbeauty.hvnet.vn/Upload/Files/Avatar-SP-Web(1)(1)-Recovered-Recovered-Recovered-Recovered-Recovered(6).jpg',200),(737,'https://adminbeauty.hvnet.vn/Upload/Files/Avatar-SP-Web(1)(1)-Recovered-Recovered-Recovered-Recovered-Recovered(6).jpg',200),(738,'https://adminbeauty.hvnet.vn/Upload/Files/Avatar-SP-Web(1)(1)-Recovered-Recovered-Recovered-Recovered-Recovered(6).jpg',200),(739,'https://adminbeauty.hvnet.vn/Upload/Files/Avatar-SP-Web(1)(1)-Recovered-Recovered-Recovered-Recovered-Recovered(6).jpg',200),(740,'https://adminbeauty.hvnet.vn/Upload/Files/Avatar-SP-Web(1)(1)-Recovered-Recovered-Recovered-Recovered-Recovered(6).jpg',199),(741,'https://adminbeauty.hvnet.vn/Upload/Files/Avatar-SP-Web(1)(1)-Recovered-Recovered-Recovered-Recovered-Recovered(6).jpg',199),(742,'https://adminbeauty.hvnet.vn/Upload/Files/Avatar-SP-Web(1)(1)-Recovered-Recovered-Recovered-Recovered-Recovered(6).jpg',199),(743,'https://adminbeauty.hvnet.vn/Upload/Files/Avatar-SP-Web(1)(1)-Recovered-Recovered-Recovered-Recovered-Recovered(6).jpg',199),(744,'https://adminbeauty.hvnet.vn/Upload/Files/avatar-sp-web11-1-recovered-recovered-recovered-recovered-31032020022655.jpg',206),(745,'https://adminbeauty.hvnet.vn/Upload/Files/avatar-sp-web11-1-recovered-recovered-recovered-recovered-31032020022655.jpg',206),(746,'https://adminbeauty.hvnet.vn/Upload/Files/avatar-sp-web11-1-recovered-recovered-recovered-recovered-31032020022655.jpg',206),(747,'https://adminbeauty.hvnet.vn/Upload/Files/avatar-sp-web11-1-recovered-recovered-recovered-recovered-31032020022655.jpg',206),(748,'https://adminbeauty.hvnet.vn/Upload/Files/avatar-sp-web11-1-recovered-recovered-recovered-recovered-31032020022655.jpg',205),(749,'https://adminbeauty.hvnet.vn/Upload/Files/avatar-sp-web11-1-recovered-recovered-recovered-recovered-31032020022655.jpg',205),(750,'https://adminbeauty.hvnet.vn/Upload/Files/avatar-sp-web11-1-recovered-recovered-recovered-recovered-31032020022655.jpg',205),(751,'https://adminbeauty.hvnet.vn/Upload/Files/avatar-sp-web11-1-recovered-recovered-recovered-recovered-31032020022655.jpg',205),(752,'https://adminbeauty.hvnet.vn/Upload/Files/avatar-sp-web11-1-recovered-recovered-recovered-recovered-31032020022655.jpg',204),(753,'https://adminbeauty.hvnet.vn/Upload/Files/avatar-sp-web11-1-recovered-recovered-recovered-recovered-31032020022655.jpg',204),(754,'https://adminbeauty.hvnet.vn/Upload/Files/avatar-sp-web11-1-recovered-recovered-recovered-recovered-31032020022655.jpg',204),(755,'https://adminbeauty.hvnet.vn/Upload/Files/avatar-sp-web11-1-recovered-recovered-recovered-recovered-31032020022655.jpg',204),(756,'https://adminbeauty.hvnet.vn/Upload/Files/avatar-sp-web11-1-recovered-recovered-recovered-recovered-31032020022655.jpg',203),(757,'https://adminbeauty.hvnet.vn/Upload/Files/avatar-sp-web11-1-recovered-recovered-recovered-recovered-31032020022655.jpg',203),(758,'https://adminbeauty.hvnet.vn/Upload/Files/avatar-sp-web11-1-recovered-recovered-recovered-recovered-31032020022655.jpg',203),(759,'https://adminbeauty.hvnet.vn/Upload/Files/avatar-sp-web11-1-recovered-recovered-recovered-recovered-31032020022655.jpg',203),(760,'https://adminbeauty.hvnet.vn/Upload/Files/cushion-tang-31032020021938.jpg',210),(761,'https://adminbeauty.hvnet.vn/Upload/Files/cushion-tang-31032020021938.jpg',210),(762,'https://adminbeauty.hvnet.vn/Upload/Files/cushion-tang-31032020021938.jpg',210),(763,'https://adminbeauty.hvnet.vn/Upload/Files/cushion-tang-31032020021938.jpg',210),(764,'https://adminbeauty.hvnet.vn/Upload/Files/cushion-tang-31032020021938.jpg',209),(765,'https://adminbeauty.hvnet.vn/Upload/Files/cushion-tang-31032020021938.jpg',209),(766,'https://adminbeauty.hvnet.vn/Upload/Files/cushion-tang-31032020021938.jpg',209),(767,'https://adminbeauty.hvnet.vn/Upload/Files/cushion-tang-31032020021938.jpg',209),(768,'https://adminbeauty.hvnet.vn/Upload/Files/cushion-tang-31032020021938.jpg',207),(769,'https://adminbeauty.hvnet.vn/Upload/Files/cushion-tang-31032020021938.jpg',207),(770,'https://adminbeauty.hvnet.vn/Upload/Files/cushion-tang-31032020021938.jpg',207),(771,'https://adminbeauty.hvnet.vn/Upload/Files/cushion-tang-31032020021938.jpg',207),(772,'https://adminbeauty.hvnet.vn/Upload/Files/cushion-tang-31032020021938.jpg',208),(773,'https://adminbeauty.hvnet.vn/Upload/Files/cushion-tang-31032020021938.jpg',208),(774,'https://adminbeauty.hvnet.vn/Upload/Files/cushion-tang-31032020021938.jpg',208),(775,'https://adminbeauty.hvnet.vn/Upload/Files/cushion-tang-31032020021938.jpg',208),(776,'https://adminbeauty.hvnet.vn/Upload/Files/laneige-mintchoco-29102019101057.jpg',214),(777,'https://adminbeauty.hvnet.vn/Upload/Files/laneige-mintchoco-29102019101057.jpg',214),(778,'https://adminbeauty.hvnet.vn/Upload/Files/laneige-mintchoco-29102019101057.jpg',214),(779,'https://adminbeauty.hvnet.vn/Upload/Files/laneige-mintchoco-29102019101057.jpg',214),(780,'https://adminbeauty.hvnet.vn/Upload/Files/laneige-mintchoco-29102019101057.jpg',213),(781,'https://adminbeauty.hvnet.vn/Upload/Files/laneige-mintchoco-29102019101057.jpg',213),(782,'https://adminbeauty.hvnet.vn/Upload/Files/laneige-mintchoco-29102019101057.jpg',213),(783,'https://adminbeauty.hvnet.vn/Upload/Files/laneige-mintchoco-29102019101057.jpg',213),(784,'https://adminbeauty.hvnet.vn/Upload/Files/laneige-mintchoco-29102019101057.jpg',212),(785,'https://adminbeauty.hvnet.vn/Upload/Files/laneige-mintchoco-29102019101057.jpg',212),(786,'https://adminbeauty.hvnet.vn/Upload/Files/laneige-mintchoco-29102019101057.jpg',212),(787,'https://adminbeauty.hvnet.vn/Upload/Files/laneige-mintchoco-29102019101057.jpg',212),(788,'https://adminbeauty.hvnet.vn/Upload/Files/laneige-mintchoco-29102019101057.jpg',211),(789,'https://adminbeauty.hvnet.vn/Upload/Files/laneige-mintchoco-29102019101057.jpg',211),(790,'https://adminbeauty.hvnet.vn/Upload/Files/laneige-mintchoco-29102019101057.jpg',211),(791,'https://adminbeauty.hvnet.vn/Upload/Files/laneige-mintchoco-29102019101057.jpg',211),(792,'https://adminbeauty.hvnet.vn/Upload/Files/laneige-ngu-set-1-07112019085638.png',218),(793,'https://adminbeauty.hvnet.vn/Upload/Files/laneige-ngu-set-1-07112019085638.png',218),(794,'https://adminbeauty.hvnet.vn/Upload/Files/laneige-ngu-set-1-07112019085638.png',218),(795,'https://adminbeauty.hvnet.vn/Upload/Files/laneige-ngu-set-1-07112019085638.png',218),(796,'https://adminbeauty.hvnet.vn/Upload/Files/laneige-ngu-set-1-07112019085638.png',217),(797,'https://adminbeauty.hvnet.vn/Upload/Files/laneige-ngu-set-1-07112019085638.png',217),(798,'https://adminbeauty.hvnet.vn/Upload/Files/laneige-ngu-set-1-07112019085638.png',217),(799,'https://adminbeauty.hvnet.vn/Upload/Files/laneige-ngu-set-1-07112019085638.png',217),(800,'https://adminbeauty.hvnet.vn/Upload/Files/laneige-ngu-set-1-07112019085638.png',216),(801,'https://adminbeauty.hvnet.vn/Upload/Files/laneige-ngu-set-1-07112019085638.png',216),(802,'https://adminbeauty.hvnet.vn/Upload/Files/laneige-ngu-set-1-07112019085638.png',216),(803,'https://adminbeauty.hvnet.vn/Upload/Files/laneige-ngu-set-1-07112019085638.png',216),(804,'https://adminbeauty.hvnet.vn/Upload/Files/laneige-ngu-set-1-07112019085638.png',215),(805,'https://adminbeauty.hvnet.vn/Upload/Files/laneige-ngu-set-1-07112019085638.png',215),(806,'https://adminbeauty.hvnet.vn/Upload/Files/laneige-ngu-set-1-07112019085638.png',215),(807,'https://adminbeauty.hvnet.vn/Upload/Files/laneige-ngu-set-1-07112019085638.png',215),(808,'https://adminbeauty.hvnet.vn/Upload/Files/avatar-sp-web11-1-recovered-recovered-recovered-recovered-recovered-recovered-recovered-recovered-recovered-recovered-06032020102047.jpg',222),(809,'https://adminbeauty.hvnet.vn/Upload/Files/avatar-sp-web11-1-recovered-recovered-recovered-recovered-recovered-recovered-recovered-recovered-recovered-recovered-06032020102047.jpg',222),(810,'https://adminbeauty.hvnet.vn/Upload/Files/avatar-sp-web11-1-recovered-recovered-recovered-recovered-recovered-recovered-recovered-recovered-recovered-recovered-06032020102047.jpg',222),(811,'https://adminbeauty.hvnet.vn/Upload/Files/avatar-sp-web11-1-recovered-recovered-recovered-recovered-recovered-recovered-recovered-recovered-recovered-recovered-06032020102047.jpg',222),(812,'https://adminbeauty.hvnet.vn/Upload/Files/avatar-sp-web11-1-recovered-recovered-recovered-recovered-recovered-recovered-recovered-recovered-recovered-recovered-06032020102047.jpg',221),(813,'https://adminbeauty.hvnet.vn/Upload/Files/avatar-sp-web11-1-recovered-recovered-recovered-recovered-recovered-recovered-recovered-recovered-recovered-recovered-06032020102047.jpg',221),(814,'https://adminbeauty.hvnet.vn/Upload/Files/avatar-sp-web11-1-recovered-recovered-recovered-recovered-recovered-recovered-recovered-recovered-recovered-recovered-06032020102047.jpg',221),(815,'https://adminbeauty.hvnet.vn/Upload/Files/avatar-sp-web11-1-recovered-recovered-recovered-recovered-recovered-recovered-recovered-recovered-recovered-recovered-06032020102047.jpg',221),(816,'https://adminbeauty.hvnet.vn/Upload/Files/avatar-sp-web11-1-recovered-recovered-recovered-recovered-recovered-recovered-recovered-recovered-recovered-recovered-06032020102047.jpg',220),(817,'https://adminbeauty.hvnet.vn/Upload/Files/avatar-sp-web11-1-recovered-recovered-recovered-recovered-recovered-recovered-recovered-recovered-recovered-recovered-06032020102047.jpg',220),(818,'https://adminbeauty.hvnet.vn/Upload/Files/avatar-sp-web11-1-recovered-recovered-recovered-recovered-recovered-recovered-recovered-recovered-recovered-recovered-06032020102047.jpg',220),(819,'https://adminbeauty.hvnet.vn/Upload/Files/avatar-sp-web11-1-recovered-recovered-recovered-recovered-recovered-recovered-recovered-recovered-recovered-recovered-06032020102047.jpg',220),(820,'https://adminbeauty.hvnet.vn/Upload/Files/avatar-sp-web11-1-recovered-recovered-recovered-recovered-recovered-recovered-recovered-recovered-recovered-recovered-06032020102047.jpg',219),(821,'https://adminbeauty.hvnet.vn/Upload/Files/avatar-sp-web11-1-recovered-recovered-recovered-recovered-recovered-recovered-recovered-recovered-recovered-recovered-06032020102047.jpg',219),(823,'https://adminbeauty.hvnet.vn/Upload/Files/avatar-sp-web11-1-recovered-recovered-recovered-recovered-recovered-recovered-recovered-recovered-recovered-recovered-06032020102047.jpg',219),(824,'https://adminbeauty.hvnet.vn/Upload/Files/avatar-sp-web11-1-recovered-recovered-recovered-recovered-recovered-recovered-recovered-recovered-recovered-recovered-06032020102047.jpg',219),(825,'https://adminbeauty.hvnet.vn/Upload/Files/shu-vuong3-22112019092724.jpg',223),(826,'https://adminbeauty.hvnet.vn/Upload/Files/shu-vuong3-22112019092724.jpg',223),(827,'https://adminbeauty.hvnet.vn/Upload/Files/shu-vuong3-22112019092724.jpg',223),(828,'https://adminbeauty.hvnet.vn/Upload/Files/shu-vuong3-22112019092724.jpg',223),(829,'https://adminbeauty.hvnet.vn/Upload/Files/shu-vuong3-22112019092724.jpg',227),(830,'https://adminbeauty.hvnet.vn/Upload/Files/shu-vuong3-22112019092724.jpg',227),(831,'https://adminbeauty.hvnet.vn/Upload/Files/shu-vuong3-22112019092724.jpg',227),(832,'https://adminbeauty.hvnet.vn/Upload/Files/shu-vuong3-22112019092724.jpg',227),(833,'https://adminbeauty.hvnet.vn/Upload/Files/shu-vuong3-22112019092724.jpg',226),(834,'https://adminbeauty.hvnet.vn/Upload/Files/shu-vuong3-22112019092724.jpg',226),(835,'https://adminbeauty.hvnet.vn/Upload/Files/shu-vuong3-22112019092724.jpg',226),(836,'https://adminbeauty.hvnet.vn/Upload/Files/shu-vuong3-22112019092724.jpg',226),(837,'https://adminbeauty.hvnet.vn/Upload/Files/shu-vuong3-22112019092724.jpg',225),(838,'https://adminbeauty.hvnet.vn/Upload/Files/shu-vuong3-22112019092724.jpg',225),(839,'https://adminbeauty.hvnet.vn/Upload/Files/shu-vuong3-22112019092724.jpg',225),(840,'https://adminbeauty.hvnet.vn/Upload/Files/shu-vuong3-22112019092724.jpg',225),(841,'https://adminbeauty.hvnet.vn/Upload/Files/avatar-sp-web11-1-recovered-recovered-recovered-13032020044054.jpg',231),(842,'https://adminbeauty.hvnet.vn/Upload/Files/avatar-sp-web11-1-recovered-recovered-recovered-13032020044054.jpg',231),(843,'https://adminbeauty.hvnet.vn/Upload/Files/avatar-sp-web11-1-recovered-recovered-recovered-13032020044054.jpg',231),(844,'https://adminbeauty.hvnet.vn/Upload/Files/avatar-sp-web11-1-recovered-recovered-recovered-13032020044054.jpg',231),(845,'https://adminbeauty.hvnet.vn/Upload/Files/avatar-sp-web11-1-recovered-recovered-recovered-13032020044054.jpg',230),(846,'https://adminbeauty.hvnet.vn/Upload/Files/avatar-sp-web11-1-recovered-recovered-recovered-13032020044054.jpg',230),(847,'https://adminbeauty.hvnet.vn/Upload/Files/avatar-sp-web11-1-recovered-recovered-recovered-13032020044054.jpg',230),(848,'https://adminbeauty.hvnet.vn/Upload/Files/avatar-sp-web11-1-recovered-recovered-recovered-13032020044054.jpg',230),(849,'https://adminbeauty.hvnet.vn/Upload/Files/avatar-sp-web11-1-recovered-recovered-recovered-13032020044054.jpg',229),(850,'https://adminbeauty.hvnet.vn/Upload/Files/avatar-sp-web11-1-recovered-recovered-recovered-13032020044054.jpg',229),(851,'https://adminbeauty.hvnet.vn/Upload/Files/avatar-sp-web11-1-recovered-recovered-recovered-13032020044054.jpg',229),(852,'https://adminbeauty.hvnet.vn/Upload/Files/avatar-sp-web11-1-recovered-recovered-recovered-13032020044054.jpg',229),(853,'https://adminbeauty.hvnet.vn/Upload/Files/avatar-sp-web11-1-recovered-recovered-recovered-13032020044054.jpg',228),(854,'https://adminbeauty.hvnet.vn/Upload/Files/avatar-sp-web11-1-recovered-recovered-recovered-13032020044054.jpg',228),(855,'https://adminbeauty.hvnet.vn/Upload/Files/avatar-sp-web11-1-recovered-recovered-recovered-13032020044054.jpg',228),(856,'https://adminbeauty.hvnet.vn/Upload/Files/avatar-sp-web11-1-recovered-recovered-recovered-13032020044054.jpg',228),(857,'https://adminbeauty.hvnet.vn/Upload/Files/a1-10012019104036.jpg',235),(858,'https://adminbeauty.hvnet.vn/Upload/Files/a1-10012019104036.jpg',235),(859,'https://adminbeauty.hvnet.vn/Upload/Files/a1-10012019104036.jpg',235),(860,'https://adminbeauty.hvnet.vn/Upload/Files/a1-10012019104036.jpg',235),(861,'https://adminbeauty.hvnet.vn/Upload/Files/a1-10012019104036.jpg',234),(862,'https://adminbeauty.hvnet.vn/Upload/Files/a1-10012019104036.jpg',234),(863,'https://adminbeauty.hvnet.vn/Upload/Files/a1-10012019104036.jpg',234),(864,'https://adminbeauty.hvnet.vn/Upload/Files/a1-10012019104036.jpg',234),(865,'https://adminbeauty.hvnet.vn/Upload/Files/a1-10012019104036.jpg',233),(866,'https://adminbeauty.hvnet.vn/Upload/Files/a1-10012019104036.jpg',233),(867,'https://adminbeauty.hvnet.vn/Upload/Files/a1-10012019104036.jpg',233),(868,'https://adminbeauty.hvnet.vn/Upload/Files/a1-10012019104036.jpg',233),(869,'https://adminbeauty.hvnet.vn/Upload/Files/a1-10012019104036.jpg',232),(870,'https://adminbeauty.hvnet.vn/Upload/Files/a1-10012019104036.jpg',232),(871,'https://adminbeauty.hvnet.vn/Upload/Files/a1-10012019104036.jpg',232),(872,'https://adminbeauty.hvnet.vn/Upload/Files/a1-10012019104036.jpg',232),(873,'https://adminbeauty.hvnet.vn/Upload/Files/avatar-sp-web11-1-recovered-recovered-recovered-recovered-recovered-recovered-14082019021538.jpg',239),(874,'https://adminbeauty.hvnet.vn/Upload/Files/avatar-sp-web11-1-recovered-recovered-recovered-recovered-recovered-recovered-14082019021538.jpg',239),(875,'https://adminbeauty.hvnet.vn/Upload/Files/avatar-sp-web11-1-recovered-recovered-recovered-recovered-recovered-recovered-14082019021538.jpg',239),(876,'https://adminbeauty.hvnet.vn/Upload/Files/avatar-sp-web11-1-recovered-recovered-recovered-recovered-recovered-recovered-14082019021538.jpg',239),(877,'https://adminbeauty.hvnet.vn/Upload/Files/avatar-sp-web11-1-recovered-recovered-recovered-recovered-recovered-recovered-14082019021538.jpg',238),(878,'https://adminbeauty.hvnet.vn/Upload/Files/avatar-sp-web11-1-recovered-recovered-recovered-recovered-recovered-recovered-14082019021538.jpg',238),(879,'https://adminbeauty.hvnet.vn/Upload/Files/avatar-sp-web11-1-recovered-recovered-recovered-recovered-recovered-recovered-14082019021538.jpg',238),(880,'https://adminbeauty.hvnet.vn/Upload/Files/avatar-sp-web11-1-recovered-recovered-recovered-recovered-recovered-recovered-14082019021538.jpg',238),(881,'https://adminbeauty.hvnet.vn/Upload/Files/avatar-sp-web11-1-recovered-recovered-recovered-recovered-recovered-recovered-14082019021538.jpg',237),(882,'https://adminbeauty.hvnet.vn/Upload/Files/avatar-sp-web11-1-recovered-recovered-recovered-recovered-recovered-recovered-14082019021538.jpg',237),(883,'https://adminbeauty.hvnet.vn/Upload/Files/avatar-sp-web11-1-recovered-recovered-recovered-recovered-recovered-recovered-14082019021538.jpg',237),(884,'https://adminbeauty.hvnet.vn/Upload/Files/avatar-sp-web11-1-recovered-recovered-recovered-recovered-recovered-recovered-14082019021538.jpg',237),(885,'https://adminbeauty.hvnet.vn/Upload/Files/avatar-sp-web11-1-recovered-recovered-recovered-recovered-recovered-recovered-14082019021538.jpg',236),(886,'https://adminbeauty.hvnet.vn/Upload/Files/avatar-sp-web11-1-recovered-recovered-recovered-recovered-recovered-recovered-14082019021538.jpg',236),(887,'https://adminbeauty.hvnet.vn/Upload/Files/avatar-sp-web11-1-recovered-recovered-recovered-recovered-recovered-recovered-14082019021538.jpg',236),(888,'https://adminbeauty.hvnet.vn/Upload/Files/avatar-sp-web11-1-recovered-recovered-recovered-recovered-recovered-recovered-14082019021538.jpg',236),(890,'https://adminbeauty.hvnet.vn/Upload/Files/m%E1%BA%B7t-n%E1%BA%A1-%C4%91%E1%BA%A5t-s%C3%A9t-Rep.jpg',243),(891,'https://adminbeauty.hvnet.vn/Upload/Files/m%E1%BA%B7t-n%E1%BA%A1-%C4%91%E1%BA%A5t-s%C3%A9t-Rep.jpg',243),(892,'https://adminbeauty.hvnet.vn/Upload/Files/m%E1%BA%B7t-n%E1%BA%A1-%C4%91%E1%BA%A5t-s%C3%A9t-Rep.jpg',243),(893,'https://adminbeauty.hvnet.vn/Upload/Files/m%E1%BA%B7t-n%E1%BA%A1-%C4%91%E1%BA%A5t-s%C3%A9t-Rep.jpg',243),(894,'https://adminbeauty.hvnet.vn/Upload/Files/m%E1%BA%B7t-n%E1%BA%A1-%C4%91%E1%BA%A5t-s%C3%A9t-Rep.jpg',242),(895,'https://adminbeauty.hvnet.vn/Upload/Files/m%E1%BA%B7t-n%E1%BA%A1-%C4%91%E1%BA%A5t-s%C3%A9t-Rep.jpg',242),(896,'https://adminbeauty.hvnet.vn/Upload/Files/m%E1%BA%B7t-n%E1%BA%A1-%C4%91%E1%BA%A5t-s%C3%A9t-Rep.jpg',242),(897,'https://adminbeauty.hvnet.vn/Upload/Files/m%E1%BA%B7t-n%E1%BA%A1-%C4%91%E1%BA%A5t-s%C3%A9t-Rep.jpg',242),(899,'https://adminbeauty.hvnet.vn/Upload/Files/m%E1%BA%B7t-n%E1%BA%A1-%C4%91%E1%BA%A5t-s%C3%A9t-Rep.jpg',241),(900,'https://adminbeauty.hvnet.vn/Upload/Files/m%E1%BA%B7t-n%E1%BA%A1-%C4%91%E1%BA%A5t-s%C3%A9t-Rep.jpg',241),(901,'https://adminbeauty.hvnet.vn/Upload/Files/m%E1%BA%B7t-n%E1%BA%A1-%C4%91%E1%BA%A5t-s%C3%A9t-Rep.jpg',241),(902,'https://adminbeauty.hvnet.vn/Upload/Files/m%E1%BA%B7t-n%E1%BA%A1-%C4%91%E1%BA%A5t-s%C3%A9t-Rep.jpg',241),(903,'https://adminbeauty.hvnet.vn/Upload/Files/m%E1%BA%B7t-n%E1%BA%A1-%C4%91%E1%BA%A5t-s%C3%A9t-Rep.jpg',240),(904,'https://adminbeauty.hvnet.vn/Upload/Files/m%E1%BA%B7t-n%E1%BA%A1-%C4%91%E1%BA%A5t-s%C3%A9t-Rep.jpg',240),(905,'https://adminbeauty.hvnet.vn/Upload/Files/m%E1%BA%B7t-n%E1%BA%A1-%C4%91%E1%BA%A5t-s%C3%A9t-Rep.jpg',240),(906,'https://adminbeauty.hvnet.vn/Upload/Files/m%E1%BA%B7t-n%E1%BA%A1-%C4%91%E1%BA%A5t-s%C3%A9t-Rep.jpg',240),(907,'https://adminbeauty.hvnet.vn/Upload/Files/ava4(2).jpg',247),(908,'https://adminbeauty.hvnet.vn/Upload/Files/ava4(2).jpg',247),(909,'https://adminbeauty.hvnet.vn/Upload/Files/ava4(2).jpg',247),(910,'https://adminbeauty.hvnet.vn/Upload/Files/ava4(2).jpg',247),(911,'https://adminbeauty.hvnet.vn/Upload/Files/ava4(2).jpg',246),(912,'https://adminbeauty.hvnet.vn/Upload/Files/ava4(2).jpg',246),(913,'https://adminbeauty.hvnet.vn/Upload/Files/ava4(2).jpg',246),(914,'https://adminbeauty.hvnet.vn/Upload/Files/ava4(2).jpg',246),(915,'https://adminbeauty.hvnet.vn/Upload/Files/ava4(2).jpg',245),(916,'https://adminbeauty.hvnet.vn/Upload/Files/ava4(2).jpg',245),(917,'https://adminbeauty.hvnet.vn/Upload/Files/ava4(2).jpg',245),(918,'https://adminbeauty.hvnet.vn/Upload/Files/ava4(2).jpg',245),(919,'https://adminbeauty.hvnet.vn/Upload/Files/ava4(2).jpg',244),(920,'https://adminbeauty.hvnet.vn/Upload/Files/ava4(2).jpg',244),(921,'https://adminbeauty.hvnet.vn/Upload/Files/ava4(2).jpg',244),(922,'https://adminbeauty.hvnet.vn/Upload/Files/ava4(2).jpg',244),(923,'https://adminbeauty.hvnet.vn/Upload/Files/123456780-22052020030607.jpg',251),(924,'https://adminbeauty.hvnet.vn/Upload/Files/123456780-22052020030607.jpg',251),(925,'https://adminbeauty.hvnet.vn/Upload/Files/123456780-22052020030607.jpg',251),(926,'https://adminbeauty.hvnet.vn/Upload/Files/123456780-22052020030607.jpg',251),(927,'https://adminbeauty.hvnet.vn/Upload/Files/123456780-22052020030607.jpg',250),(928,'https://adminbeauty.hvnet.vn/Upload/Files/123456780-22052020030607.jpg',250),(929,'https://adminbeauty.hvnet.vn/Upload/Files/123456780-22052020030607.jpg',250),(930,'https://adminbeauty.hvnet.vn/Upload/Files/123456780-22052020030607.jpg',250),(931,'https://adminbeauty.hvnet.vn/Upload/Files/123456780-22052020030607.jpg',249),(932,'https://adminbeauty.hvnet.vn/Upload/Files/123456780-22052020030607.jpg',249),(933,'https://adminbeauty.hvnet.vn/Upload/Files/123456780-22052020030607.jpg',249),(934,'https://adminbeauty.hvnet.vn/Upload/Files/123456780-22052020030607.jpg',249),(935,'https://adminbeauty.hvnet.vn/Upload/Files/123456780-22052020030607.jpg',248),(936,'https://adminbeauty.hvnet.vn/Upload/Files/123456780-22052020030607.jpg',248),(937,'https://adminbeauty.hvnet.vn/Upload/Files/123456780-22052020030607.jpg',248),(938,'https://adminbeauty.hvnet.vn/Upload/Files/123456780-22052020030607.jpg',248),(939,'https://adminbeauty.hvnet.vn/Upload/Files/Cocoon-Winter-Melon-Face-Mask.jpg',255),(940,'https://adminbeauty.hvnet.vn/Upload/Files/Cocoon-Winter-Melon-Face-Mask.jpg',255),(941,'https://adminbeauty.hvnet.vn/Upload/Files/Cocoon-Winter-Melon-Face-Mask.jpg',255),(942,'https://adminbeauty.hvnet.vn/Upload/Files/Cocoon-Winter-Melon-Face-Mask.jpg',255),(943,'https://adminbeauty.hvnet.vn/Upload/Files/Cocoon-Winter-Melon-Face-Mask.jpg',254),(944,'https://adminbeauty.hvnet.vn/Upload/Files/Cocoon-Winter-Melon-Face-Mask.jpg',254),(945,'https://adminbeauty.hvnet.vn/Upload/Files/Cocoon-Winter-Melon-Face-Mask.jpg',254),(946,'https://adminbeauty.hvnet.vn/Upload/Files/Cocoon-Winter-Melon-Face-Mask.jpg',254),(947,'https://adminbeauty.hvnet.vn/Upload/Files/Cocoon-Winter-Melon-Face-Mask.jpg',253),(948,'https://adminbeauty.hvnet.vn/Upload/Files/Cocoon-Winter-Melon-Face-Mask.jpg',253),(950,'https://adminbeauty.hvnet.vn/Upload/Files/Cocoon-Winter-Melon-Face-Mask.jpg',253),(951,'https://adminbeauty.hvnet.vn/Upload/Files/Cocoon-Winter-Melon-Face-Mask.jpg',253),(952,'https://adminbeauty.hvnet.vn/Upload/Files/Cocoon-Winter-Melon-Face-Mask.jpg',252),(953,'https://adminbeauty.hvnet.vn/Upload/Files/Cocoon-Winter-Melon-Face-Mask.jpg',252),(954,'https://adminbeauty.hvnet.vn/Upload/Files/Cocoon-Winter-Melon-Face-Mask.jpg',252),(955,'https://adminbeauty.hvnet.vn/Upload/Files/Cocoon-Winter-Melon-Face-Mask.jpg',252),(956,'https://adminbeauty.hvnet.vn/Upload/Files/a1-06042019102002.jpg',258),(957,'https://adminbeauty.hvnet.vn/Upload/Files/a1-06042019102002.jpg',258),(958,'https://adminbeauty.hvnet.vn/Upload/Files/a1-06042019102002.jpg',258),(959,'https://adminbeauty.hvnet.vn/Upload/Files/a1-06042019102002.jpg',258),(960,'https://adminbeauty.hvnet.vn/Upload/Files/a1-06042019102002.jpg',257),(961,'https://adminbeauty.hvnet.vn/Upload/Files/a1-06042019102002.jpg',257),(962,'https://adminbeauty.hvnet.vn/Upload/Files/a1-06042019102002.jpg',257),(963,'https://adminbeauty.hvnet.vn/Upload/Files/a1-06042019102002.jpg',257),(964,'https://adminbeauty.hvnet.vn/Upload/Files/a1-06042019102002.jpg',256),(965,'https://adminbeauty.hvnet.vn/Upload/Files/a1-06042019102002.jpg',256),(966,'https://adminbeauty.hvnet.vn/Upload/Files/a1-06042019102002.jpg',256),(967,'https://adminbeauty.hvnet.vn/Upload/Files/a1-06042019102002.jpg',256),(968,'https://adminbeauty.hvnet.vn/Upload/Files/ava-fb.jpg',262),(969,'https://adminbeauty.hvnet.vn/Upload/Files/ava-fb.jpg',262),(970,'https://adminbeauty.hvnet.vn/Upload/Files/ava-fb.jpg',262),(971,'https://adminbeauty.hvnet.vn/Upload/Files/ava-fb.jpg',262),(972,'https://adminbeauty.hvnet.vn/Upload/Files/ava-fb.jpg',261),(973,'https://adminbeauty.hvnet.vn/Upload/Files/ava-fb.jpg',261),(974,'https://adminbeauty.hvnet.vn/Upload/Files/ava-fb.jpg',261),(975,'https://adminbeauty.hvnet.vn/Upload/Files/ava-fb.jpg',261),(976,'https://adminbeauty.hvnet.vn/Upload/Files/ava-fb.jpg',260),(977,'https://adminbeauty.hvnet.vn/Upload/Files/ava-fb.jpg',260),(978,'https://adminbeauty.hvnet.vn/Upload/Files/ava-fb.jpg',260),(979,'https://adminbeauty.hvnet.vn/Upload/Files/ava-fb.jpg',260),(980,'https://adminbeauty.hvnet.vn/Upload/Files/ava-fb.jpg',259),(981,'https://adminbeauty.hvnet.vn/Upload/Files/ava-fb.jpg',259),(982,'https://adminbeauty.hvnet.vn/Upload/Files/ava-fb.jpg',259),(983,'https://adminbeauty.hvnet.vn/Upload/Files/ava-fb.jpg',259),(984,'https://adminbeauty.hvnet.vn/Upload/Files/Mask-ng%E1%BB%A7-25ml.jpg',266),(985,'https://adminbeauty.hvnet.vn/Upload/Files/Mask-ng%E1%BB%A7-25ml.jpg',266),(986,'https://adminbeauty.hvnet.vn/Upload/Files/Mask-ng%E1%BB%A7-25ml.jpg',266),(987,'https://adminbeauty.hvnet.vn/Upload/Files/Mask-ng%E1%BB%A7-25ml.jpg',266),(988,'https://adminbeauty.hvnet.vn/Upload/Files/Mask-ng%E1%BB%A7-25ml.jpg',265),(989,'https://adminbeauty.hvnet.vn/Upload/Files/Mask-ng%E1%BB%A7-25ml.jpg',265),(990,'https://adminbeauty.hvnet.vn/Upload/Files/Mask-ng%E1%BB%A7-25ml.jpg',265),(991,'https://adminbeauty.hvnet.vn/Upload/Files/Mask-ng%E1%BB%A7-25ml.jpg',265),(992,'https://adminbeauty.hvnet.vn/Upload/Files/Mask-ng%E1%BB%A7-25ml.jpg',264),(993,'https://adminbeauty.hvnet.vn/Upload/Files/Mask-ng%E1%BB%A7-25ml.jpg',264),(994,'https://adminbeauty.hvnet.vn/Upload/Files/Mask-ng%E1%BB%A7-25ml.jpg',264),(995,'https://adminbeauty.hvnet.vn/Upload/Files/Mask-ng%E1%BB%A7-25ml.jpg',264),(996,'https://adminbeauty.hvnet.vn/Upload/Files/Mask-ng%E1%BB%A7-25ml.jpg',263),(997,'https://adminbeauty.hvnet.vn/Upload/Files/Mask-ng%E1%BB%A7-25ml.jpg',263),(998,'https://adminbeauty.hvnet.vn/Upload/Files/Mask-ng%E1%BB%A7-25ml.jpg',263),(999,'https://adminbeauty.hvnet.vn/Upload/Files/Mask-ng%E1%BB%A7-25ml.jpg',263),(1000,'https://adminbeauty.hvnet.vn/Upload/Files/ava4(2).jpg',270),(1001,'https://adminbeauty.hvnet.vn/Upload/Files/ava4(2).jpg',270),(1002,'https://adminbeauty.hvnet.vn/Upload/Files/ava4(2).jpg',270),(1004,'https://adminbeauty.hvnet.vn/Upload/Files/ava4(2).jpg',270),(1005,'https://adminbeauty.hvnet.vn/Upload/Files/ava4(2).jpg',269),(1006,'https://adminbeauty.hvnet.vn/Upload/Files/ava4(2).jpg',269),(1007,'https://adminbeauty.hvnet.vn/Upload/Files/ava4(2).jpg',269),(1008,'https://adminbeauty.hvnet.vn/Upload/Files/ava4(2).jpg',269),(1009,'https://adminbeauty.hvnet.vn/Upload/Files/ava4(2).jpg',268),(1010,'https://adminbeauty.hvnet.vn/Upload/Files/ava4(2).jpg',268),(1011,'https://adminbeauty.hvnet.vn/Upload/Files/ava4(2).jpg',268),(1012,'https://adminbeauty.hvnet.vn/Upload/Files/ava4(2).jpg',268),(1013,'https://adminbeauty.hvnet.vn/Upload/Files/ava4(2).jpg',267),(1014,'https://adminbeauty.hvnet.vn/Upload/Files/ava4(2).jpg',267),(1015,'https://adminbeauty.hvnet.vn/Upload/Files/ava4(2).jpg',267),(1016,'https://adminbeauty.hvnet.vn/Upload/Files/ava4(2).jpg',267),(1017,'https://adminbeauty.hvnet.vn/Upload/Files/clay%20mask.jpg',274),(1018,'https://adminbeauty.hvnet.vn/Upload/Files/clay%20mask.jpg',274),(1019,'https://adminbeauty.hvnet.vn/Upload/Files/clay%20mask.jpg',274),(1020,'https://adminbeauty.hvnet.vn/Upload/Files/clay%20mask.jpg',274),(1021,'https://adminbeauty.hvnet.vn/Upload/Files/clay%20mask.jpg',273),(1022,'https://adminbeauty.hvnet.vn/Upload/Files/clay%20mask.jpg',273),(1023,'https://adminbeauty.hvnet.vn/Upload/Files/clay%20mask.jpg',273),(1024,'https://adminbeauty.hvnet.vn/Upload/Files/clay%20mask.jpg',273),(1025,'https://adminbeauty.hvnet.vn/Upload/Files/clay%20mask.jpg',272),(1026,'https://adminbeauty.hvnet.vn/Upload/Files/clay%20mask.jpg',272),(1027,'https://adminbeauty.hvnet.vn/Upload/Files/clay%20mask.jpg',272),(1028,'https://adminbeauty.hvnet.vn/Upload/Files/clay%20mask.jpg',272),(1029,'https://adminbeauty.hvnet.vn/Upload/Files/clay%20mask.jpg',271),(1030,'https://adminbeauty.hvnet.vn/Upload/Files/clay%20mask.jpg',271),(1031,'https://adminbeauty.hvnet.vn/Upload/Files/clay%20mask.jpg',271),(1032,'https://adminbeauty.hvnet.vn/Upload/Files/clay%20mask.jpg',271),(1033,'https://adminbeauty.hvnet.vn/Upload/Files/a0-25022019115417.jpg',278),(1034,'https://adminbeauty.hvnet.vn/Upload/Files/a0-25022019115417.jpg',278),(1035,'https://adminbeauty.hvnet.vn/Upload/Files/a0-25022019115417.jpg',278),(1036,'https://adminbeauty.hvnet.vn/Upload/Files/a0-25022019115417.jpg',278),(1037,'https://adminbeauty.hvnet.vn/Upload/Files/a0-25022019115417.jpg',277),(1038,'https://adminbeauty.hvnet.vn/Upload/Files/a0-25022019115417.jpg',277),(1039,'https://adminbeauty.hvnet.vn/Upload/Files/a0-25022019115417.jpg',277),(1040,'https://adminbeauty.hvnet.vn/Upload/Files/a0-25022019115417.jpg',277),(1041,'https://adminbeauty.hvnet.vn/Upload/Files/a0-25022019115417.jpg',276),(1042,'https://adminbeauty.hvnet.vn/Upload/Files/a0-25022019115417.jpg',276),(1043,'https://adminbeauty.hvnet.vn/Upload/Files/a0-25022019115417.jpg',276),(1044,'https://adminbeauty.hvnet.vn/Upload/Files/a0-25022019115417.jpg',276),(1045,'https://adminbeauty.hvnet.vn/Upload/Files/a0-25022019115417.jpg',275),(1046,'https://adminbeauty.hvnet.vn/Upload/Files/a0-25022019115417.jpg',275),(1048,'https://adminbeauty.hvnet.vn/Upload/Files/a0-25022019115417.jpg',275),(1049,'https://adminbeauty.hvnet.vn/Upload/Files/a0-25022019115417.jpg',275),(1050,'https://adminbeauty.hvnet.vn/Upload/Files/avatar-sp-web11-recovered-recovered-recovered-recovered-recovered-07052020093815.jpg',279),(1051,'https://adminbeauty.hvnet.vn/Upload/Files/avatar-sp-web11-recovered-recovered-recovered-recovered-recovered-07052020093815.jpg',279),(1052,'https://adminbeauty.hvnet.vn/Upload/Files/avatar-sp-web11-recovered-recovered-recovered-recovered-recovered-07052020093815.jpg',279),(1053,'https://adminbeauty.hvnet.vn/Upload/Files/avatar-sp-web11-recovered-recovered-recovered-recovered-recovered-07052020093815.jpg',279),(1054,'https://adminbeauty.hvnet.vn/Upload/Files/mat-na-sum-trang.jpg',283),(1055,'https://adminbeauty.hvnet.vn/Upload/Files/mat-na-sum-trang.jpg',283),(1056,'https://adminbeauty.hvnet.vn/Upload/Files/mat-na-sum-trang.jpg',283),(1057,'https://adminbeauty.hvnet.vn/Upload/Files/mat-na-sum-trang.jpg',283),(1058,'https://adminbeauty.hvnet.vn/Upload/Files/mat-na-sum-trang.jpg',282),(1059,'https://adminbeauty.hvnet.vn/Upload/Files/mat-na-sum-trang.jpg',282),(1060,'https://adminbeauty.hvnet.vn/Upload/Files/mat-na-sum-trang.jpg',282),(1061,'https://adminbeauty.hvnet.vn/Upload/Files/mat-na-sum-trang.jpg',282),(1062,'https://adminbeauty.hvnet.vn/Upload/Files/mat-na-sum-trang.jpg',281),(1063,'https://adminbeauty.hvnet.vn/Upload/Files/mat-na-sum-trang.jpg',281),(1064,'https://adminbeauty.hvnet.vn/Upload/Files/mat-na-sum-trang.jpg',281),(1065,'https://adminbeauty.hvnet.vn/Upload/Files/mat-na-sum-trang.jpg',281),(1066,'https://adminbeauty.hvnet.vn/Upload/Files/mat-na-sum-trang.jpg',280),(1067,'https://adminbeauty.hvnet.vn/Upload/Files/mat-na-sum-trang.jpg',280),(1068,'https://adminbeauty.hvnet.vn/Upload/Files/mat-na-sum-trang.jpg',280),(1069,'https://adminbeauty.hvnet.vn/Upload/Files/mat-na-sum-trang.jpg',280),(1070,'https://adminbeauty.hvnet.vn/Upload/Files/srm-cocoon.jpg',287),(1071,'https://adminbeauty.hvnet.vn/Upload/Files/srm-cocoon.jpg',287),(1072,'https://adminbeauty.hvnet.vn/Upload/Files/srm-cocoon.jpg',287),(1073,'https://adminbeauty.hvnet.vn/Upload/Files/srm-cocoon.jpg',287),(1074,'https://adminbeauty.hvnet.vn/Upload/Files/srm-cocoon.jpg',286),(1075,'https://adminbeauty.hvnet.vn/Upload/Files/srm-cocoon.jpg',286),(1076,'https://adminbeauty.hvnet.vn/Upload/Files/srm-cocoon.jpg',286),(1077,'https://adminbeauty.hvnet.vn/Upload/Files/srm-cocoon.jpg',286),(1078,'https://adminbeauty.hvnet.vn/Upload/Files/srm-cocoon.jpg',285),(1079,'https://adminbeauty.hvnet.vn/Upload/Files/srm-cocoon.jpg',285),(1080,'https://adminbeauty.hvnet.vn/Upload/Files/srm-cocoon.jpg',285),(1081,'https://adminbeauty.hvnet.vn/Upload/Files/srm-cocoon.jpg',285),(1082,'https://adminbeauty.hvnet.vn/Upload/Files/srm-cocoon.jpg',284),(1083,'https://adminbeauty.hvnet.vn/Upload/Files/srm-cocoon.jpg',284),(1084,'https://adminbeauty.hvnet.vn/Upload/Files/srm-cocoon.jpg',284),(1085,'https://adminbeauty.hvnet.vn/Upload/Files/srm-cocoon.jpg',284),(1086,'https://adminbeauty.hvnet.vn/Upload/Files/The-Face-Shop-Rice-Water-Bright-Rice-Bran-Facial-Foaming-Cleanser-150ml.jpg',291),(1087,'https://adminbeauty.hvnet.vn/Upload/Files/The-Face-Shop-Rice-Water-Bright-Rice-Bran-Facial-Foaming-Cleanser-150ml.jpg',291),(1088,'https://adminbeauty.hvnet.vn/Upload/Files/The-Face-Shop-Rice-Water-Bright-Rice-Bran-Facial-Foaming-Cleanser-150ml.jpg',291),(1089,'https://adminbeauty.hvnet.vn/Upload/Files/The-Face-Shop-Rice-Water-Bright-Rice-Bran-Facial-Foaming-Cleanser-150ml.jpg',291),(1090,'https://adminbeauty.hvnet.vn/Upload/Files/The-Face-Shop-Rice-Water-Bright-Rice-Bran-Facial-Foaming-Cleanser-150ml.jpg',290),(1091,'https://adminbeauty.hvnet.vn/Upload/Files/The-Face-Shop-Rice-Water-Bright-Rice-Bran-Facial-Foaming-Cleanser-150ml.jpg',290),(1092,'https://adminbeauty.hvnet.vn/Upload/Files/The-Face-Shop-Rice-Water-Bright-Rice-Bran-Facial-Foaming-Cleanser-150ml.jpg',290),(1093,'https://adminbeauty.hvnet.vn/Upload/Files/The-Face-Shop-Rice-Water-Bright-Rice-Bran-Facial-Foaming-Cleanser-150ml.jpg',290),(1094,'https://adminbeauty.hvnet.vn/Upload/Files/The-Face-Shop-Rice-Water-Bright-Rice-Bran-Facial-Foaming-Cleanser-150ml.jpg',288),(1095,'https://adminbeauty.hvnet.vn/Upload/Files/The-Face-Shop-Rice-Water-Bright-Rice-Bran-Facial-Foaming-Cleanser-150ml.jpg',288),(1096,'https://adminbeauty.hvnet.vn/Upload/Files/The-Face-Shop-Rice-Water-Bright-Rice-Bran-Facial-Foaming-Cleanser-150ml.jpg',288),(1097,'https://adminbeauty.hvnet.vn/Upload/Files/The-Face-Shop-Rice-Water-Bright-Rice-Bran-Facial-Foaming-Cleanser-150ml.jpg',288),(1098,'https://adminbeauty.hvnet.vn/Upload/Files/The-Face-Shop-Rice-Water-Bright-Rice-Bran-Facial-Foaming-Cleanser-150ml.jpg',289),(1099,'https://adminbeauty.hvnet.vn/Upload/Files/The-Face-Shop-Rice-Water-Bright-Rice-Bran-Facial-Foaming-Cleanser-150ml.jpg',289),(1100,'https://adminbeauty.hvnet.vn/Upload/Files/The-Face-Shop-Rice-Water-Bright-Rice-Bran-Facial-Foaming-Cleanser-150ml.jpg',289),(1101,'https://adminbeauty.hvnet.vn/Upload/Files/The-Face-Shop-Rice-Water-Bright-Rice-Bran-Facial-Foaming-Cleanser-150ml.jpg',289),(1102,'https://adminbeauty.hvnet.vn/Upload/Files/300ml.jpg',295),(1103,'https://adminbeauty.hvnet.vn/Upload/Files/300ml.jpg',295),(1104,'https://adminbeauty.hvnet.vn/Upload/Files/300ml.jpg',295),(1105,'https://adminbeauty.hvnet.vn/Upload/Files/300ml.jpg',295),(1106,'https://adminbeauty.hvnet.vn/Upload/Files/300ml.jpg',294),(1107,'https://adminbeauty.hvnet.vn/Upload/Files/300ml.jpg',294),(1108,'https://adminbeauty.hvnet.vn/Upload/Files/300ml.jpg',294),(1109,'https://adminbeauty.hvnet.vn/Upload/Files/300ml.jpg',294),(1110,'https://adminbeauty.hvnet.vn/Upload/Files/300ml.jpg',293),(1111,'https://adminbeauty.hvnet.vn/Upload/Files/300ml.jpg',293),(1112,'https://adminbeauty.hvnet.vn/Upload/Files/300ml.jpg',293),(1113,'https://adminbeauty.hvnet.vn/Upload/Files/300ml.jpg',293),(1115,'https://adminbeauty.hvnet.vn/Upload/Files/300ml.jpg',292),(1116,'https://adminbeauty.hvnet.vn/Upload/Files/300ml.jpg',292),(1117,'https://adminbeauty.hvnet.vn/Upload/Files/300ml.jpg',292),(1118,'https://adminbeauty.hvnet.vn/Upload/Files/300ml.jpg',292),(1119,'https://adminbeauty.hvnet.vn/Upload/Files/300ml.jpg',299),(1120,'https://adminbeauty.hvnet.vn/Upload/Files/300ml.jpg',298),(1121,'https://adminbeauty.hvnet.vn/Upload/Files/300ml.jpg',297),(1122,'https://adminbeauty.hvnet.vn/Upload/Files/300ml.jpg',296),(1123,'https://adminbeauty.hvnet.vn//Upload/files/123566014_1458012551071085_6074206720051264701_o-26112020044822.jpg?width=350&height=391&v=15042020',296),(1124,'https://adminbeauty.hvnet.vn//Upload/files/123566014_1458012551071085_6074206720051264701_o-26112020044822.jpg?width=350&height=391&v=15042020',297),(1125,'https://adminbeauty.hvnet.vn//Upload/files/123566014_1458012551071085_6074206720051264701_o-26112020044822.jpg?width=350&height=391&v=15042020',298),(1126,'https://adminbeauty.hvnet.vn//Upload/files/123566014_1458012551071085_6074206720051264701_o-26112020044822.jpg?width=350&height=391&v=15042020',299),(1127,'https://adminbeauty.hvnet.vn//Upload/files/nuoc-tay-trang-caryophy-chinh-hang-26112020044831.png?width=350&height=391&v=15042020',299),(1128,'https://adminbeauty.hvnet.vn//Upload/files/nuoc-tay-trang-caryophy-chinh-hang-26112020044831.png?width=350&height=391&v=15042020',299),(1129,'https://adminbeauty.hvnet.vn//Upload/files/nuoc-tay-trang-caryophy-chinh-hang-26112020044831.png?width=350&height=391&v=15042020',298),(1130,'https://adminbeauty.hvnet.vn//Upload/files/nuoc-tay-trang-caryophy-chinh-hang-26112020044831.png?width=350&height=391&v=15042020',298),(1132,'https://adminbeauty.hvnet.vn//Upload/files/nuoc-tay-trang-caryophy-chinh-hang-26112020044831.png?width=350&height=391&v=15042020',297),(1133,'https://adminbeauty.hvnet.vn//Upload/files/nuoc-tay-trang-caryophy-chinh-hang-26112020044831.png?width=350&height=391&v=15042020',297),(1134,'https://adminbeauty.hvnet.vn//Upload/files/nuoc-tay-trang-caryophy-chinh-hang-26112020044831.png?width=350&height=391&v=15042020',296),(1135,'https://adminbeauty.hvnet.vn//Upload/files/nuoc-tay-trang-caryophy-chinh-hang-26112020044831.png?width=350&height=391&v=15042020',296),(1136,'https://adminbeauty.hvnet.vn/Upload/Files/N%C6%B0%E1%BB%9Bc-t%E1%BA%A9y-trang-b%C3%AD-%C4%91ao-The-Cocoon-Winter-Melon-Micellar-Water-140ml.jpg',303),(1137,'https://adminbeauty.hvnet.vn/Upload/Files/N%C6%B0%E1%BB%9Bc-t%E1%BA%A9y-trang-b%C3%AD-%C4%91ao-The-Cocoon-Winter-Melon-Micellar-Water-140ml.jpg',303),(1138,'https://adminbeauty.hvnet.vn/Upload/Files/N%C6%B0%E1%BB%9Bc-t%E1%BA%A9y-trang-b%C3%AD-%C4%91ao-The-Cocoon-Winter-Melon-Micellar-Water-140ml.jpg',303),(1139,'https://adminbeauty.hvnet.vn/Upload/Files/N%C6%B0%E1%BB%9Bc-t%E1%BA%A9y-trang-b%C3%AD-%C4%91ao-The-Cocoon-Winter-Melon-Micellar-Water-140ml.jpg',303),(1140,'https://adminbeauty.hvnet.vn/Upload/Files/N%C6%B0%E1%BB%9Bc-t%E1%BA%A9y-trang-b%C3%AD-%C4%91ao-The-Cocoon-Winter-Melon-Micellar-Water-140ml.jpg',302),(1141,'https://adminbeauty.hvnet.vn/Upload/Files/N%C6%B0%E1%BB%9Bc-t%E1%BA%A9y-trang-b%C3%AD-%C4%91ao-The-Cocoon-Winter-Melon-Micellar-Water-140ml.jpg',302),(1142,'https://adminbeauty.hvnet.vn/Upload/Files/N%C6%B0%E1%BB%9Bc-t%E1%BA%A9y-trang-b%C3%AD-%C4%91ao-The-Cocoon-Winter-Melon-Micellar-Water-140ml.jpg',302),(1143,'https://adminbeauty.hvnet.vn/Upload/Files/N%C6%B0%E1%BB%9Bc-t%E1%BA%A9y-trang-b%C3%AD-%C4%91ao-The-Cocoon-Winter-Melon-Micellar-Water-140ml.jpg',302),(1144,'https://adminbeauty.hvnet.vn/Upload/Files/N%C6%B0%E1%BB%9Bc-t%E1%BA%A9y-trang-b%C3%AD-%C4%91ao-The-Cocoon-Winter-Melon-Micellar-Water-140ml.jpg',301),(1145,'https://adminbeauty.hvnet.vn/Upload/Files/N%C6%B0%E1%BB%9Bc-t%E1%BA%A9y-trang-b%C3%AD-%C4%91ao-The-Cocoon-Winter-Melon-Micellar-Water-140ml.jpg',301),(1146,'https://adminbeauty.hvnet.vn/Upload/Files/N%C6%B0%E1%BB%9Bc-t%E1%BA%A9y-trang-b%C3%AD-%C4%91ao-The-Cocoon-Winter-Melon-Micellar-Water-140ml.jpg',301),(1147,'https://adminbeauty.hvnet.vn/Upload/Files/N%C6%B0%E1%BB%9Bc-t%E1%BA%A9y-trang-b%C3%AD-%C4%91ao-The-Cocoon-Winter-Melon-Micellar-Water-140ml.jpg',301),(1148,'https://adminbeauty.hvnet.vn/Upload/Files/N%C6%B0%E1%BB%9Bc-t%E1%BA%A9y-trang-b%C3%AD-%C4%91ao-The-Cocoon-Winter-Melon-Micellar-Water-140ml.jpg',300),(1149,'https://adminbeauty.hvnet.vn/Upload/Files/N%C6%B0%E1%BB%9Bc-t%E1%BA%A9y-trang-b%C3%AD-%C4%91ao-The-Cocoon-Winter-Melon-Micellar-Water-140ml.jpg',300),(1150,'https://adminbeauty.hvnet.vn/Upload/Files/N%C6%B0%E1%BB%9Bc-t%E1%BA%A9y-trang-b%C3%AD-%C4%91ao-The-Cocoon-Winter-Melon-Micellar-Water-140ml.jpg',300),(1151,'https://adminbeauty.hvnet.vn/Upload/Files/N%C6%B0%E1%BB%9Bc-t%E1%BA%A9y-trang-b%C3%AD-%C4%91ao-The-Cocoon-Winter-Melon-Micellar-Water-140ml.jpg',300),(1152,'https://adminbeauty.hvnet.vn/Upload/Files/Avatar-SP-Web(1)(1.jpg?width=350&height=391',307),(1153,'https://adminbeauty.hvnet.vn/Upload/Files/Avatar-SP-Web(1)(1.jpg?width=350&height=391',307),(1154,'https://adminbeauty.hvnet.vn/Upload/Files/Avatar-SP-Web(1)(1.jpg?width=350&height=391',307),(1155,'https://adminbeauty.hvnet.vn/Upload/Files/Avatar-SP-Web(1)(1.jpg?width=350&height=391',307),(1156,'https://adminbeauty.hvnet.vn/Upload/Files/Avatar-SP-Web(1)(1.jpg?width=350&height=391',306),(1157,'https://adminbeauty.hvnet.vn/Upload/Files/Avatar-SP-Web(1)(1.jpg?width=350&height=391',306),(1158,'https://adminbeauty.hvnet.vn/Upload/Files/Avatar-SP-Web(1)(1.jpg?width=350&height=391',306),(1159,'https://adminbeauty.hvnet.vn/Upload/Files/Avatar-SP-Web(1)(1.jpg?width=350&height=391',306),(1160,'https://adminbeauty.hvnet.vn/Upload/Files/Avatar-SP-Web(1)(1.jpg?width=350&height=391',305),(1161,'https://adminbeauty.hvnet.vn/Upload/Files/Avatar-SP-Web(1)(1.jpg?width=350&height=391',305),(1162,'https://adminbeauty.hvnet.vn/Upload/Files/Avatar-SP-Web(1)(1.jpg?width=350&height=391',305),(1163,'https://adminbeauty.hvnet.vn/Upload/Files/Avatar-SP-Web(1)(1.jpg?width=350&height=391',305),(1164,'https://adminbeauty.hvnet.vn/Upload/Files/Avatar-SP-Web(1)(1.jpg?width=350&height=391',304),(1165,'https://adminbeauty.hvnet.vn/Upload/Files/Avatar-SP-Web(1)(1.jpg?width=350&height=391',304),(1166,'https://adminbeauty.hvnet.vn/Upload/Files/Avatar-SP-Web(1)(1.jpg?width=350&height=391',304),(1167,'https://adminbeauty.hvnet.vn/Upload/Files/Avatar-SP-Web(1)(1.jpg?width=350&height=391',304),(1168,'https://adminbeauty.hvnet.vn/Upload/Files/Super-Aqua-Ultra-Hyalron-Peeling-Gel.jpg',311),(1169,'https://adminbeauty.hvnet.vn/Upload/Files/Super-Aqua-Ultra-Hyalron-Peeling-Gel.jpg',310),(1171,'https://adminbeauty.hvnet.vn/Upload/Files/Super-Aqua-Ultra-Hyalron-Peeling-Gel.jpg',308),(1172,'https://adminbeauty.hvnet.vn/Upload/Files/Super-Aqua-Ultra-Hyalron-Peeling-Gel.jpg',309),(1174,'https://adminbeauty.hvnet.vn//Upload/files/xvk4stwoageunj91ilqq_a00829289afb4d5fa7549df48f0e59d6_large-29032021033905.png?width=350&height=391&v=15042020',311),(1175,'https://adminbeauty.hvnet.vn//Upload/files/xvk4stwoageunj91ilqq_a00829289afb4d5fa7549df48f0e59d6_large-29032021033905.png?width=350&height=391&v=15042020',310),(1176,'https://adminbeauty.hvnet.vn//Upload/files/xvk4stwoageunj91ilqq_a00829289afb4d5fa7549df48f0e59d6_large-29032021033905.png?width=350&height=391&v=15042020',309),(1177,'https://adminbeauty.hvnet.vn//Upload/files/xvk4stwoageunj91ilqq_a00829289afb4d5fa7549df48f0e59d6_large-29032021033905.png?width=350&height=391&v=15042020',308),(1178,'https://adminbeauty.hvnet.vn//Upload/files/super-aqua-29032021033908.jpg?width=350&height=391&v=15042020',308),(1179,'https://adminbeauty.hvnet.vn//Upload/files/super-aqua-29032021033908.jpg?width=350&height=391&v=15042020',309),(1180,'https://adminbeauty.hvnet.vn//Upload/files/super-aqua-29032021033908.jpg?width=350&height=391&v=15042020',310),(1181,'https://adminbeauty.hvnet.vn//Upload/files/super-aqua-29032021033908.jpg?width=350&height=391&v=15042020',311),(1182,'https://adminbeauty.hvnet.vn/Upload/Files/Redwin-Vitamin-E-Cream-with-Evening-Primrose-Oil-300gr.jpg',314),(1183,'https://adminbeauty.hvnet.vn/Upload/Files/Redwin-Vitamin-E-Cream-with-Evening-Primrose-Oil-300gr.jpg',313),(1184,'https://adminbeauty.hvnet.vn/Upload/Files/Redwin-Vitamin-E-Cream-with-Evening-Primrose-Oil-300gr.jpg',312),(1185,'https://adminbeauty.hvnet.vn//Upload/files/119408159_1007682066347742_394145967221483818_n_5b5a1be4efa14b6491fed077e28507d5_grande-22102021040121.jpg?width=350&height=391&v=15042020',314),(1186,'https://adminbeauty.hvnet.vn//Upload/files/119408159_1007682066347742_394145967221483818_n_5b5a1be4efa14b6491fed077e28507d5_grande-22102021040121.jpg?width=350&height=391&v=15042020',313),(1187,'https://adminbeauty.hvnet.vn//Upload/files/119408159_1007682066347742_394145967221483818_n_5b5a1be4efa14b6491fed077e28507d5_grande-22102021040121.jpg?width=350&height=391&v=15042020',312),(1188,'https://adminbeauty.hvnet.vn//Upload/files/172980436_512864533203623_5129430596206976064_n-600x647-22102021040123.jpg?width=350&height=391&v=15042020',314),(1189,'https://adminbeauty.hvnet.vn//Upload/files/172980436_512864533203623_5129430596206976064_n-600x647-22102021040123.jpg?width=350&height=391&v=15042020',313),(1190,'https://adminbeauty.hvnet.vn//Upload/files/172980436_512864533203623_5129430596206976064_n-600x647-22102021040123.jpg?width=350&height=391&v=15042020',312),(1192,'https://adminbeauty.hvnet.vn/Upload/Files/Avatar-SP-Web(1)(1)-Recovered(29).jpg',317),(1193,'https://adminbeauty.hvnet.vn/Upload/Files/Avatar-SP-Web(1)(1)-Recovered(29).jpg',317),(1194,'https://adminbeauty.hvnet.vn/Upload/Files/Avatar-SP-Web(1)(1)-Recovered(29).jpg',317),(1195,'https://adminbeauty.hvnet.vn/Upload/Files/Avatar-SP-Web(1)(1)-Recovered(29).jpg',316),(1196,'https://adminbeauty.hvnet.vn/Upload/Files/Avatar-SP-Web(1)(1)-Recovered(29).jpg',316),(1197,'https://adminbeauty.hvnet.vn/Upload/Files/Avatar-SP-Web(1)(1)-Recovered(29).jpg',316),(1198,'https://adminbeauty.hvnet.vn/Upload/Files/Avatar-SP-Web(1)(1)-Recovered(29).jpg',315),(1199,'https://adminbeauty.hvnet.vn/Upload/Files/Avatar-SP-Web(1)(1)-Recovered(29).jpg',315),(1200,'https://adminbeauty.hvnet.vn/Upload/Files/Avatar-SP-Web(1)(1)-Recovered(29).jpg',315),(1201,'https://adminbeauty.hvnet.vn/Upload/Files/Haru-Series-Pink-Tone-Up-Cream.jpg',320),(1202,'https://adminbeauty.hvnet.vn/Upload/Files/Haru-Series-Pink-Tone-Up-Cream.jpg',319),(1203,'https://adminbeauty.hvnet.vn/Upload/Files/Haru-Series-Pink-Tone-Up-Cream.jpg',318),(1204,'https://adminbeauty.hvnet.vn//Upload/files/kem-duong-black-rouge-haru-series-pink-tone-up-cream-5-24052021040107.jpg?width=350&height=391&v=15042020',320),(1205,'https://adminbeauty.hvnet.vn//Upload/files/kem-duong-black-rouge-haru-series-pink-tone-up-cream-5-24052021040107.jpg?width=350&height=391&v=15042020',319),(1206,'https://adminbeauty.hvnet.vn//Upload/files/kem-duong-black-rouge-haru-series-pink-tone-up-cream-5-24052021040107.jpg?width=350&height=391&v=15042020',318),(1207,'https://adminbeauty.hvnet.vn//Upload/files/207140-extra1-24052021040139.jpg?width=350&height=391&v=15042020',318),(1208,'https://adminbeauty.hvnet.vn//Upload/files/207140-extra1-24052021040139.jpg?width=350&height=391&v=15042020',319),(1209,'https://adminbeauty.hvnet.vn//Upload/files/207140-extra1-24052021040139.jpg?width=350&height=391&v=15042020',320),(1210,'https://adminbeauty.hvnet.vn/Upload/Files/ava2(1).jpg',323),(1211,'https://adminbeauty.hvnet.vn/Upload/Files/ava2(1).jpg',322),(1212,'https://adminbeauty.hvnet.vn/Upload/Files/ava2(1).jpg',321),(1213,'https://adminbeauty.hvnet.vn//Upload/files/Kem%20d%C6%B0%E1%BB%A1ng%20da%20Dongsung%20Rannce%20Max%20By%20Miskos%20Restige%20Whitening%20Cream%2070gr.jpg?width=350&height=391&v=15042020',321),(1214,'https://adminbeauty.hvnet.vn//Upload/files/Kem%20d%C6%B0%E1%BB%A1ng%20da%20Dongsung%20Rannce%20Max%20By%20Miskos%20Restige%20Whitening%20Cream%2070gr.jpg?width=350&height=391&v=15042020',322),(1215,'https://adminbeauty.hvnet.vn//Upload/files/Kem%20d%C6%B0%E1%BB%A1ng%20da%20Dongsung%20Rannce%20Max%20By%20Miskos%20Restige%20Whitening%20Cream%2070gr.jpg?width=350&height=391&v=15042020',323),(1216,'https://adminbeauty.hvnet.vn//Upload/files/Kem%20d%C6%B0%E1%BB%A1ng%20da%20Dongsung%20Rannce%20Max%20By%20Miskos%20Restige%20Whitening%20Cream%2070gr3.jpg?width=350&height=391&v=15042020',323),(1217,'https://adminbeauty.hvnet.vn//Upload/files/Kem%20d%C6%B0%E1%BB%A1ng%20da%20Dongsung%20Rannce%20Max%20By%20Miskos%20Restige%20Whitening%20Cream%2070gr3.jpg?width=350&height=391&v=15042020',322),(1218,'https://adminbeauty.hvnet.vn//Upload/files/Kem%20d%C6%B0%E1%BB%A1ng%20da%20Dongsung%20Rannce%20Max%20By%20Miskos%20Restige%20Whitening%20Cream%2070gr3.jpg?width=350&height=391&v=15042020',321),(1219,'https://adminbeauty.hvnet.vn/Upload/Files/Kem-tr%E1%BB%8B-m%E1%BB%A5n-Derma-Forte-Anti-Skin-Care-Gel.jpg',326),(1220,'https://adminbeauty.hvnet.vn/Upload/Files/Kem-tr%E1%BB%8B-m%E1%BB%A5n-Derma-Forte-Anti-Skin-Care-Gel.jpg',326),(1221,'https://adminbeauty.hvnet.vn/Upload/Files/Kem-tr%E1%BB%8B-m%E1%BB%A5n-Derma-Forte-Anti-Skin-Care-Gel.jpg',326),(1222,'https://adminbeauty.hvnet.vn/Upload/Files/Kem-tr%E1%BB%8B-m%E1%BB%A5n-Derma-Forte-Anti-Skin-Care-Gel.jpg',325),(1223,'https://adminbeauty.hvnet.vn/Upload/Files/Kem-tr%E1%BB%8B-m%E1%BB%A5n-Derma-Forte-Anti-Skin-Care-Gel.jpg',325),(1224,'https://adminbeauty.hvnet.vn/Upload/Files/Kem-tr%E1%BB%8B-m%E1%BB%A5n-Derma-Forte-Anti-Skin-Care-Gel.jpg',325),(1225,'https://adminbeauty.hvnet.vn/Upload/Files/Kem-tr%E1%BB%8B-m%E1%BB%A5n-Derma-Forte-Anti-Skin-Care-Gel.jpg',324),(1226,'https://adminbeauty.hvnet.vn/Upload/Files/Kem-tr%E1%BB%8B-m%E1%BB%A5n-Derma-Forte-Anti-Skin-Care-Gel.jpg',324),(1227,'https://adminbeauty.hvnet.vn/Upload/Files/Kem-tr%E1%BB%8B-m%E1%BB%A5n-Derma-Forte-Anti-Skin-Care-Gel.jpg',324),(1228,'https://adminbeauty.hvnet.vn/Upload/Files/Dongsung-Rannce-Max-By-Miskos-Restige-Whitening-Serum.jpg',329),(1229,'https://adminbeauty.hvnet.vn/Upload/Files/Dongsung-Rannce-Max-By-Miskos-Restige-Whitening-Serum.jpg',329),(1230,'https://adminbeauty.hvnet.vn/Upload/Files/Dongsung-Rannce-Max-By-Miskos-Restige-Whitening-Serum.jpg',328),(1231,'https://adminbeauty.hvnet.vn/Upload/Files/Dongsung-Rannce-Max-By-Miskos-Restige-Whitening-Serum.jpg',328),(1232,'https://adminbeauty.hvnet.vn/Upload/Files/Dongsung-Rannce-Max-By-Miskos-Restige-Whitening-Serum.jpg',327),(1233,'https://adminbeauty.hvnet.vn/Upload/Files/Dongsung-Rannce-Max-By-Miskos-Restige-Whitening-Serum.jpg',327),(1235,'https://adminbeauty.hvnet.vn//Upload/files/111-17032021120257.jpg?width=350&height=391&v=15042020',327),(1236,'https://adminbeauty.hvnet.vn//Upload/files/111-17032021120257.jpg?width=350&height=391&v=15042020',327),(1237,'https://adminbeauty.hvnet.vn//Upload/files/111-17032021120257.jpg?width=350&height=391&v=15042020',328),(1238,'https://adminbeauty.hvnet.vn//Upload/files/111-17032021120257.jpg?width=350&height=391&v=15042020',328),(1239,'https://adminbeauty.hvnet.vn//Upload/files/111-17032021120257.jpg?width=350&height=391&v=15042020',329),(1240,'https://adminbeauty.hvnet.vn//Upload/files/111-17032021120257.jpg?width=350&height=391&v=15042020',329),(1241,'https://adminbeauty.hvnet.vn/Upload/Files/Herbal-Ampoule-for-Blemish.jpg',332),(1242,'https://adminbeauty.hvnet.vn/Upload/Files/Herbal-Ampoule-for-Blemish.jpg',332),(1243,'https://adminbeauty.hvnet.vn/Upload/Files/Herbal-Ampoule-for-Blemish.jpg',331),(1244,'https://adminbeauty.hvnet.vn/Upload/Files/Herbal-Ampoule-for-Blemish.jpg',331),(1245,'https://adminbeauty.hvnet.vn/Upload/Files/Herbal-Ampoule-for-Blemish.jpg',330),(1246,'https://adminbeauty.hvnet.vn/Upload/Files/Herbal-Ampoule-for-Blemish.jpg',330),(1247,'https://adminbeauty.hvnet.vn//Upload/files/141579224_1294958547571125_7044019337767724442_o-12032021093542.jpg?width=350&height=391&v=15042020',332),(1248,'https://adminbeauty.hvnet.vn//Upload/files/141579224_1294958547571125_7044019337767724442_o-12032021093542.jpg?width=350&height=391&v=15042020',332),(1249,'https://adminbeauty.hvnet.vn//Upload/files/141579224_1294958547571125_7044019337767724442_o-12032021093542.jpg?width=350&height=391&v=15042020',331),(1250,'https://adminbeauty.hvnet.vn//Upload/files/141579224_1294958547571125_7044019337767724442_o-12032021093542.jpg?width=350&height=391&v=15042020',331),(1251,'https://adminbeauty.hvnet.vn//Upload/files/141579224_1294958547571125_7044019337767724442_o-12032021093542.jpg?width=350&height=391&v=15042020',330),(1252,'https://adminbeauty.hvnet.vn//Upload/files/141579224_1294958547571125_7044019337767724442_o-12032021093542.jpg?width=350&height=391&v=15042020',330),(1253,'https://adminbeauty.hvnet.vn/Upload/Files/greentea-kit.jpg',335),(1254,'https://adminbeauty.hvnet.vn/Upload/Files/greentea-kit.jpg',335),(1255,'https://adminbeauty.hvnet.vn/Upload/Files/greentea-kit.jpg',335),(1256,'https://adminbeauty.hvnet.vn/Upload/Files/greentea-kit.jpg',335),(1257,'https://adminbeauty.hvnet.vn/Upload/Files/greentea-kit.jpg',334),(1258,'https://adminbeauty.hvnet.vn/Upload/Files/greentea-kit.jpg',334),(1259,'https://adminbeauty.hvnet.vn/Upload/Files/greentea-kit.jpg',334),(1260,'https://adminbeauty.hvnet.vn/Upload/Files/greentea-kit.jpg',334),(1261,'https://adminbeauty.hvnet.vn/Upload/Files/greentea-kit.jpg',333),(1262,'https://adminbeauty.hvnet.vn/Upload/Files/greentea-kit.jpg',333),(1264,'https://adminbeauty.hvnet.vn/Upload/Files/greentea-kit.jpg',333),(1265,'https://adminbeauty.hvnet.vn/Upload/Files/greentea-kit.jpg',333),(1266,'https://adminbeauty.hvnet.vn/Upload/Files/Dongsung-Rannce.jpg',338),(1267,'https://adminbeauty.hvnet.vn/Upload/Files/Dongsung-Rannce.jpg',338),(1268,'https://adminbeauty.hvnet.vn/Upload/Files/Dongsung-Rannce.jpg',338),(1269,'https://adminbeauty.hvnet.vn/Upload/Files/Dongsung-Rannce.jpg',338),(1270,'https://adminbeauty.hvnet.vn/Upload/Files/Dongsung-Rannce.jpg',337),(1271,'https://adminbeauty.hvnet.vn/Upload/Files/Dongsung-Rannce.jpg',337),(1272,'https://adminbeauty.hvnet.vn/Upload/Files/Dongsung-Rannce.jpg',337),(1273,'https://adminbeauty.hvnet.vn/Upload/Files/Dongsung-Rannce.jpg',337),(1274,'https://adminbeauty.hvnet.vn/Upload/Files/Dongsung-Rannce.jpg',336),(1275,'https://adminbeauty.hvnet.vn/Upload/Files/Dongsung-Rannce.jpg',336),(1276,'https://adminbeauty.hvnet.vn/Upload/Files/Dongsung-Rannce.jpg',336),(1277,'https://adminbeauty.hvnet.vn/Upload/Files/Dongsung-Rannce.jpg',336),(1278,'https://adminbeauty.hvnet.vn/Upload/Files/Avatar-SP-Web(1)(1)-Recovered(29).jpg',341),(1279,'https://adminbeauty.hvnet.vn/Upload/Files/Avatar-SP-Web(1)(1)-Recovered(29).jpg',341),(1280,'https://adminbeauty.hvnet.vn/Upload/Files/Avatar-SP-Web(1)(1)-Recovered(29).jpg',341),(1281,'https://adminbeauty.hvnet.vn/Upload/Files/Avatar-SP-Web(1)(1)-Recovered(29).jpg',341),(1282,'https://adminbeauty.hvnet.vn/Upload/Files/Avatar-SP-Web(1)(1)-Recovered(29).jpg',340),(1283,'https://adminbeauty.hvnet.vn/Upload/Files/Avatar-SP-Web(1)(1)-Recovered(29).jpg',340),(1284,'https://adminbeauty.hvnet.vn/Upload/Files/Avatar-SP-Web(1)(1)-Recovered(29).jpg',340),(1285,'https://adminbeauty.hvnet.vn/Upload/Files/Avatar-SP-Web(1)(1)-Recovered(29).jpg',340),(1286,'https://adminbeauty.hvnet.vn/Upload/Files/Avatar-SP-Web(1)(1)-Recovered(29).jpg',339),(1288,'https://adminbeauty.hvnet.vn/Upload/Files/Avatar-SP-Web(1)(1)-Recovered(29).jpg',339),(1289,'https://adminbeauty.hvnet.vn/Upload/Files/Avatar-SP-Web(1)(1)-Recovered(29).jpg',339),(1290,'https://adminbeauty.hvnet.vn/Upload/Files/Avatar-SP-Web(1)(1)-Recovered(29).jpg',339),(1291,'https://adminbeauty.hvnet.vn/Upload/Files/N%C6%B0%E1%BB%9Bc-Ngh%E1%BB%87-Cocoon-Turmeric-Toner-140ml.jpg',344),(1292,'https://adminbeauty.hvnet.vn/Upload/Files/N%C6%B0%E1%BB%9Bc-Ngh%E1%BB%87-Cocoon-Turmeric-Toner-140ml.jpg',344),(1293,'https://adminbeauty.hvnet.vn/Upload/Files/N%C6%B0%E1%BB%9Bc-Ngh%E1%BB%87-Cocoon-Turmeric-Toner-140ml.jpg',344),(1294,'https://adminbeauty.hvnet.vn/Upload/Files/N%C6%B0%E1%BB%9Bc-Ngh%E1%BB%87-Cocoon-Turmeric-Toner-140ml.jpg',344),(1295,'https://adminbeauty.hvnet.vn/Upload/Files/N%C6%B0%E1%BB%9Bc-Ngh%E1%BB%87-Cocoon-Turmeric-Toner-140ml.jpg',343),(1296,'https://adminbeauty.hvnet.vn/Upload/Files/N%C6%B0%E1%BB%9Bc-Ngh%E1%BB%87-Cocoon-Turmeric-Toner-140ml.jpg',343),(1297,'https://adminbeauty.hvnet.vn/Upload/Files/N%C6%B0%E1%BB%9Bc-Ngh%E1%BB%87-Cocoon-Turmeric-Toner-140ml.jpg',343),(1298,'https://adminbeauty.hvnet.vn/Upload/Files/N%C6%B0%E1%BB%9Bc-Ngh%E1%BB%87-Cocoon-Turmeric-Toner-140ml.jpg',343),(1299,'https://adminbeauty.hvnet.vn/Upload/Files/N%C6%B0%E1%BB%9Bc-Ngh%E1%BB%87-Cocoon-Turmeric-Toner-140ml.jpg',342),(1300,'https://adminbeauty.hvnet.vn/Upload/Files/N%C6%B0%E1%BB%9Bc-Ngh%E1%BB%87-Cocoon-Turmeric-Toner-140ml.jpg',342),(1301,'https://adminbeauty.hvnet.vn/Upload/Files/N%C6%B0%E1%BB%9Bc-Ngh%E1%BB%87-Cocoon-Turmeric-Toner-140ml.jpg',342),(1302,'https://adminbeauty.hvnet.vn/Upload/Files/N%C6%B0%E1%BB%9Bc-Ngh%E1%BB%87-Cocoon-Turmeric-Toner-140ml.jpg',342),(1303,'https://adminbeauty.hvnet.vn/Upload/Files/pink-sun.jpg',347),(1304,'https://adminbeauty.hvnet.vn/Upload/Files/pink-sun.jpg',347),(1306,'https://adminbeauty.hvnet.vn/Upload/Files/pink-sun.jpg',347),(1307,'https://adminbeauty.hvnet.vn/Upload/Files/pink-sun.jpg',347),(1309,'https://adminbeauty.hvnet.vn/Upload/Files/pink-sun.jpg',346),(1310,'https://adminbeauty.hvnet.vn/Upload/Files/pink-sun.jpg',346),(1311,'https://adminbeauty.hvnet.vn/Upload/Files/pink-sun.jpg',346),(1312,'https://adminbeauty.hvnet.vn/Upload/Files/pink-sun.jpg',346),(1313,'https://adminbeauty.hvnet.vn/Upload/Files/pink-sun.jpg',345),(1314,'https://adminbeauty.hvnet.vn/Upload/Files/pink-sun.jpg',345),(1315,'https://adminbeauty.hvnet.vn/Upload/Files/pink-sun.jpg',345),(1316,'https://adminbeauty.hvnet.vn/Upload/Files/pink-sun.jpg',345),(1317,'https://adminbeauty.hvnet.vn/Upload/Files/La-Roche-Posay-Fluide%20Invisible%20Anthelios%20SPF50.jpg',350),(1320,'https://adminbeauty.hvnet.vn/Upload/Files/La-Roche-Posay-Fluide%20Invisible%20Anthelios%20SPF50.jpg',349),(1321,'https://adminbeauty.hvnet.vn/Upload/Files/La-Roche-Posay-Fluide%20Invisible%20Anthelios%20SPF50.jpg',348),(1322,'https://adminbeauty.hvnet.vn//Upload/files/db52b76ac37840eb99248830705de52e-27052021111536.jpg?width=350&height=391&v=15042020',348),(1323,'https://adminbeauty.hvnet.vn//Upload/files/db52b76ac37840eb99248830705de52e-27052021111536.jpg?width=350&height=391&v=15042020',349),(1324,'https://adminbeauty.hvnet.vn//Upload/files/db52b76ac37840eb99248830705de52e-27052021111536.jpg?width=350&height=391&v=15042020',350),(1325,'https://adminbeauty.hvnet.vn//Upload/files/thiet-ke-kem-chong-nang-27052021111544.jpg?width=350&height=391&v=15042020',350),(1326,'https://adminbeauty.hvnet.vn//Upload/files/thiet-ke-kem-chong-nang-27052021111544.jpg?width=350&height=391&v=15042020',349),(1327,'https://adminbeauty.hvnet.vn//Upload/files/thiet-ke-kem-chong-nang-27052021111544.jpg?width=350&height=391&v=15042020',348),(1328,'https://adminbeauty.hvnet.vn/Upload/Files/duong-toc.jpg',353),(1329,'https://adminbeauty.hvnet.vn/Upload/Files/duong-toc.jpg',352),(1330,'https://adminbeauty.hvnet.vn/Upload/Files/duong-toc.jpg',351),(1331,'https://adminbeauty.hvnet.vn//Upload/files/duong-toc-ogx-1.jpg?width=350&height=391&v=15042020',351),(1332,'https://adminbeauty.hvnet.vn//Upload/files/duong-toc-ogx-1.jpg?width=350&height=391&v=15042020',352),(1333,'https://adminbeauty.hvnet.vn//Upload/files/duong-toc-ogx-1.jpg?width=350&height=391&v=15042020',353),(1334,'https://adminbeauty.hvnet.vn//Upload/files/duong-toc-ogx-2.jpg?width=350&height=391&v=15042020',353),(1335,'https://adminbeauty.hvnet.vn//Upload/files/duong-toc-ogx-2.jpg?width=350&height=391&v=15042020',352),(1336,'https://adminbeauty.hvnet.vn//Upload/files/duong-toc-ogx-2.jpg?width=350&height=391&v=15042020',351),(1337,'https://adminbeauty.hvnet.vn/Upload/Files/dau-goi-dau-xa.jpg',356),(1338,'https://adminbeauty.hvnet.vn/Upload/Files/dau-goi-dau-xa.jpg',355),(1339,'https://adminbeauty.hvnet.vn/Upload/Files/dau-goi-dau-xa.jpg',354),(1340,'https://adminbeauty.hvnet.vn//Upload/files/dau-goi-dau-xa-3.jpg?width=350&height=391&v=15042020',354),(1341,'https://adminbeauty.hvnet.vn//Upload/files/dau-goi-dau-xa-3.jpg?width=350&height=391&v=15042020',355),(1342,'https://adminbeauty.hvnet.vn//Upload/files/dau-goi-dau-xa-3.jpg?width=350&height=391&v=15042020',356),(1343,'https://adminbeauty.hvnet.vn//Upload/files/dau-goi-dau-xa-1.jpg?width=350&height=391&v=15042020',356),(1344,'https://adminbeauty.hvnet.vn//Upload/files/dau-goi-dau-xa-1.jpg?width=350&height=391&v=15042020',355),(1345,'https://adminbeauty.hvnet.vn//Upload/files/dau-goi-dau-xa-1.jpg?width=350&height=391&v=15042020',354),(1346,'https://adminbeauty.hvnet.vn/Upload/Files/Avatar-SP-Web(1)(1)-Recovered-Recovered-Recovered-Recovered-Recovered-Recovered-Recovered-Recovered-Recovered-Recovered-Recovered.jpg',359),(1347,'https://adminbeauty.hvnet.vn/Upload/Files/Avatar-SP-Web(1)(1)-Recovered-Recovered-Recovered-Recovered-Recovered-Recovered-Recovered-Recovered-Recovered-Recovered-Recovered.jpg',359),(1348,'https://adminbeauty.hvnet.vn/Upload/Files/Avatar-SP-Web(1)(1)-Recovered-Recovered-Recovered-Recovered-Recovered-Recovered-Recovered-Recovered-Recovered-Recovered-Recovered.jpg',359),(1349,'https://adminbeauty.hvnet.vn/Upload/Files/Avatar-SP-Web(1)(1)-Recovered-Recovered-Recovered-Recovered-Recovered-Recovered-Recovered-Recovered-Recovered-Recovered-Recovered.jpg',358),(1350,'https://adminbeauty.hvnet.vn/Upload/Files/Avatar-SP-Web(1)(1)-Recovered-Recovered-Recovered-Recovered-Recovered-Recovered-Recovered-Recovered-Recovered-Recovered-Recovered.jpg',358),(1351,'https://adminbeauty.hvnet.vn/Upload/Files/Avatar-SP-Web(1)(1)-Recovered-Recovered-Recovered-Recovered-Recovered-Recovered-Recovered-Recovered-Recovered-Recovered-Recovered.jpg',358),(1352,'https://adminbeauty.hvnet.vn/Upload/Files/Avatar-SP-Web(1)(1)-Recovered-Recovered-Recovered-Recovered-Recovered-Recovered-Recovered-Recovered-Recovered-Recovered-Recovered.jpg',357),(1353,'https://adminbeauty.hvnet.vn/Upload/Files/Avatar-SP-Web(1)(1)-Recovered-Recovered-Recovered-Recovered-Recovered-Recovered-Recovered-Recovered-Recovered-Recovered-Recovered.jpg',357),(1354,'https://adminbeauty.hvnet.vn/Upload/Files/Avatar-SP-Web(1)(1)-Recovered-Recovered-Recovered-Recovered-Recovered-Recovered-Recovered-Recovered-Recovered-Recovered-Recovered.jpg',357),(1355,'https://adminbeauty.hvnet.vn/Upload/Files/co-muc-06072019042203.jpg',362),(1356,'https://adminbeauty.hvnet.vn/Upload/Files/co-muc-06072019042203.jpg',361),(1359,'https://adminbeauty.hvnet.vn/Upload/Files/co-muc-06072019042203.jpg',360),(1360,'https://adminbeauty.hvnet.vn//Upload/files/yeu-1-06072019042558.jpg?width=350&height=391&v=15042020',360),(1361,'https://adminbeauty.hvnet.vn//Upload/files/yeu-1-06072019042558.jpg?width=350&height=391&v=15042020',361),(1362,'https://adminbeauty.hvnet.vn//Upload/files/yeu-1-06072019042558.jpg?width=350&height=391&v=15042020',362),(1363,'https://adminbeauty.hvnet.vn//Upload/files/yeu-2-06072019042608.jpg?width=350&height=391&v=15042020',362),(1365,'https://adminbeauty.hvnet.vn//Upload/files/yeu-2-06072019042608.jpg?width=350&height=391&v=15042020',361),(1367,'https://adminbeauty.hvnet.vn//Upload/files/yeu-2-06072019042608.jpg?width=350&height=391&v=15042020',360),(1368,'https://adminbeauty.hvnet.vn/Upload/Files/dau-xa-kich-thich-moc-toc-OGX-Thick-And-Full-Biotin-And-Collagen.jpg',365),(1369,'https://adminbeauty.hvnet.vn/Upload/Files/dau-xa-kich-thich-moc-toc-OGX-Thick-And-Full-Biotin-And-Collagen.jpg',365),(1370,'https://adminbeauty.hvnet.vn/Upload/Files/dau-xa-kich-thich-moc-toc-OGX-Thick-And-Full-Biotin-And-Collagen.jpg',365),(1371,'https://adminbeauty.hvnet.vn/Upload/Files/dau-xa-kich-thich-moc-toc-OGX-Thick-And-Full-Biotin-And-Collagen.jpg',364),(1372,'https://adminbeauty.hvnet.vn/Upload/Files/dau-xa-kich-thich-moc-toc-OGX-Thick-And-Full-Biotin-And-Collagen.jpg',364),(1373,'https://adminbeauty.hvnet.vn/Upload/Files/dau-xa-kich-thich-moc-toc-OGX-Thick-And-Full-Biotin-And-Collagen.jpg',364),(1374,'https://adminbeauty.hvnet.vn/Upload/Files/dau-xa-kich-thich-moc-toc-OGX-Thick-And-Full-Biotin-And-Collagen.jpg',363),(1375,'https://adminbeauty.hvnet.vn/Upload/Files/dau-xa-kich-thich-moc-toc-OGX-Thick-And-Full-Biotin-And-Collagen.jpg',363),(1376,'https://adminbeauty.hvnet.vn/Upload/Files/dau-xa-kich-thich-moc-toc-OGX-Thick-And-Full-Biotin-And-Collagen.jpg',363),(1377,'https://adminbeauty.hvnet.vn/Upload/Files/Avatar-SP-Web(1)(1)-Recovered(10).jpg',368),(1378,'https://adminbeauty.hvnet.vn/Upload/Files/Avatar-SP-Web(1)(1)-Recovered(10).jpg',368),(1379,'https://adminbeauty.hvnet.vn/Upload/Files/Avatar-SP-Web(1)(1)-Recovered(10).jpg',368),(1380,'https://adminbeauty.hvnet.vn/Upload/Files/Avatar-SP-Web(1)(1)-Recovered(10).jpg',367),(1381,'https://adminbeauty.hvnet.vn/Upload/Files/Avatar-SP-Web(1)(1)-Recovered(10).jpg',367),(1382,'https://adminbeauty.hvnet.vn/Upload/Files/Avatar-SP-Web(1)(1)-Recovered(10).jpg',367),(1383,'https://adminbeauty.hvnet.vn/Upload/Files/Avatar-SP-Web(1)(1)-Recovered(10).jpg',366),(1384,'https://adminbeauty.hvnet.vn/Upload/Files/Avatar-SP-Web(1)(1)-Recovered(10).jpg',366),(1385,'https://adminbeauty.hvnet.vn/Upload/Files/Avatar-SP-Web(1)(1)-Recovered(10).jpg',366),(1386,'https://adminbeauty.hvnet.vn/Upload/Files/kem-u-toc-dau-dua-Jena-Hair-Treatment-Wax.jpg',371),(1387,'https://adminbeauty.hvnet.vn/Upload/Files/kem-u-toc-dau-dua-Jena-Hair-Treatment-Wax.jpg',370),(1388,'https://adminbeauty.hvnet.vn/Upload/Files/kem-u-toc-dau-dua-Jena-Hair-Treatment-Wax.jpg',369),(1389,'https://adminbeauty.hvnet.vn//Upload/files/kem-u-toc-dau-dua-Jena-Hair-Treatment-Wax1.jpg?width=350&height=391&v=15042020',369),(1390,'https://adminbeauty.hvnet.vn//Upload/files/kem-u-toc-dau-dua-Jena-Hair-Treatment-Wax1.jpg?width=350&height=391&v=15042020',370),(1391,'https://adminbeauty.hvnet.vn//Upload/files/kem-u-toc-dau-dua-Jena-Hair-Treatment-Wax1.jpg?width=350&height=391&v=15042020',371),(1392,'https://adminbeauty.hvnet.vn//Upload/files/kem-u-toc-dau-dua-Jena-Hair-Treatment-Wax2.jpg?width=350&height=391&v=15042020',371),(1393,'https://adminbeauty.hvnet.vn//Upload/files/kem-u-toc-dau-dua-Jena-Hair-Treatment-Wax2.jpg?width=350&height=391&v=15042020',370),(1394,'https://adminbeauty.hvnet.vn//Upload/files/kem-u-toc-dau-dua-Jena-Hair-Treatment-Wax2.jpg?width=350&height=391&v=15042020',369),(1395,'https://adminbeauty.hvnet.vn/Upload/Files/avatar-sp-web11-1-recovered-recovered-30032020045746.jpg',374),(1396,'https://adminbeauty.hvnet.vn/Upload/Files/avatar-sp-web11-1-recovered-recovered-30032020045746.jpg',374),(1397,'https://adminbeauty.hvnet.vn/Upload/Files/avatar-sp-web11-1-recovered-recovered-30032020045746.jpg',374),(1398,'https://adminbeauty.hvnet.vn/Upload/Files/avatar-sp-web11-1-recovered-recovered-30032020045746.jpg',373),(1399,'https://adminbeauty.hvnet.vn/Upload/Files/avatar-sp-web11-1-recovered-recovered-30032020045746.jpg',373),(1400,'https://adminbeauty.hvnet.vn/Upload/Files/avatar-sp-web11-1-recovered-recovered-30032020045746.jpg',373),(1401,'https://adminbeauty.hvnet.vn/Upload/Files/avatar-sp-web11-1-recovered-recovered-30032020045746.jpg',372),(1402,'https://adminbeauty.hvnet.vn/Upload/Files/avatar-sp-web11-1-recovered-recovered-30032020045746.jpg',372),(1403,'https://adminbeauty.hvnet.vn/Upload/Files/avatar-sp-web11-1-recovered-recovered-30032020045746.jpg',372),(1404,'https://adminbeauty.hvnet.vn/Upload/Files/01(131).jpg',377),(1405,'https://adminbeauty.hvnet.vn/Upload/Files/01(131).jpg',376),(1406,'https://adminbeauty.hvnet.vn/Upload/Files/01(131).jpg',375),(1407,'https://adminbeauty.hvnet.vn//Upload/files/02(79).jpg?width=350&height=391&v=15042020',375),(1409,'https://adminbeauty.hvnet.vn//Upload/files/02(79).jpg?width=350&height=391&v=15042020',376),(1410,'https://adminbeauty.hvnet.vn//Upload/files/02(79).jpg?width=350&height=391&v=15042020',377),(1411,'https://adminbeauty.hvnet.vn//Upload/files/03(79).jpg?width=350&height=391&v=15042020',377),(1412,'https://adminbeauty.hvnet.vn//Upload/files/03(79).jpg?width=350&height=391&v=15042020',376),(1413,'https://adminbeauty.hvnet.vn//Upload/files/03(79).jpg?width=350&height=391&v=15042020',375),(1414,'https://adminbeauty.hvnet.vn/Upload/Files/a1-17042019041341.jpg',380),(1415,'https://adminbeauty.hvnet.vn/Upload/Files/a1-17042019041341.jpg',380),(1416,'https://adminbeauty.hvnet.vn/Upload/Files/a1-17042019041341.jpg',380),(1417,'https://adminbeauty.hvnet.vn/Upload/Files/a1-17042019041341.jpg',379),(1418,'https://adminbeauty.hvnet.vn/Upload/Files/a1-17042019041341.jpg',379),(1419,'https://adminbeauty.hvnet.vn/Upload/Files/a1-17042019041341.jpg',379),(1420,'https://adminbeauty.hvnet.vn/Upload/Files/a1-17042019041341.jpg',378),(1421,'https://adminbeauty.hvnet.vn/Upload/Files/a1-17042019041341.jpg',378),(1422,'https://adminbeauty.hvnet.vn/Upload/Files/a1-17042019041341.jpg',378),(1423,'https://adminbeauty.hvnet.vn/Upload/Files/Sato-Carpronium-Chloride-Solution.jpg',383),(1424,'https://adminbeauty.hvnet.vn/Upload/Files/Sato-Carpronium-Chloride-Solution.jpg',383),(1425,'https://adminbeauty.hvnet.vn/Upload/Files/Sato-Carpronium-Chloride-Solution.jpg',383),(1426,'https://adminbeauty.hvnet.vn/Upload/Files/Sato-Carpronium-Chloride-Solution.jpg',382),(1427,'https://adminbeauty.hvnet.vn/Upload/Files/Sato-Carpronium-Chloride-Solution.jpg',382),(1428,'https://adminbeauty.hvnet.vn/Upload/Files/Sato-Carpronium-Chloride-Solution.jpg',382),(1429,'https://adminbeauty.hvnet.vn/Upload/Files/Sato-Carpronium-Chloride-Solution.jpg',381),(1430,'https://adminbeauty.hvnet.vn/Upload/Files/Sato-Carpronium-Chloride-Solution.jpg',381),(1431,'https://adminbeauty.hvnet.vn/Upload/Files/Sato-Carpronium-Chloride-Solution.jpg',381),(1432,'https://adminbeauty.hvnet.vn/Upload/Files/serum-toc-15042020082658.jpg',386),(1433,'https://adminbeauty.hvnet.vn/Upload/Files/serum-toc-15042020082658.jpg',386),(1434,'https://adminbeauty.hvnet.vn/Upload/Files/serum-toc-15042020082658.jpg',386),(1435,'https://adminbeauty.hvnet.vn/Upload/Files/serum-toc-15042020082658.jpg',385),(1436,'https://adminbeauty.hvnet.vn/Upload/Files/serum-toc-15042020082658.jpg',385),(1437,'https://adminbeauty.hvnet.vn/Upload/Files/serum-toc-15042020082658.jpg',385),(1438,'https://adminbeauty.hvnet.vn/Upload/Files/serum-toc-15042020082658.jpg',384),(1439,'https://adminbeauty.hvnet.vn/Upload/Files/serum-toc-15042020082658.jpg',384),(1440,'https://adminbeauty.hvnet.vn/Upload/Files/serum-toc-15042020082658.jpg',384),(1441,'https://adminbeauty.hvnet.vn/Upload/Files/m20.jpg',389),(1442,'https://adminbeauty.hvnet.vn/Upload/Files/m20.jpg',389),(1443,'https://adminbeauty.hvnet.vn/Upload/Files/m20.jpg',389),(1444,'https://adminbeauty.hvnet.vn/Upload/Files/m20.jpg',388),(1445,'https://adminbeauty.hvnet.vn/Upload/Files/m20.jpg',388),(1446,'https://adminbeauty.hvnet.vn/Upload/Files/m20.jpg',388),(1447,'https://adminbeauty.hvnet.vn/Upload/Files/m20.jpg',387),(1448,'https://adminbeauty.hvnet.vn/Upload/Files/m20.jpg',387),(1449,'https://adminbeauty.hvnet.vn/Upload/Files/m20.jpg',387),(1450,'https://adminbeauty.hvnet.vn/Upload/Files/b%C3%B4ng-ph%E1%BA%A5n-Bp13.jpg',392),(1451,'https://adminbeauty.hvnet.vn/Upload/Files/b%C3%B4ng-ph%E1%BA%A5n-Bp13.jpg',392),(1452,'https://adminbeauty.hvnet.vn/Upload/Files/b%C3%B4ng-ph%E1%BA%A5n-Bp13.jpg',392),(1453,'https://adminbeauty.hvnet.vn/Upload/Files/b%C3%B4ng-ph%E1%BA%A5n-Bp13.jpg',391),(1454,'https://adminbeauty.hvnet.vn/Upload/Files/b%C3%B4ng-ph%E1%BA%A5n-Bp13.jpg',391),(1455,'https://adminbeauty.hvnet.vn/Upload/Files/b%C3%B4ng-ph%E1%BA%A5n-Bp13.jpg',391),(1456,'https://adminbeauty.hvnet.vn/Upload/Files/b%C3%B4ng-ph%E1%BA%A5n-Bp13.jpg',390),(1457,'https://adminbeauty.hvnet.vn/Upload/Files/b%C3%B4ng-ph%E1%BA%A5n-Bp13.jpg',390),(1458,'https://adminbeauty.hvnet.vn/Upload/Files/b%C3%B4ng-ph%E1%BA%A5n-Bp13.jpg',390),(1459,'https://adminbeauty.hvnet.vn/Upload/Files/mut-non-la-22102019095828.jpg',395),(1460,'https://adminbeauty.hvnet.vn/Upload/Files/mut-non-la-22102019095828.jpg',395),(1461,'https://adminbeauty.hvnet.vn/Upload/Files/mut-non-la-22102019095828.jpg',395),(1462,'https://adminbeauty.hvnet.vn/Upload/Files/mut-non-la-22102019095828.jpg',394),(1463,'https://adminbeauty.hvnet.vn/Upload/Files/mut-non-la-22102019095828.jpg',394),(1464,'https://adminbeauty.hvnet.vn/Upload/Files/mut-non-la-22102019095828.jpg',394),(1465,'https://adminbeauty.hvnet.vn/Upload/Files/mut-non-la-22102019095828.jpg',393),(1467,'https://adminbeauty.hvnet.vn/Upload/Files/mut-non-la-22102019095828.jpg',393),(1468,'https://adminbeauty.hvnet.vn/Upload/Files/mut-non-la-22102019095828.jpg',393),(1469,'https://adminbeauty.hvnet.vn/Upload/Files/do-chuot-04112019101625.jpg',398),(1470,'https://adminbeauty.hvnet.vn/Upload/Files/do-chuot-04112019101625.jpg',398),(1471,'https://adminbeauty.hvnet.vn/Upload/Files/do-chuot-04112019101625.jpg',398),(1472,'https://adminbeauty.hvnet.vn/Upload/Files/do-chuot-04112019101625.jpg',397),(1473,'https://adminbeauty.hvnet.vn/Upload/Files/do-chuot-04112019101625.jpg',397),(1474,'https://adminbeauty.hvnet.vn/Upload/Files/do-chuot-04112019101625.jpg',397),(1475,'https://adminbeauty.hvnet.vn/Upload/Files/do-chuot-04112019101625.jpg',396),(1476,'https://adminbeauty.hvnet.vn/Upload/Files/do-chuot-04112019101625.jpg',396),(1477,'https://adminbeauty.hvnet.vn/Upload/Files/do-chuot-04112019101625.jpg',396),(1478,'https://adminbeauty.hvnet.vn/Upload/Files/nuoc-tay-mong-an-toan-Missha-The-Style-Nail-Remover-100ml-beauty-garden-1.jpg',401),(1479,'https://adminbeauty.hvnet.vn/Upload/Files/nuoc-tay-mong-an-toan-Missha-The-Style-Nail-Remover-100ml-beauty-garden-1.jpg',401),(1480,'https://adminbeauty.hvnet.vn/Upload/Files/nuoc-tay-mong-an-toan-Missha-The-Style-Nail-Remover-100ml-beauty-garden-1.jpg',401),(1481,'https://adminbeauty.hvnet.vn/Upload/Files/nuoc-tay-mong-an-toan-Missha-The-Style-Nail-Remover-100ml-beauty-garden-1.jpg',400),(1482,'https://adminbeauty.hvnet.vn/Upload/Files/nuoc-tay-mong-an-toan-Missha-The-Style-Nail-Remover-100ml-beauty-garden-1.jpg',400),(1483,'https://adminbeauty.hvnet.vn/Upload/Files/nuoc-tay-mong-an-toan-Missha-The-Style-Nail-Remover-100ml-beauty-garden-1.jpg',400),(1484,'https://adminbeauty.hvnet.vn/Upload/Files/nuoc-tay-mong-an-toan-Missha-The-Style-Nail-Remover-100ml-beauty-garden-1.jpg',399),(1485,'https://adminbeauty.hvnet.vn/Upload/Files/nuoc-tay-mong-an-toan-Missha-The-Style-Nail-Remover-100ml-beauty-garden-1.jpg',399),(1486,'https://adminbeauty.hvnet.vn/Upload/Files/nuoc-tay-mong-an-toan-Missha-The-Style-Nail-Remover-100ml-beauty-garden-1.jpg',399),(1487,'https://adminbeauty.hvnet.vn/Upload/Files/Hinh-5-son-mong-LA-Colors-Nail-Duet.jpg',404),(1488,'https://adminbeauty.hvnet.vn/Upload/Files/Hinh-5-son-mong-LA-Colors-Nail-Duet.jpg',403),(1489,'https://adminbeauty.hvnet.vn/Upload/Files/Hinh-5-son-mong-LA-Colors-Nail-Duet.jpg',402),(1490,'https://adminbeauty.hvnet.vn//Upload/files/Hinh-6-son-mong-LA-Colors-Nail-Duet.jpg?width=350&height=391&v=15042020',404),(1491,'https://adminbeauty.hvnet.vn//Upload/files/Hinh-6-son-mong-LA-Colors-Nail-Duet.jpg?width=350&height=391&v=15042020',403),(1492,'https://adminbeauty.hvnet.vn//Upload/files/Hinh-6-son-mong-LA-Colors-Nail-Duet.jpg?width=350&height=391&v=15042020',402),(1493,'https://adminbeauty.hvnet.vn//Upload/files/Hinh-7-son-mong-LA-Colors-Nail-Duet.jpg?width=350&height=391&v=15042020',404),(1494,'https://adminbeauty.hvnet.vn//Upload/files/Hinh-7-son-mong-LA-Colors-Nail-Duet.jpg?width=350&height=391&v=15042020',403),(1495,'https://adminbeauty.hvnet.vn//Upload/files/Hinh-7-son-mong-LA-Colors-Nail-Duet.jpg?width=350&height=391&v=15042020',402),(1496,'https://adminbeauty.hvnet.vn/Upload/Files/Pinker-Bell-Korea.jpg',407),(1497,'https://adminbeauty.hvnet.vn/Upload/Files/Pinker-Bell-Korea.jpg',407),(1498,'https://adminbeauty.hvnet.vn/Upload/Files/Pinker-Bell-Korea.jpg',407),(1499,'https://adminbeauty.hvnet.vn/Upload/Files/Pinker-Bell-Korea.jpg',406),(1500,'https://adminbeauty.hvnet.vn/Upload/Files/Pinker-Bell-Korea.jpg',406),(1501,'https://adminbeauty.hvnet.vn/Upload/Files/Pinker-Bell-Korea.jpg',406),(1502,'https://adminbeauty.hvnet.vn/Upload/Files/Pinker-Bell-Korea.jpg',405),(1503,'https://adminbeauty.hvnet.vn/Upload/Files/Pinker-Bell-Korea.jpg',405),(1504,'https://adminbeauty.hvnet.vn/Upload/Files/Pinker-Bell-Korea.jpg',405),(1505,'https://adminbeauty.hvnet.vn/Upload/Files/chic-ne-27112019015050.jpg',410),(1506,'https://adminbeauty.hvnet.vn/Upload/Files/chic-ne-27112019015050.jpg',410),(1507,'https://adminbeauty.hvnet.vn/Upload/Files/chic-ne-27112019015050.jpg',410),(1508,'https://adminbeauty.hvnet.vn/Upload/Files/chic-ne-27112019015050.jpg',409),(1509,'https://adminbeauty.hvnet.vn/Upload/Files/chic-ne-27112019015050.jpg',409),(1510,'https://adminbeauty.hvnet.vn/Upload/Files/chic-ne-27112019015050.jpg',409),(1511,'https://adminbeauty.hvnet.vn/Upload/Files/chic-ne-27112019015050.jpg',408),(1512,'https://adminbeauty.hvnet.vn/Upload/Files/chic-ne-27112019015050.jpg',408),(1513,'https://adminbeauty.hvnet.vn/Upload/Files/chic-ne-27112019015050.jpg',408),(1514,'https://adminbeauty.hvnet.vn/Upload/Files/a5-15102018021200.jpg',413),(1515,'https://adminbeauty.hvnet.vn/Upload/Files/a5-15102018021200.jpg',413),(1516,'https://adminbeauty.hvnet.vn/Upload/Files/a5-15102018021200.jpg',413),(1517,'https://adminbeauty.hvnet.vn/Upload/Files/a5-15102018021200.jpg',412),(1518,'https://adminbeauty.hvnet.vn/Upload/Files/a5-15102018021200.jpg',412),(1519,'https://adminbeauty.hvnet.vn/Upload/Files/a5-15102018021200.jpg',412),(1520,'https://adminbeauty.hvnet.vn/Upload/Files/a5-15102018021200.jpg',411),(1521,'https://adminbeauty.hvnet.vn/Upload/Files/a5-15102018021200.jpg',411),(1522,'https://adminbeauty.hvnet.vn/Upload/Files/a5-15102018021200.jpg',411),(1523,'https://adminbeauty.hvnet.vn/Upload/Files/Nuoc-hoa-nam-Victoria-s-Secret-Very-Sexy-Platinum.jpg',416),(1524,'https://adminbeauty.hvnet.vn/Upload/Files/Nuoc-hoa-nam-Victoria-s-Secret-Very-Sexy-Platinum.jpg',415),(1525,'https://adminbeauty.hvnet.vn/Upload/Files/Nuoc-hoa-nam-Victoria-s-Secret-Very-Sexy-Platinum.jpg',414),(1526,'https://adminbeauty.hvnet.vn//Upload/files/Nuoc-hoa-nam-Victoria-s-Secret-Very-Sexy-Platinum-2.jpg?width=350&height=391&v=15042020',414),(1527,'https://adminbeauty.hvnet.vn//Upload/files/Nuoc-hoa-nam-Victoria-s-Secret-Very-Sexy-Platinum-2.jpg?width=350&height=391&v=15042020',415),(1528,'https://adminbeauty.hvnet.vn//Upload/files/Nuoc-hoa-nam-Victoria-s-Secret-Very-Sexy-Platinum-2.jpg?width=350&height=391&v=15042020',416),(1529,'https://adminbeauty.hvnet.vn//Upload/files/Nuoc-hoa-nam-Victoria-s-Secret-Very-Sexy-Platinum-3.jpg?width=350&height=391&v=15042020',416),(1530,'https://adminbeauty.hvnet.vn//Upload/files/Nuoc-hoa-nam-Victoria-s-Secret-Very-Sexy-Platinum-3.jpg?width=350&height=391&v=15042020',415),(1531,'https://adminbeauty.hvnet.vn//Upload/files/Nuoc-hoa-nam-Victoria-s-Secret-Very-Sexy-Platinum-3.jpg?width=350&height=391&v=15042020',414),(1532,'https://adminbeauty.hvnet.vn/Upload/Files/bath-bodywork091544.jpg',419),(1533,'https://adminbeauty.hvnet.vn/Upload/Files/bath-bodywork091544.jpg',419),(1534,'https://adminbeauty.hvnet.vn/Upload/Files/bath-bodywork091544.jpg',419),(1535,'https://adminbeauty.hvnet.vn/Upload/Files/bath-bodywork091544.jpg',418),(1536,'https://adminbeauty.hvnet.vn/Upload/Files/bath-bodywork091544.jpg',418),(1537,'https://adminbeauty.hvnet.vn/Upload/Files/bath-bodywork091544.jpg',418),(1538,'https://adminbeauty.hvnet.vn/Upload/Files/bath-bodywork091544.jpg',417),(1539,'https://adminbeauty.hvnet.vn/Upload/Files/bath-bodywork091544.jpg',417),(1540,'https://adminbeauty.hvnet.vn/Upload/Files/bath-bodywork091544.jpg',417),(1541,'https://adminbeauty.hvnet.vn/Upload/Files/avatar-sp-web11-1-recovered-recovered-recovered-recovered-recovered-recovered-12022020103544.jpg',422),(1542,'https://adminbeauty.hvnet.vn/Upload/Files/avatar-sp-web11-1-recovered-recovered-recovered-recovered-recovered-recovered-12022020103544.jpg',422),(1543,'https://adminbeauty.hvnet.vn/Upload/Files/avatar-sp-web11-1-recovered-recovered-recovered-recovered-recovered-recovered-12022020103544.jpg',422),(1544,'https://adminbeauty.hvnet.vn/Upload/Files/avatar-sp-web11-1-recovered-recovered-recovered-recovered-recovered-recovered-12022020103544.jpg',421),(1545,'https://adminbeauty.hvnet.vn/Upload/Files/avatar-sp-web11-1-recovered-recovered-recovered-recovered-recovered-recovered-12022020103544.jpg',421),(1546,'https://adminbeauty.hvnet.vn/Upload/Files/avatar-sp-web11-1-recovered-recovered-recovered-recovered-recovered-recovered-12022020103544.jpg',421),(1547,'https://adminbeauty.hvnet.vn/Upload/Files/avatar-sp-web11-1-recovered-recovered-recovered-recovered-recovered-recovered-12022020103544.jpg',420),(1548,'https://adminbeauty.hvnet.vn/Upload/Files/avatar-sp-web11-1-recovered-recovered-recovered-recovered-recovered-recovered-12022020103544.jpg',420),(1549,'https://adminbeauty.hvnet.vn/Upload/Files/avatar-sp-web11-1-recovered-recovered-recovered-recovered-recovered-recovered-12022020103544.jpg',420),(1552,'https://adminbeauty.hvnet.vn/Upload/Files/Vaseline-Concentrated.jpg',425),(1553,'https://adminbeauty.hvnet.vn/Upload/Files/Vaseline-Concentrated.jpg',425),(1554,'https://adminbeauty.hvnet.vn/Upload/Files/Vaseline-Concentrated.jpg',425),(1555,'https://adminbeauty.hvnet.vn/Upload/Files/Vaseline-Concentrated.jpg',424),(1556,'https://adminbeauty.hvnet.vn/Upload/Files/Vaseline-Concentrated.jpg',424),(1557,'https://adminbeauty.hvnet.vn/Upload/Files/Vaseline-Concentrated.jpg',424),(1558,'https://adminbeauty.hvnet.vn/Upload/Files/Vaseline-Concentrated.jpg',423),(1559,'https://adminbeauty.hvnet.vn/Upload/Files/Vaseline-Concentrated.jpg',423),(1560,'https://adminbeauty.hvnet.vn/Upload/Files/Vaseline-Concentrated.jpg',423),(1561,'https://adminbeauty.hvnet.vn/Upload/Files/hatomugi-body-milk.jpg',428),(1562,'https://adminbeauty.hvnet.vn/Upload/Files/hatomugi-body-milk.jpg',428),(1563,'https://adminbeauty.hvnet.vn/Upload/Files/hatomugi-body-milk.jpg',428),(1564,'https://adminbeauty.hvnet.vn/Upload/Files/hatomugi-body-milk.jpg',427),(1565,'https://adminbeauty.hvnet.vn/Upload/Files/hatomugi-body-milk.jpg',427),(1566,'https://adminbeauty.hvnet.vn/Upload/Files/hatomugi-body-milk.jpg',427),(1567,'https://adminbeauty.hvnet.vn/Upload/Files/hatomugi-body-milk.jpg',426),(1568,'https://adminbeauty.hvnet.vn/Upload/Files/hatomugi-body-milk.jpg',426),(1569,'https://adminbeauty.hvnet.vn/Upload/Files/hatomugi-body-milk.jpg',426),(1570,'https://adminbeauty.hvnet.vn/Upload/Files/12-08022020113328.jpg',431),(1571,'https://adminbeauty.hvnet.vn/Upload/Files/12-08022020113328.jpg',430),(1572,'https://adminbeauty.hvnet.vn/Upload/Files/12-08022020113328.jpg',429),(1573,'https://adminbeauty.hvnet.vn//Upload/files/13-08022020113334.jpg?width=350&height=391&v=15042020',431),(1574,'https://adminbeauty.hvnet.vn//Upload/files/13-08022020113334.jpg?width=350&height=391&v=15042020',430),(1575,'https://adminbeauty.hvnet.vn//Upload/files/13-08022020113334.jpg?width=350&height=391&v=15042020',429),(1576,'https://adminbeauty.hvnet.vn//Upload/files/61086517_345017406208042_3314865719081959424_n-08022020031135.jpg?width=350&height=391&v=15042020',429),(1577,'https://adminbeauty.hvnet.vn//Upload/files/61086517_345017406208042_3314865719081959424_n-08022020031135.jpg?width=350&height=391&v=15042020',430),(1578,'https://adminbeauty.hvnet.vn//Upload/files/61086517_345017406208042_3314865719081959424_n-08022020031135.jpg?width=350&height=391&v=15042020',431),(1580,'https://adminbeauty.hvnet.vn/Upload/Files/Avatar-SP-Web(1)(1)-Recovered-Recovered-Recovered-Recovered-Recovered(2).jpg',434),(1581,'https://adminbeauty.hvnet.vn/Upload/Files/Avatar-SP-Web(1)(1)-Recovered-Recovered-Recovered-Recovered-Recovered(2).jpg',434),(1582,'https://adminbeauty.hvnet.vn/Upload/Files/Avatar-SP-Web(1)(1)-Recovered-Recovered-Recovered-Recovered-Recovered(2).jpg',434),(1583,'https://adminbeauty.hvnet.vn/Upload/Files/Avatar-SP-Web(1)(1)-Recovered-Recovered-Recovered-Recovered-Recovered(2).jpg',433),(1584,'https://adminbeauty.hvnet.vn/Upload/Files/Avatar-SP-Web(1)(1)-Recovered-Recovered-Recovered-Recovered-Recovered(2).jpg',433),(1585,'https://adminbeauty.hvnet.vn/Upload/Files/Avatar-SP-Web(1)(1)-Recovered-Recovered-Recovered-Recovered-Recovered(2).jpg',433),(1586,'https://adminbeauty.hvnet.vn/Upload/Files/Avatar-SP-Web(1)(1)-Recovered-Recovered-Recovered-Recovered-Recovered(2).jpg',432),(1587,'https://adminbeauty.hvnet.vn/Upload/Files/Avatar-SP-Web(1)(1)-Recovered-Recovered-Recovered-Recovered-Recovered(2).jpg',432),(1588,'https://adminbeauty.hvnet.vn/Upload/Files/Avatar-SP-Web(1)(1)-Recovered-Recovered-Recovered-Recovered-Recovered(2).jpg',432),(1589,'https://adminbeauty.hvnet.vn/Upload/Files/Cocoon-Dak-Lak-Coffee-Body-Butter.jpg',437),(1590,'https://adminbeauty.hvnet.vn/Upload/Files/Cocoon-Dak-Lak-Coffee-Body-Butter.jpg',437),(1591,'https://adminbeauty.hvnet.vn/Upload/Files/Cocoon-Dak-Lak-Coffee-Body-Butter.jpg',437),(1592,'https://adminbeauty.hvnet.vn/Upload/Files/Cocoon-Dak-Lak-Coffee-Body-Butter.jpg',436),(1593,'https://adminbeauty.hvnet.vn/Upload/Files/Cocoon-Dak-Lak-Coffee-Body-Butter.jpg',436),(1594,'https://adminbeauty.hvnet.vn/Upload/Files/Cocoon-Dak-Lak-Coffee-Body-Butter.jpg',436),(1595,'https://adminbeauty.hvnet.vn/Upload/Files/Cocoon-Dak-Lak-Coffee-Body-Butter.jpg',435),(1596,'https://adminbeauty.hvnet.vn/Upload/Files/Cocoon-Dak-Lak-Coffee-Body-Butter.jpg',435),(1597,'https://adminbeauty.hvnet.vn/Upload/Files/Cocoon-Dak-Lak-Coffee-Body-Butter.jpg',435),(1598,'https://adminbeauty.hvnet.vn/Upload/Files/Avatar-SP-Web(1)(1)-Recovered-(1).jpg',440),(1599,'https://adminbeauty.hvnet.vn/Upload/Files/Avatar-SP-Web(1)(1)-Recovered-(1).jpg',440),(1600,'https://adminbeauty.hvnet.vn/Upload/Files/Avatar-SP-Web(1)(1)-Recovered-(1).jpg',440),(1601,'https://adminbeauty.hvnet.vn/Upload/Files/Avatar-SP-Web(1)(1)-Recovered-(1).jpg',439),(1602,'https://adminbeauty.hvnet.vn/Upload/Files/Avatar-SP-Web(1)(1)-Recovered-(1).jpg',439),(1603,'https://adminbeauty.hvnet.vn/Upload/Files/Avatar-SP-Web(1)(1)-Recovered-(1).jpg',439),(1604,'https://adminbeauty.hvnet.vn/Upload/Files/Avatar-SP-Web(1)(1)-Recovered-(1).jpg',438),(1605,'https://adminbeauty.hvnet.vn/Upload/Files/Avatar-SP-Web(1)(1)-Recovered-(1).jpg',438),(1607,'https://adminbeauty.hvnet.vn/Upload/Files/Avatar-SP-Web(1)(1)-Recovered-(1).jpg',438),(1608,'https://adminbeauty.hvnet.vn/Upload/Files/avatar-sp-web11-1-recovered-11032020043641.jpg',443),(1609,'https://adminbeauty.hvnet.vn/Upload/Files/avatar-sp-web11-1-recovered-11032020043641.jpg',443),(1610,'https://adminbeauty.hvnet.vn/Upload/Files/avatar-sp-web11-1-recovered-11032020043641.jpg',443),(1611,'https://adminbeauty.hvnet.vn/Upload/Files/avatar-sp-web11-1-recovered-11032020043641.jpg',442),(1612,'https://adminbeauty.hvnet.vn/Upload/Files/avatar-sp-web11-1-recovered-11032020043641.jpg',442),(1613,'https://adminbeauty.hvnet.vn/Upload/Files/avatar-sp-web11-1-recovered-11032020043641.jpg',442),(1614,'https://adminbeauty.hvnet.vn/Upload/Files/avatar-sp-web11-1-recovered-11032020043641.jpg',441),(1615,'https://adminbeauty.hvnet.vn/Upload/Files/avatar-sp-web11-1-recovered-11032020043641.jpg',441),(1616,'https://adminbeauty.hvnet.vn/Upload/Files/avatar-sp-web11-1-recovered-11032020043641.jpg',441),(1617,'https://adminbeauty.hvnet.vn/Upload/Files/Avatar-SP-Web(1)(1)-Recovered-(1).jpg',446),(1618,'https://adminbeauty.hvnet.vn/Upload/Files/Avatar-SP-Web(1)(1)-Recovered-(1).jpg',446),(1619,'https://adminbeauty.hvnet.vn/Upload/Files/Avatar-SP-Web(1)(1)-Recovered-(1).jpg',446),(1620,'https://adminbeauty.hvnet.vn/Upload/Files/Avatar-SP-Web(1)(1)-Recovered-(1).jpg',445),(1621,'https://adminbeauty.hvnet.vn/Upload/Files/Avatar-SP-Web(1)(1)-Recovered-(1).jpg',445),(1622,'https://adminbeauty.hvnet.vn/Upload/Files/Avatar-SP-Web(1)(1)-Recovered-(1).jpg',445),(1623,'https://adminbeauty.hvnet.vn/Upload/Files/Avatar-SP-Web(1)(1)-Recovered-(1).jpg',444),(1624,'https://adminbeauty.hvnet.vn/Upload/Files/Avatar-SP-Web(1)(1)-Recovered-(1).jpg',444),(1625,'https://adminbeauty.hvnet.vn/Upload/Files/Avatar-SP-Web(1)(1)-Recovered-(1).jpg',444),(1626,'https://adminbeauty.hvnet.vn/Upload/Files/Avatar-SP-Web(1)(1)(1).jpg',449),(1627,'https://adminbeauty.hvnet.vn/Upload/Files/Avatar-SP-Web(1)(1)(1).jpg',449),(1628,'https://adminbeauty.hvnet.vn/Upload/Files/Avatar-SP-Web(1)(1)(1).jpg',449),(1629,'https://adminbeauty.hvnet.vn/Upload/Files/Avatar-SP-Web(1)(1)(1).jpg',448),(1630,'https://adminbeauty.hvnet.vn/Upload/Files/Avatar-SP-Web(1)(1)(1).jpg',448),(1631,'https://adminbeauty.hvnet.vn/Upload/Files/Avatar-SP-Web(1)(1)(1).jpg',448),(1632,'https://adminbeauty.hvnet.vn/Upload/Files/Avatar-SP-Web(1)(1)(1).jpg',447),(1633,'https://adminbeauty.hvnet.vn/Upload/Files/Avatar-SP-Web(1)(1)(1).jpg',447),(1634,'https://adminbeauty.hvnet.vn/Upload/Files/Avatar-SP-Web(1)(1)(1).jpg',447),(1635,'https://adminbeauty.hvnet.vn/Upload/Files/a1-04122018021135.jpg',452),(1636,'https://adminbeauty.hvnet.vn/Upload/Files/a1-04122018021135.jpg',452),(1637,'https://adminbeauty.hvnet.vn/Upload/Files/a1-04122018021135.jpg',451),(1638,'https://adminbeauty.hvnet.vn/Upload/Files/a1-04122018021135.jpg',451),(1639,'https://adminbeauty.hvnet.vn/Upload/Files/a1-04122018021135.jpg',450),(1640,'https://adminbeauty.hvnet.vn/Upload/Files/a1-04122018021135.jpg',450),(1641,'https://adminbeauty.hvnet.vn//Upload/files/a3-04122018021140.jpg?width=350&height=391&v=15042020',450),(1642,'https://adminbeauty.hvnet.vn//Upload/files/a3-04122018021140.jpg?width=350&height=391&v=15042020',450),(1644,'https://adminbeauty.hvnet.vn//Upload/files/a3-04122018021140.jpg?width=350&height=391&v=15042020',451),(1645,'https://adminbeauty.hvnet.vn//Upload/files/a3-04122018021140.jpg?width=350&height=391&v=15042020',451),(1646,'https://adminbeauty.hvnet.vn//Upload/files/a3-04122018021140.jpg?width=350&height=391&v=15042020',452),(1647,'https://adminbeauty.hvnet.vn//Upload/files/a3-04122018021140.jpg?width=350&height=391&v=15042020',452),(1648,'https://adminbeauty.hvnet.vn/Upload/Files/a2-16102018015808.jpg',455),(1649,'https://adminbeauty.hvnet.vn/Upload/Files/a2-16102018015808.jpg',455),(1650,'https://adminbeauty.hvnet.vn/Upload/Files/a2-16102018015808.jpg',453),(1651,'https://adminbeauty.hvnet.vn/Upload/Files/a2-16102018015808.jpg',453),(1652,'https://adminbeauty.hvnet.vn/Upload/Files/a2-16102018015808.jpg',454),(1653,'https://adminbeauty.hvnet.vn/Upload/Files/a2-16102018015808.jpg',454),(1654,'https://adminbeauty.hvnet.vn//Upload/files/a4-16102018015846.jpg?width=350&height=391&v=15042020',455),(1655,'https://adminbeauty.hvnet.vn//Upload/files/a4-16102018015846.jpg?width=350&height=391&v=15042020',455),(1656,'https://adminbeauty.hvnet.vn//Upload/files/a4-16102018015846.jpg?width=350&height=391&v=15042020',454),(1657,'https://adminbeauty.hvnet.vn//Upload/files/a4-16102018015846.jpg?width=350&height=391&v=15042020',454),(1658,'https://adminbeauty.hvnet.vn//Upload/files/a4-16102018015846.jpg?width=350&height=391&v=15042020',453),(1659,'https://adminbeauty.hvnet.vn//Upload/files/a4-16102018015846.jpg?width=350&height=391&v=15042020',453),(1660,'https://adminbeauty.hvnet.vn/Upload/Files/a1-14062019042423.jpg',458),(1661,'https://adminbeauty.hvnet.vn/Upload/Files/a1-14062019042423.jpg',458),(1662,'https://adminbeauty.hvnet.vn/Upload/Files/a1-14062019042423.jpg',457),(1663,'https://adminbeauty.hvnet.vn/Upload/Files/a1-14062019042423.jpg',457),(1664,'https://adminbeauty.hvnet.vn/Upload/Files/a1-14062019042423.jpg',456),(1665,'https://adminbeauty.hvnet.vn/Upload/Files/a1-14062019042423.jpg',456),(1666,'https://adminbeauty.hvnet.vn//Upload/files/a3-14062019042429.jpg?width=350&height=391&v=15042020',458),(1667,'https://adminbeauty.hvnet.vn//Upload/files/a3-14062019042429.jpg?width=350&height=391&v=15042020',458),(1668,'https://adminbeauty.hvnet.vn//Upload/files/a3-14062019042429.jpg?width=350&height=391&v=15042020',457),(1669,'https://adminbeauty.hvnet.vn//Upload/files/a3-14062019042429.jpg?width=350&height=391&v=15042020',457),(1670,'https://adminbeauty.hvnet.vn//Upload/files/a3-14062019042429.jpg?width=350&height=391&v=15042020',456),(1671,'https://adminbeauty.hvnet.vn//Upload/files/a3-14062019042429.jpg?width=350&height=391&v=15042020',456),(1672,'https://adminbeauty.hvnet.vn/Upload/Files/avatar-sp-web11-1-recovered-recovered-recovered-recovered-03082019013925.jpg',461),(1673,'https://adminbeauty.hvnet.vn/Upload/Files/avatar-sp-web11-1-recovered-recovered-recovered-recovered-03082019013925.jpg',461),(1674,'https://adminbeauty.hvnet.vn/Upload/Files/avatar-sp-web11-1-recovered-recovered-recovered-recovered-03082019013925.jpg',461),(1675,'https://adminbeauty.hvnet.vn/Upload/Files/avatar-sp-web11-1-recovered-recovered-recovered-recovered-03082019013925.jpg',460),(1676,'https://adminbeauty.hvnet.vn/Upload/Files/avatar-sp-web11-1-recovered-recovered-recovered-recovered-03082019013925.jpg',460),(1677,'https://adminbeauty.hvnet.vn/Upload/Files/avatar-sp-web11-1-recovered-recovered-recovered-recovered-03082019013925.jpg',460),(1678,'https://adminbeauty.hvnet.vn/Upload/Files/avatar-sp-web11-1-recovered-recovered-recovered-recovered-03082019013925.jpg',459),(1679,'https://adminbeauty.hvnet.vn/Upload/Files/avatar-sp-web11-1-recovered-recovered-recovered-recovered-03082019013925.jpg',459),(1680,'https://adminbeauty.hvnet.vn/Upload/Files/avatar-sp-web11-1-recovered-recovered-recovered-recovered-03082019013925.jpg',459),(1681,'https://adminbeauty.hvnet.vn/Upload/Files/xa-phong-tri-tham-mong-Pelican-Hip-Care-Soap-hinh-anh1(1).jpg',464),(1682,'https://adminbeauty.hvnet.vn/Upload/Files/xa-phong-tri-tham-mong-Pelican-Hip-Care-Soap-hinh-anh1(1).jpg',464),(1683,'https://adminbeauty.hvnet.vn/Upload/Files/xa-phong-tri-tham-mong-Pelican-Hip-Care-Soap-hinh-anh1(1).jpg',463),(1684,'https://adminbeauty.hvnet.vn/Upload/Files/xa-phong-tri-tham-mong-Pelican-Hip-Care-Soap-hinh-anh1(1).jpg',463),(1685,'https://adminbeauty.hvnet.vn/Upload/Files/xa-phong-tri-tham-mong-Pelican-Hip-Care-Soap-hinh-anh1(1).jpg',462),(1686,'https://adminbeauty.hvnet.vn/Upload/Files/xa-phong-tri-tham-mong-Pelican-Hip-Care-Soap-hinh-anh1(1).jpg',462),(1687,'https://adminbeauty.hvnet.vn//Upload/files/xa-phong-tri-tham-mong-Pelican-Hip-Care-Soap-hinh-anh3.jpg?width=350&height=391&v=15042020',462),(1688,'https://adminbeauty.hvnet.vn//Upload/files/xa-phong-tri-tham-mong-Pelican-Hip-Care-Soap-hinh-anh3.jpg?width=350&height=391&v=15042020',462),(1689,'https://adminbeauty.hvnet.vn//Upload/files/xa-phong-tri-tham-mong-Pelican-Hip-Care-Soap-hinh-anh3.jpg?width=350&height=391&v=15042020',463),(1690,'https://adminbeauty.hvnet.vn//Upload/files/xa-phong-tri-tham-mong-Pelican-Hip-Care-Soap-hinh-anh3.jpg?width=350&height=391&v=15042020',463),(1691,'https://adminbeauty.hvnet.vn//Upload/files/xa-phong-tri-tham-mong-Pelican-Hip-Care-Soap-hinh-anh3.jpg?width=350&height=391&v=15042020',464),(1692,'https://adminbeauty.hvnet.vn//Upload/files/xa-phong-tri-tham-mong-Pelican-Hip-Care-Soap-hinh-anh3.jpg?width=350&height=391&v=15042020',464),(1693,'https://adminbeauty.hvnet.vn/Upload/Files/kem-lam-mo-vet-tham.jpg',467),(1694,'https://adminbeauty.hvnet.vn/Upload/Files/kem-lam-mo-vet-tham.jpg',467),(1695,'https://adminbeauty.hvnet.vn/Upload/Files/kem-lam-mo-vet-tham.jpg',467),(1696,'https://adminbeauty.hvnet.vn/Upload/Files/kem-lam-mo-vet-tham.jpg',467),(1697,'https://adminbeauty.hvnet.vn/Upload/Files/kem-lam-mo-vet-tham.jpg',466),(1698,'https://adminbeauty.hvnet.vn/Upload/Files/kem-lam-mo-vet-tham.jpg',466),(1699,'https://adminbeauty.hvnet.vn/Upload/Files/kem-lam-mo-vet-tham.jpg',466),(1701,'https://adminbeauty.hvnet.vn/Upload/Files/kem-lam-mo-vet-tham.jpg',466),(1702,'https://adminbeauty.hvnet.vn/Upload/Files/kem-lam-mo-vet-tham.jpg',465),(1703,'https://adminbeauty.hvnet.vn/Upload/Files/kem-lam-mo-vet-tham.jpg',465),(1704,'https://adminbeauty.hvnet.vn/Upload/Files/kem-lam-mo-vet-tham.jpg',465),(1705,'https://adminbeauty.hvnet.vn/Upload/Files/kem-lam-mo-vet-tham.jpg',465),(1706,'https://adminbeauty.hvnet.vn/Upload/Files/Avatar-SP-Web(1)(1)-Recovered(8).jpg',470),(1707,'https://adminbeauty.hvnet.vn/Upload/Files/Avatar-SP-Web(1)(1)-Recovered(8).jpg',470),(1708,'https://adminbeauty.hvnet.vn/Upload/Files/Avatar-SP-Web(1)(1)-Recovered(8).jpg',470),(1709,'https://adminbeauty.hvnet.vn/Upload/Files/Avatar-SP-Web(1)(1)-Recovered(8).jpg',471),(1710,'https://adminbeauty.hvnet.vn/Upload/Files/Avatar-SP-Web(1)(1)-Recovered(8).jpg',471),(1711,'https://adminbeauty.hvnet.vn/Upload/Files/Avatar-SP-Web(1)(1)-Recovered(8).jpg',471),(1712,'https://adminbeauty.hvnet.vn/Upload/Files/Avatar-SP-Web(1)(1)-Recovered(8).jpg',472),(1713,'https://adminbeauty.hvnet.vn/Upload/Files/Avatar-SP-Web(1)(1)-Recovered(8).jpg',472),(1714,'https://adminbeauty.hvnet.vn/Upload/Files/Avatar-SP-Web(1)(1)-Recovered(8).jpg',472),(1716,'https://adminbeauty.hvnet.vn/Upload/Files/avatar-sp-web11-recovered-16042020044443.jpg',475),(1717,'https://adminbeauty.hvnet.vn/Upload/Files/avatar-sp-web11-recovered-16042020044443.jpg',475),(1718,'https://adminbeauty.hvnet.vn/Upload/Files/avatar-sp-web11-recovered-16042020044443.jpg',475),(1719,'https://adminbeauty.hvnet.vn/Upload/Files/avatar-sp-web11-recovered-16042020044443.jpg',474),(1720,'https://adminbeauty.hvnet.vn/Upload/Files/avatar-sp-web11-recovered-16042020044443.jpg',474),(1721,'https://adminbeauty.hvnet.vn/Upload/Files/avatar-sp-web11-recovered-16042020044443.jpg',474),(1722,'https://adminbeauty.hvnet.vn/Upload/Files/avatar-sp-web11-recovered-16042020044443.jpg',473),(1723,'https://adminbeauty.hvnet.vn/Upload/Files/avatar-sp-web11-recovered-16042020044443.jpg',473),(1724,'https://adminbeauty.hvnet.vn/Upload/Files/avatar-sp-web11-recovered-16042020044443.jpg',473),(1725,'https://adminbeauty.hvnet.vn//Upload/files/a0-22052019110743.jpg?width=350&height=391&v=15042020',3),(1727,'https://adminbeauty.hvnet.vn/Upload/Files/che-khuyet-diem-tao-khoi-City-Color-Contour-Correct-cream-beauty-garden-1.jpg',2),(1728,'https://adminbeauty.hvnet.vn/Upload/Files/che-khuyet-diem-tao-khoi-City-Color-Contour-Correct-cream-beauty-garden-1.jpg',2),(1729,'https://adminbeauty.hvnet.vn/Upload/Files/che-khuyet-diem-tao-khoi-City-Color-Contour-Correct-cream-beauty-garden-1.jpg',2),(1730,'https://adminbeauty.hvnet.vn/Upload/Files/che-khuyet-diem-tao-khoi-City-Color-Contour-Correct-cream-beauty-garden-1.jpg',2),(1731,'https://adminbeauty.hvnet.vn//Upload/files/lux-ne-27112019015103.jpg?width=350&height=391&v=15042020',7),(1732,'https://theperfume.vn/wp-content/uploads/2021/05/narc-iso-rodri-guez-pu-re-mu-sc-100ml.jpg',4),(1733,'https://theperfume.vn/wp-content/uploads/2021/05/narc-iso-rodri-guez-pu-re-mu-sc-100ml.jpg',4),(1734,'https://theperfume.vn/wp-content/uploads/2021/05/narc-iso-rodri-guez-pu-re-mu-sc-100ml.jpg',4),(1735,'https://theperfume.vn/wp-content/uploads/2021/05/pu-re-mu-sc-for-women-100ml.png',4);
/*!40000 ALTER TABLE `image` ENABLE KEYS */;
UNLOCK TABLES;

--
-- Table structure for table `ordersingle`
--

DROP TABLE IF EXISTS `ordersingle`;
/*!40101 SET @saved_cs_client     = @@character_set_client */;
/*!50503 SET character_set_client = utf8mb4 */;
CREATE TABLE `ordersingle` (
  `id` int NOT NULL AUTO_INCREMENT,
  `product_id` int DEFAULT NULL,
  `price` float DEFAULT NULL,
  `number` int DEFAULT NULL,
  `orderTotal_id` varchar(11) DEFAULT NULL,
  PRIMARY KEY (`id`)
) ENGINE=InnoDB AUTO_INCREMENT=81 DEFAULT CHARSET=utf8mb3;
/*!40101 SET character_set_client = @saved_cs_client */;

--
-- Dumping data for table `ordersingle`
--

LOCK TABLES `ordersingle` WRITE;
/*!40000 ALTER TABLE `ordersingle` DISABLE KEYS */;
INSERT INTO `ordersingle` VALUES (1,361,227500,3,'3d1m99Doe5'),(2,68,160200,3,'3d1m99Doe5'),(3,361,227500,3,'0v2NYLKbqy'),(4,3,112500,4,'0v2NYLKbqy'),(5,361,227500,7,'s1YVEu9PF9'),(6,3,112500,4,'s1YVEu9PF9'),(7,113,127500,3,'s1YVEu9PF9'),(8,2,9400,1,'ynpbfHmNE2'),(9,3,112500,1,'ynpbfHmNE2'),(10,361,227500,1,'UDm6SAOijy'),(11,361,227500,4,'vYpEFtEeTk'),(12,361,227500,4,'PcYt5Y5l1K'),(13,361,227500,1,'W4K2Mpdvyc'),(14,471,48500,4,'hzSBxmrGcG'),(15,361,227500,10,'vnmzkeouPM'),(16,147,1408000,12,'vnmzkeouPM'),(17,436,177450,7,'d92AkAcSN8'),(18,436,177450,7,'IO04v3uJ5i'),(19,384,119000,4,'IO04v3uJ5i'),(20,35,366600,4,'qlALxAYS55'),(21,19,306000,4,'CGI5J3SA8X'),(22,268,13500,6,'Spo8vtifkJ'),(23,68,160200,6,'Spo8vtifkJ'),(24,255,277300,5,'Mhy9pVUSIy'),(25,281,37200,5,'Mhy9pVUSIy'),(26,25,191100,7,'mojc17WTnv'),(27,22,272600,6,'mojc17WTnv'),(28,9,191100,4,'DpMG45OrGo'),(29,68,160200,1,'DpMG45OrGo'),(30,20,361000,11,'KmlSMEsEb5'),(31,347,142400,3,'KmlSMEsEb5'),(32,19,306000,5,'KmlSMEsEb5'),(33,20,361000,11,'nJEbbT0txq'),(34,347,142400,3,'nJEbbT0txq'),(35,19,306000,5,'nJEbbT0txq'),(36,3,112500,1,'XXaYxdV3a8'),(37,3,112500,1,'280Pe3mjQs'),(38,3,112500,2,'kHtOmSYRt2'),(39,8,163400,3,'VvXxzvAQiy'),(40,423,147600,3,'VvXxzvAQiy'),(41,36,366600,4,'97Tq96GpxX'),(42,11,897250,7,'2EsAZV6Gp1'),(43,68,160200,7,'2EsAZV6Gp1'),(44,27,1704000,5,'ljUkOAfVOd'),(45,68,160200,5,'ljUkOAfVOd'),(46,21,299200,5,'BORnJ8a55G'),(47,322,460600,5,'BORnJ8a55G'),(48,270,13500,10,'KnRKfmRoNr'),(49,19,306000,10,'KnRKfmRoNr'),(50,25,191100,4,'hDyidNxMaW'),(51,9,191100,6,'NbcbJdMaIU'),(52,347,142400,7,'CbkL5yrgXT'),(53,314,116200,6,'CbkL5yrgXT'),(54,35,366600,4,'XDDBpDeXaj'),(55,309,112200,3,'0l8NMiq9h7'),(56,68,160200,5,'0l8NMiq9h7'),(57,22,272600,5,'7X2Q810o2d'),(58,25,191100,5,'E2hLQm9ZsY'),(59,347,142400,5,'dUUHIyRLNT'),(60,357,187500,6,'x7XGDIVjzz'),(61,23,595200,6,'x7XGDIVjzz'),(62,35,366600,6,'AMSJJWflDv'),(63,22,272600,6,'AMSJJWflDv'),(64,284,154000,5,'Sd1G4XvEod'),(65,228,158400,4,'Sd1G4XvEod'),(66,2,9400,5,'j7CFppxreS'),(67,281,37200,4,'XhcIskGt4B'),(68,24,3348000,4,'XhcIskGt4B'),(69,25,191100,3,'Ill0Kxosbz'),(70,284,154000,8,'qtrxhrkses'),(71,22,272600,5,'y3y6q8mZJ4'),(72,9,191100,5,'y3y6q8mZJ4'),(73,23,595200,3,'DPYAWgk0Ir'),(74,270,13500,5,'6ffpfO17C2'),(75,4,315000,8,'1cTEBZ8dTj'),(76,281,37200,5,'r7VfIcbAqm'),(77,9,191100,5,'zPSMcq8sdk'),(78,452,153000,5,'n3JL1nqFFQ'),(79,2,9400,5,'n3JL1nqFFQ'),(80,9,191100,7,'YiUtnQf4RO');
/*!40000 ALTER TABLE `ordersingle` ENABLE KEYS */;
UNLOCK TABLES;

--
-- Table structure for table `ordertotal`
--

DROP TABLE IF EXISTS `ordertotal`;
/*!40101 SET @saved_cs_client     = @@character_set_client */;
/*!50503 SET character_set_client = utf8mb4 */;
CREATE TABLE `ordertotal` (
  `id` varchar(11) NOT NULL,
  `total` float DEFAULT NULL,
  `note` varchar(200) DEFAULT NULL,
  `transport_id` int DEFAULT NULL,
  `user_id` int DEFAULT NULL,
  `phone` varchar(11) DEFAULT 'no',
  `discount` float DEFAULT '0',
  `status` int DEFAULT '0',
  `name` varchar(100) DEFAULT 'Customer',
  `time_order` datetime DEFAULT NULL,
  PRIMARY KEY (`id`),
  KEY `transport_id` (`transport_id`),
  CONSTRAINT `ordertotal_ibfk_1` FOREIGN KEY (`transport_id`) REFERENCES `transport` (`id`)
) ENGINE=InnoDB DEFAULT CHARSET=utf8mb3;
/*!40101 SET character_set_client = @saved_cs_client */;

--
-- Dumping data for table `ordertotal`
--

LOCK TABLES `ordertotal` WRITE;
/*!40000 ALTER TABLE `ordertotal` DISABLE KEYS */;
INSERT INTO `ordertotal` VALUES ('0l8NMiq9h7',1167600,'',1,46,'0827299123',0,0,'Đức Độ','2021-12-31 20:43:20'),('0v2NYLKbqy',958000,'',3,7,'',20,-1,'Đức Độ',NULL),('280Pe3mjQs',29500,'',2,47,'0827299123',80,-1,'Văn Dần',NULL),('2EsAZV6Gp1',743715,'',3,46,'0827299123',90,-1,'Đức Độ',NULL),('3d1m99Doe5',1223100,'',1,7,'',0,-1,'Đức Độ',NULL),('7X2Q810o2d',1393000,'',1,46,'0827299123',0,0,'Đức Độ','2021-12-31 22:57:53'),('97Tq96GpxX',299280,'',1,46,'',80,0,'Đức Độ',NULL),('AMSJJWflDv',3483180,'',3,46,'0827299123',10,0,'Đức Độ','2022-01-05 11:00:06'),('CbkL5yrgXT',1724000,'',1,-1,'',0,2,'Docute','2021-12-23 23:55:28'),('DpMG45OrGo',191920,'',3,46,'0827299123',80,0,'Đức Độ',NULL),('DPYAWgk0Ir',1638540,'',2,46,'0827299123',10,0,'Đức Độ','2022-01-05 15:17:06'),('dUUHIyRLNT',672300,'',3,46,'0827299123',10,0,'Đức Độ','2022-01-05 10:12:32'),('E2hLQm9ZsY',886950,'',1,46,'0827299123',10,0,'Đức Độ','2021-12-31 23:38:11'),('hzSBxmrGcG',175200,'',4,7,'',20,2,'Đức Độ',NULL),('Ill0Kxosbz',608300,'',2,46,'0827299123',0,0,'Đức Độ','2022-01-05 12:46:36'),('j7CFppxreS',73800,'',3,46,'0827299123',10,0,'Đức Độ','2022-01-05 11:09:18'),('kHtOmSYRt2',255000,'',1,47,'',0,0,'Văn Dần',NULL),('KmlSMEsEb5',1192640,'Tao là trùm Vỹ Dạ',3,46,'0888888888',80,0,'Đức Độ',NULL),('Mhy9pVUSIy',321500,'Do pro',3,46,'0827299123',80,0,'Đức Độ',NULL),('mojc17WTnv',600660,'note ?',1,46,'0827299123',80,1,'Đức Độ',NULL),('n3JL1nqFFQ',757800,'',1,55,'01666786202',10,0,'Thịnh Culi','2022-01-06 22:34:47'),('NbcbJdMaIU',1058940,'',1,46,'08888888788',10,0,'Đức Độ',NULL),('nJEbbT0txq',5958200,'',1,47,'',0,0,'Văn Dần',NULL),('PcYt5Y5l1K',756000,'',2,7,'',20,0,'Đức Độ',NULL),('qtrxhrkses',1262000,'',1,46,'0827299123',0,0,'Đức Độ','2022-01-05 12:49:31'),('s1YVEu9PF9',1992000,'',3,7,'',20,1,'Đức Độ',NULL),('Sd1G4XvEod',1294740,'',2,46,'0827299123',10,0,'Đức Độ','2022-01-05 11:01:25'),('Spo8vtifkJ',213440,'Tao là trùm khu Vỹ Dạ',4,-1,'0827299123',80,0,'Customer',NULL),('UDm6SAOijy',226000,'',4,7,'',20,2,'Đức Độ',NULL),('vnmzkeouPM',3841200,'',2,45,'',80,-1,'Hoàng Thịnh',NULL),('VvXxzvAQiy',193600,'Tao la trum',3,47,'0888888888',80,0,'Văn Dần',NULL),('vYpEFtEeTk',756000,'',3,7,'',20,1,'Đức Độ',NULL),('W4K2Mpdvyc',257500,'',1,7,'',0,2,'Đức Độ',NULL),('x7XGDIVjzz',4258080,'',3,46,'0827299123',10,0,'Đức Độ','2022-01-05 10:24:43'),('XDDBpDeXaj',1351260,'dm',3,46,'08272991234',10,0,'Đức Độ','2021-12-24 16:03:49'),('XhcIskGt4B',12213700,'',1,46,'0827299123',10,0,'Đức Độ','2022-01-05 12:39:52'),('XXaYxdV3a8',29500,'',2,47,'0827299123',80,0,'Văn Dần',NULL),('y3y6q8mZJ4',2104650,'',5,46,'0827299123',10,0,'Đức Độ','2022-01-05 12:53:10'),('YiUtnQf4RO',1367700,'',1,55,'01666786202',0,0,'Thịnh Culi','2022-01-06 22:39:00'),('ynpbfHmNE2',137520,'',5,7,'',20,1,'Đức Độ',NULL);
/*!40000 ALTER TABLE `ordertotal` ENABLE KEYS */;
UNLOCK TABLES;

--
-- Table structure for table `product`
--

DROP TABLE IF EXISTS `product`;
/*!40101 SET @saved_cs_client     = @@character_set_client */;
/*!50503 SET character_set_client = utf8mb4 */;
CREATE TABLE `product` (
  `id` int NOT NULL AUTO_INCREMENT,
  `title` varchar(300) CHARACTER SET utf8 COLLATE utf8_general_ci DEFAULT NULL,
  `description` varchar(1000) CHARACTER SET utf8 COLLATE utf8_general_ci DEFAULT NULL,
  `rating` float DEFAULT '5',
  `sold` int DEFAULT '0',
  `price_default` float DEFAULT NULL,
  `cate_id` int DEFAULT NULL,
  `collection_id` int DEFAULT NULL,
  `brand_id` int DEFAULT NULL,
  `discountAmount` int DEFAULT '0',
  `quantity` int DEFAULT '100',
  PRIMARY KEY (`id`),
  KEY `cate_id` (`cate_id`),
  KEY `collection_id` (`collection_id`),
  KEY `brand_id` (`brand_id`),
  CONSTRAINT `product_ibfk_1` FOREIGN KEY (`cate_id`) REFERENCES `category` (`id`),
  CONSTRAINT `product_ibfk_2` FOREIGN KEY (`collection_id`) REFERENCES `collection` (`id`),
  CONSTRAINT `product_ibfk_3` FOREIGN KEY (`brand_id`) REFERENCES `brand` (`id`)
) ENGINE=InnoDB AUTO_INCREMENT=476 DEFAULT CHARSET=utf8mb3;
/*!40101 SET character_set_client = @saved_cs_client */;

--
-- Dumping data for table `product`
--

LOCK TABLES `product` WRITE;
/*!40000 ALTER TABLE `product` DISABLE KEYS */;
INSERT INTO `product` VALUES (2,'Che Khuyết Điểm Catrice True Skin High Cover','Che khuyết điểm Catrice True Skin High Cover Concealer 4.5ml có độ che phủ cao, dễ dàng \"xóa\" đi các khuyết điểm trên da chỉ trong tích tắc. Bên cạnh đó sản phẩm còn có khả năng dưỡng ẩm giúp da không bị khô, gây mốc nền trong thời gian dài \r\n							',5,10,10000,1,2,45,6,90),(3,'Nước Hoa Suddenly Mamade Glamour Eau De Parfum','- Hương thơm dai, bền mùi, không gắt		',5,3,150000,48,6,42,25,955),(4,' Narciso Rodriguez Purse Spray For Her','i mùi hương ngọt ngào và nữ tính với sự ngây thơ, tinh nghịch khiến bất cứ cô gái nào cũng đều trở nên lôi cuốn vô cùng. Thích hợp là món quà tặng trong dịp sinh nhật, hay hẹn hò.',5,8,350000,48,6,42,10,92),(7,'Nước Hoa Nữ Venus Global Beauty Parisian','- Dong nước hoa phù hợp cho các nàng sử dụng hằng ngày\r\n- Hương thơm dịu dàng, sang trọng, tinh tế\r\n- Thiết kế đơn giản, cầm chắc tay\r\n- Độ lưu hương ổn định 6 - 8 tiếng',5,0,500000,48,6,42,50,100),(8,'Che Khuyết Điểm & Tạo Khối Contour Correct City Color','Che khuyết điểm và tạo khối Contour & Correct cream City Color giúp khuôn mặt bạn được thon gọn và rạng rỡ, mang lại vẻ đẹp tự nhiên và thanh thoát hơn sau khi make up.',5,3,190000,15,2,42,14,97),(9,'Kem Che Khuyết Điểm Dermacol Make-Up Cover','- Tạo được lớp che phủ đến mức tối đa, che phủ hoàn hảo mọi khuyết điểm trên da từ vết thâm, nám, sẹo mụn, thâm quầng mắt... cho đến cả hình xăm\r\n\r\n- Phát huy tác dụng che phủ siêu việt chỉ với 1 lớp kem rất mỏng, không gây bí và khô da\r\n\r\n- Điều chỉnh tông màu da ấn tượng phù hợp với mọi loại da với các tông màu đa dạng\r\n\r\n- Đặc biệt không thấm nước, cho lớp trang điểm bền màu suốt cả ngày',5,27,210000,1,2,42,9,73),(11,'Nước Hoa Berdoues 1902 Eau De Toilette','- Thương hiệu nước hoa với lịch sử hơn 100 năm nghiên cứu và phát triển đến từ Pháp.\r\n\r\n- Mùi hương độc đáo, tươi mát từ thiên nhiên như: cam, quýt, hoa và gỗ.\r\n\r\n- Hương thơm đa dạng, phong phú, mỗi loại phù hợp với 1 dạng tính cách riêng biệt.',5,7,925000,48,6,42,3,93),(19,'Phấn Nước AprilSkin Galaxy Edition','Phấn nước AprilSkin BLACK Magic Skin Snow Cushion SPF50+PA+++ là loại phấn nước mang tác dụng 3 trong 1, vừa làm phấn phủ trang điểm, vừa thay thế lớp kem nền che khuyết điểm cực tốt, lại vừa có khả năng chống nắng an toàn và hiệu quả.',5,15,340000,2,2,42,10,80),(20,'Phấn Nước April Skin Magic Snow Fixing','- Cho hiệu ứng mờ lì, làm đều màu da hoàn hảo\r\n\r\n-  Xóa mờ các khuyết điểm: thâm mụn, quầng mắt\r\n\r\n-  Khả năng kiểm soát nhờn và kéo dài độ bền trên da\r\n\r\n-  Thích hợp với da thường đến hỗn hợp, da dầu',5,11,380000,2,2,42,5,78),(21,'Phấn Nước Missha Cover & Glow SPF45/PA++','- Điều chỉnh màu da, cung cấp độ ẩm vừa đủ giúp không bị mốc mặt hoặc khô da, giúp da mịn màng hơn.\r\n\r\n- Đồng thời, sản phẩm còn chứa Adenosine, Axit Hyaluronic và Collagen lên men giúp cung cấp dinh dưỡng và sức sống cho làn da mệt mỏi khiến da tươi trẻ và mịn màng hơn.',5,5,340000,2,2,42,12,95),(22,'Phấn Nước Sur.Medic Super Ceramide','- Thiết kế mát mắt và vô cùng nổi bật\r\n\r\n- Đi kèm lõi phấn bọng dưỡng chất\r\n\r\n- Bông đánh mềm mịn, chóp nhỏ trên đỉnh bông tăng khả năng tán phấn vào vùng cánh mũi và đuôi mắt một cách đều tay nhất',5,22,290000,2,2,42,6,-22),(23,'Phấn Nước Laneige Neo Glow Cushion SPF50+/PA+++','Phấn nước trang điểm mang đến lớp nền rạng rỡ, ẩm mượt suốt 24 giờ nhờ thành phần giữ ẩm và làn da lấp lánh như kim cương',5,9,620000,2,2,42,4,91),(24,'Phấn Nước KLAVUU Blue Pearlsation High Coverage','- Phấn nước che phủ cực tốt những khuyết điểm trên khuôn mặt còn cung cấp độ ẩm, làm sáng da.\r\n\r\n- Với chiết xuất từ ngọc trai và rong biển, tảo biển chứa nhiều vitamin và collagen ngăn sự sự lão hoá cho da.\r\n\r\n- Bảo vệ da khỏi ánh nắng mặt trời nhờ SPF 50 / PA +++',5,4,3600000,2,2,42,7,96),(25,'Kem Nền Catrice HD Liquid Coverage Foundation','- Như 1 lớp màng cực mỏng mịn mà vẫn che phủ hiệu quả các khuyết điểm nổi bật lên 1 làn da căng tràn và vô cùng tự nhiên.\r\n\r\n- Hiệu quả cho 1 lớp nền căng và lì trong suốt 24h( nét kế thừa của nền Even Skin tone 24h).\r\n\r\n- Thiết kế khác biệt với 1 ống nhỏ giọt giúp việc lấy và điều tiết kem dễ dàng.',5,19,210000,3,2,42,9,-19),(26,'Phấn Tươi Đức Essence Soft Touch Mousse Make-Up','- Phấn tươi là một dạng của phấn kem nhưng được cô đặc lại\r\n\r\n- Chiết xuất hiệu quả cao từ nguyên liệu tươi và không chứa chất bảo quản \r\n\r\n- Khả năng dưỡng da giữ ẩm và kiềm dầu vô cùng hiệu quả chỉ với một lớp phấn siêu mỏng nhẹ\r\n\r\n- Có khả năng kiềm dầu từ 8h -12h là dạng mousse khi đánh không bị bết dính như các loại kem BB, CC thông thường',5,0,1600000,3,2,42,12,100),(27,'Kem Nền Có Đầu Bấm Maybelline Fit Me Foundation','- Cho hiệu ứng mịn lỳ, tiệp màu da\r\n\r\n- Khả năng kiềm dầu tốt cho lớp nền ráo mịn\r\n\r\n- Độ che phủ vừa phải, lên da tự nhiên\r\n\r\n- Chất kem mỏng nhẹ, dễ tán đều, không bị vón cục',5,5,2400000,3,2,42,29,95),(35,'Kem Nền Clio Kill Cover Stamping Foundation','- Sản phẩm đi kèm bông mút tiện lợi\r\n\r\n- Độ che phủ cai che được các khuyết điểm \"cứng đầu\"\r\n\r\n- Lớp nền trong veo, căng bóng như gái Hàn\r\n\r\n- Hỗ trợ chống nắng cao lên đến SPF 50/ PA+++',5,10,390000,3,2,42,6,90),(36,'Kem Nền Clio Kill Cover Stamping Foundation','- Sản phẩm đi kèm bông mút tiện lợi\r\n\r\n- Độ che phủ cai che được các khuyết điểm \"cứng đầu\"\r\n\r\n- Lớp nền trong veo, căng bóng như gái Hàn\r\n\r\n- Hỗ trợ chống nắng cao lên đến SPF 50/ PA+++',5,4,390000,3,2,42,6,96),(37,'Kem Nền Kiềm Dầu The Saem Saemmul Perfect Pore','- Kem lót giúp lấp đầy lỗ chân lông, làm mịn bề mặt da, kiềm dầu và xóa mờ sự hiện diện của lỗ chân lông lớn.\r\n\r\n- Kem BB với độ che phủ tốt, giúp da trông vẫn thật tự nhiên, không dày và nặng da.\r\n\r\n- Kết cấu thiên hướng gel giúp lớp nền trông vẫn tự nhiên tuyệt đối dù tán nhiều lớp',5,0,85000,3,2,42,20,100),(38,'Kem Nền Kiềm Dầu The Saem Saemmul Perfect Pore','- Kem lót giúp lấp đầy lỗ chân lông, làm mịn bề mặt da, kiềm dầu và xóa mờ sự hiện diện của lỗ chân lông lớn.\r\n\r\n- Kem BB với độ che phủ tốt, giúp da trông vẫn thật tự nhiên, không dày và nặng da.\r\n\r\n- Kết cấu thiên hướng gel giúp lớp nền trông vẫn tự nhiên tuyệt đối dù tán nhiều lớp',5,0,85000,3,2,42,20,100),(39,'Kem Nền Kiềm Dầu The Saem Saemmul Perfect Pore','- Kem lót giúp lấp đầy lỗ chân lông, làm mịn bề mặt da, kiềm dầu và xóa mờ sự hiện diện của lỗ chân lông lớn.\r\n\r\n- Kem BB với độ che phủ tốt, giúp da trông vẫn thật tự nhiên, không dày và nặng da.\r\n\r\n- Kết cấu thiên hướng gel giúp lớp nền trông vẫn tự nhiên tuyệt đối dù tán nhiều lớp',5,0,85000,3,2,42,20,100),(40,'Kem Nền Kiềm Dầu The Saem Saemmul Perfect Pore','- Kem lót giúp lấp đầy lỗ chân lông, làm mịn bề mặt da, kiềm dầu và xóa mờ sự hiện diện của lỗ chân lông lớn.\r\n\r\n- Kem BB với độ che phủ tốt, giúp da trông vẫn thật tự nhiên, không dày và nặng da.\r\n\r\n- Kết cấu thiên hướng gel giúp lớp nền trông vẫn tự nhiên tuyệt đối dù tán nhiều lớp',5,0,85000,3,2,42,20,100),(41,'Kem Nền Maybelline Dream Velvet Soft Matte','- Độ che phủ tốt, không cần sử dụng che khuyết điểm\r\n- Độ ẩm tốt, cho làn da căng bóng, mịn mượt\r\n- Gam màu đa dạng, phù hợp với nhiều tone da khác nhau\r\n- Lớp trang điểm đẹp, tự nhiên mà không gây hại đến làn da',5,0,220000,3,2,42,10,100),(42,'Kem Nền Maybelline Dream Velvet Soft Matte','- Độ che phủ tốt, không cần sử dụng che khuyết điểm\r\n- Độ ẩm tốt, cho làn da căng bóng, mịn mượt\r\n- Gam màu đa dạng, phù hợp với nhiều tone da khác nhau\r\n- Lớp trang điểm đẹp, tự nhiên mà không gây hại đến làn da',5,0,220000,3,2,42,10,100),(43,'Kem Nền Maybelline Dream Velvet Soft Matte','- Độ che phủ tốt, không cần sử dụng che khuyết điểm\r\n- Độ ẩm tốt, cho làn da căng bóng, mịn mượt\r\n- Gam màu đa dạng, phù hợp với nhiều tone da khác nhau\r\n- Lớp trang điểm đẹp, tự nhiên mà không gây hại đến làn da',5,0,220000,3,2,42,10,100),(44,'Kem Nền Maybelline Dream Velvet Soft Matte','- Độ che phủ tốt, không cần sử dụng che khuyết điểm\r\n- Độ ẩm tốt, cho làn da căng bóng, mịn mượt\r\n- Gam màu đa dạng, phù hợp với nhiều tone da khác nhau\r\n- Lớp trang điểm đẹp, tự nhiên mà không gây hại đến làn da',5,0,220000,3,2,42,10,100),(45,'Kem Missha M Perfect Cover BB Cream SPF42/PA+++ Kem Missha M Perfect Cover BB Cream SPF42/PA+++','- Tông màu 21 sáng tự nhiên phù hợp với tông da Châu Á\r\n\r\n- Độ che phủ trung bình - khá',5,0,180000,4,2,42,11,100),(46,'Kem Missha M Perfect Cover BB Cream SPF42/PA+++ Kem Missha M Perfect Cover BB Cream SPF42/PA+++','- Tông màu 21 sáng tự nhiên phù hợp với tông da Châu Á\r\n\r\n- Độ che phủ trung bình - khá',5,0,180000,4,2,42,11,100),(47,'Kem Missha M Perfect Cover BB Cream SPF42/PA+++ Kem Missha M Perfect Cover BB Cream SPF42/PA+++','- Tông màu 21 sáng tự nhiên phù hợp với tông da Châu Á\r\n\r\n- Độ che phủ trung bình - khá',5,0,180000,4,2,42,11,100),(48,'Kem Missha M Perfect Cover BB Cream SPF42/PA+++ Kem Missha M Perfect Cover BB Cream SPF42/PA+++','- Tông màu 21 sáng tự nhiên phù hợp với tông da Châu Á\r\n\r\n- Độ che phủ trung bình - khá',5,0,180000,4,2,42,11,100),(49,'Kem Dưỡng Trang Điểm L\'Oréal Paris True Match','- Kem dưỡng trang điểm đến từ thương hiệu mỹ phẩm nổi tiếng L’Oreal\r\n\r\n- Giúp giữ ẩm cho làn da trong suốt thời gian dài và làm da trông sáng hơn\r\n\r\n- Thành phần cho da sáng khỏe tự nhiên\r\n\r\n- Một sản phẩm bảo vệ làn da tránh khỏi các tác nhân gây hại từ môi trường với chỉ số chống nắng cao',5,0,223000,4,2,20,13,100),(50,'Kem Dưỡng Trang Điểm L\'Oréal Paris True Match','- Kem dưỡng trang điểm đến từ thương hiệu mỹ phẩm nổi tiếng L’Oreal\r\n\r\n- Giúp giữ ẩm cho làn da trong suốt thời gian dài và làm da trông sáng hơn\r\n\r\n- Thành phần cho da sáng khỏe tự nhiên\r\n\r\n- Một sản phẩm bảo vệ làn da tránh khỏi các tác nhân gây hại từ môi trường với chỉ số chống nắng cao',5,0,223000,4,2,20,13,100),(51,'Kem Dưỡng Trang Điểm L\'Oréal Paris True Match','- Kem dưỡng trang điểm đến từ thương hiệu mỹ phẩm nổi tiếng L’Oreal\r\n\r\n- Giúp giữ ẩm cho làn da trong suốt thời gian dài và làm da trông sáng hơn\r\n\r\n- Thành phần cho da sáng khỏe tự nhiên\r\n\r\n- Một sản phẩm bảo vệ làn da tránh khỏi các tác nhân gây hại từ môi trường với chỉ số chống nắng cao',5,0,223000,4,2,20,13,100),(52,'Kem Dưỡng Trang Điểm L\'Oréal Paris True Match','- Kem dưỡng trang điểm đến từ thương hiệu mỹ phẩm nổi tiếng L’Oreal\r\n\r\n- Giúp giữ ẩm cho làn da trong suốt thời gian dài và làm da trông sáng hơn\r\n\r\n- Thành phần cho da sáng khỏe tự nhiên\r\n\r\n- Một sản phẩm bảo vệ làn da tránh khỏi các tác nhân gây hại từ môi trường với chỉ số chống nắng cao',5,0,223000,4,2,20,13,100),(53,'Kem CC Vacosi Natural Studio CC Cream Hàn Quốc','- Chất kem CC mỏng nhẹ, dễ tán và thấm cực nhanh\r\n\r\n- Cho lớp finish căng bóng tự nhiên, nhìn ẩm mượt vô cùng\r\n\r\n- Công nghệ tự điều chỉnh màu, giúp kem quyện tệp với màu da\r\n\r\n- Chỉ số chống nắng SPF 30 PA +++ giúp bảo vệ da tối ưu',5,0,220000,4,2,44,8,100),(54,'Kem CC Vacosi Natural Studio CC Cream Hàn Quốc','- Chất kem CC mỏng nhẹ, dễ tán và thấm cực nhanh\r\n\r\n- Cho lớp finish căng bóng tự nhiên, nhìn ẩm mượt vô cùng\r\n\r\n- Công nghệ tự điều chỉnh màu, giúp kem quyện tệp với màu da\r\n\r\n- Chỉ số chống nắng SPF 30 PA +++ giúp bảo vệ da tối ưu',5,0,220000,4,2,44,8,100),(55,'Kem CC Vacosi Natural Studio CC Cream Hàn Quốc','- Chất kem CC mỏng nhẹ, dễ tán và thấm cực nhanh\r\n\r\n- Cho lớp finish căng bóng tự nhiên, nhìn ẩm mượt vô cùng\r\n\r\n- Công nghệ tự điều chỉnh màu, giúp kem quyện tệp với màu da\r\n\r\n- Chỉ số chống nắng SPF 30 PA +++ giúp bảo vệ da tối ưu',5,0,220000,4,2,44,8,100),(56,'Kem CC Vacosi Natural Studio CC Cream Hàn Quốc','- Chất kem CC mỏng nhẹ, dễ tán và thấm cực nhanh\r\n\r\n- Cho lớp finish căng bóng tự nhiên, nhìn ẩm mượt vô cùng\r\n\r\n- Công nghệ tự điều chỉnh màu, giúp kem quyện tệp với màu da\r\n\r\n- Chỉ số chống nắng SPF 30 PA +++ giúp bảo vệ da tối ưu',5,0,220000,4,2,44,8,100),(57,'Kem Nền Maybelline Dream Fresh BB Cream','- Che giấu các khuyết điểm một cách khéo léo. Da mặt sáng và rạng rỡ hơn\r\n\r\n- Bảo vệ da khỏi tác hại của tia UV với SPF30.\r\n\r\n- Thành phần KHÔNG chứa dầu hay các thành phần nặng gây bí da khác.',5,0,123000,4,2,45,11,100),(58,'Kem Nền Maybelline Dream Fresh BB Cream','- Che giấu các khuyết điểm một cách khéo léo. Da mặt sáng và rạng rỡ hơn\r\n\r\n- Bảo vệ da khỏi tác hại của tia UV với SPF30.\r\n\r\n- Thành phần KHÔNG chứa dầu hay các thành phần nặng gây bí da khác.',5,0,123000,4,2,45,11,100),(59,'Kem Nền Maybelline Dream Fresh BB Cream','- Che giấu các khuyết điểm một cách khéo léo. Da mặt sáng và rạng rỡ hơn\r\n\r\n- Bảo vệ da khỏi tác hại của tia UV với SPF30.\r\n\r\n- Thành phần KHÔNG chứa dầu hay các thành phần nặng gây bí da khác.',5,0,123000,4,2,45,11,100),(60,'Kem Nền Maybelline Dream Fresh BB Cream','- Che giấu các khuyết điểm một cách khéo léo. Da mặt sáng và rạng rỡ hơn\r\n\r\n- Bảo vệ da khỏi tác hại của tia UV với SPF30.\r\n\r\n- Thành phần KHÔNG chứa dầu hay các thành phần nặng gây bí da khác.',5,0,123000,4,2,45,11,100),(61,'Kem Lót Essence You Better Work!','- Kem lót chứa những tinh thể ngọc trai siêu nhỏ lấp lánh giúp cho da mịn màng, cung cấp độ ẩm cho da\r\n\r\n- Tạo một lớp màng ngăn cách và bảo vệ da trước tác hại của các loại mỹ phẩm khác\r\n\r\n- Hiệu chỉnh màu da, tạo lớp nền  khô ráo, khỏe khoắn',5,0,140000,5,2,42,4,100),(62,'Kem Lót Essence You Better Work!','- Kem lót chứa những tinh thể ngọc trai siêu nhỏ lấp lánh giúp cho da mịn màng, cung cấp độ ẩm cho da\r\n\r\n- Tạo một lớp màng ngăn cách và bảo vệ da trước tác hại của các loại mỹ phẩm khác\r\n\r\n- Hiệu chỉnh màu da, tạo lớp nền  khô ráo, khỏe khoắn',5,0,140000,5,2,42,4,100),(63,'Kem Lót Essence You Better Work!','- Kem lót chứa những tinh thể ngọc trai siêu nhỏ lấp lánh giúp cho da mịn màng, cung cấp độ ẩm cho da\r\n\r\n- Tạo một lớp màng ngăn cách và bảo vệ da trước tác hại của các loại mỹ phẩm khác\r\n\r\n- Hiệu chỉnh màu da, tạo lớp nền  khô ráo, khỏe khoắn',5,0,140000,5,2,42,4,100),(64,'Kem Lót Essence You Better Work!','- Kem lót chứa những tinh thể ngọc trai siêu nhỏ lấp lánh giúp cho da mịn màng, cung cấp độ ẩm cho da\r\n\r\n- Tạo một lớp màng ngăn cách và bảo vệ da trước tác hại của các loại mỹ phẩm khác\r\n\r\n- Hiệu chỉnh màu da, tạo lớp nền  khô ráo, khỏe khoắn',5,0,140000,5,2,42,4,100),(65,'Kem Lót Clio Kill Cover Highest Wear Primer','- Chất kem màu hồng sáng mịn màng, \r\n\r\n- Làm đầy lỗ chân lông\r\n\r\n- Kiềm dầu giúp lớp trang điểm bền vững, lâu trôi, không bị gãy phấn.\r\n\r\n- Làn da mọng nước, làm mềm và ẩm da ngay lập tức.',5,0,180000,5,2,42,11,100),(66,'Kem Lót Clio Kill Cover Highest Wear Primer','- Chất kem màu hồng sáng mịn màng, \r\n\r\n- Làm đầy lỗ chân lông\r\n\r\n- Kiềm dầu giúp lớp trang điểm bền vững, lâu trôi, không bị gãy phấn.\r\n\r\n- Làn da mọng nước, làm mềm và ẩm da ngay lập tức.',5,0,180000,5,2,42,11,100),(67,'Kem Lót Clio Kill Cover Highest Wear Primer','- Chất kem màu hồng sáng mịn màng, \r\n\r\n- Làm đầy lỗ chân lông\r\n\r\n- Kiềm dầu giúp lớp trang điểm bền vững, lâu trôi, không bị gãy phấn.\r\n\r\n- Làn da mọng nước, làm mềm và ẩm da ngay lập tức.',5,0,180000,5,2,42,11,100),(68,'Kem Lót Clio Kill Cover Highest Wear Primer','- Chất kem màu hồng sáng mịn màng, \r\n\r\n- Làm đầy lỗ chân lông\r\n\r\n- Kiềm dầu giúp lớp trang điểm bền vững, lâu trôi, không bị gãy phấn.\r\n\r\n- Làn da mọng nước, làm mềm và ẩm da ngay lập tức.',5,18,180000,5,2,42,11,82),(69,'Kem Lót The Face Shop Gold Collagen Luxury','- Tinh chất collagen giúp dưỡng ẩm, tái tạo da, tạo đàn hồi và chống chảy xệ trong suốt quá trình tạo và giữ lớp trang điểm.\r\n\r\n-  Hạt vàng 24K hỗ trợ bảo vệ da khỏi tình trạng lão hóa, làm mờ nếp nhăn tạo bề mặt da đẹp, căng mịn.\r\n\r\n ',5,0,390000,6,2,41,7,100),(70,'Kem Lót The Face Shop Gold Collagen Luxury','- Tinh chất collagen giúp dưỡng ẩm, tái tạo da, tạo đàn hồi và chống chảy xệ trong suốt quá trình tạo và giữ lớp trang điểm.\r\n\r\n-  Hạt vàng 24K hỗ trợ bảo vệ da khỏi tình trạng lão hóa, làm mờ nếp nhăn tạo bề mặt da đẹp, căng mịn.\r\n\r\n ',5,0,390000,6,2,41,7,100),(71,'Kem Lót The Face Shop Gold Collagen Luxury','- Tinh chất collagen giúp dưỡng ẩm, tái tạo da, tạo đàn hồi và chống chảy xệ trong suốt quá trình tạo và giữ lớp trang điểm.\r\n\r\n-  Hạt vàng 24K hỗ trợ bảo vệ da khỏi tình trạng lão hóa, làm mờ nếp nhăn tạo bề mặt da đẹp, căng mịn.\r\n\r\n ',5,0,390000,6,2,41,7,100),(72,'Kem Lót The Face Shop Gold Collagen Luxury','- Tinh chất collagen giúp dưỡng ẩm, tái tạo da, tạo đàn hồi và chống chảy xệ trong suốt quá trình tạo và giữ lớp trang điểm.\r\n\r\n-  Hạt vàng 24K hỗ trợ bảo vệ da khỏi tình trạng lão hóa, làm mờ nếp nhăn tạo bề mặt da đẹp, căng mịn.\r\n\r\n ',5,0,390000,6,2,41,7,100),(73,'Kem Lót Nyx Cosmetics Hydra Touch Primer','- Thành phần từ thiên nhiên như rễ cây cam thảo, hoa hồng, nấm và nhân sâm vô cùng thân thiện với da, đảm bảo sẽ chăm sóc da nàng ngay từ bên trong.\r\n\r\n- Khả năng bám cực tốt, kem còn giúp lớp nền giữ được cả ngày mà không bị xuống tông màu.',5,0,210000,5,2,42,11,100),(74,'Kem Lót Nyx Cosmetics Hydra Touch Primer','- Thành phần từ thiên nhiên như rễ cây cam thảo, hoa hồng, nấm và nhân sâm vô cùng thân thiện với da, đảm bảo sẽ chăm sóc da nàng ngay từ bên trong.\r\n\r\n- Khả năng bám cực tốt, kem còn giúp lớp nền giữ được cả ngày mà không bị xuống tông màu.',5,0,210000,5,2,42,11,100),(75,'Kem Lót Nyx Cosmetics Hydra Touch Primer','- Thành phần từ thiên nhiên như rễ cây cam thảo, hoa hồng, nấm và nhân sâm vô cùng thân thiện với da, đảm bảo sẽ chăm sóc da nàng ngay từ bên trong.\r\n\r\n- Khả năng bám cực tốt, kem còn giúp lớp nền giữ được cả ngày mà không bị xuống tông màu.',5,0,210000,5,2,42,11,100),(76,'Kem Lót Nyx Cosmetics Hydra Touch Primer','- Thành phần từ thiên nhiên như rễ cây cam thảo, hoa hồng, nấm và nhân sâm vô cùng thân thiện với da, đảm bảo sẽ chăm sóc da nàng ngay từ bên trong.\r\n\r\n- Khả năng bám cực tốt, kem còn giúp lớp nền giữ được cả ngày mà không bị xuống tông màu.',5,0,210000,5,2,42,11,100),(77,'Phấn Phủ Bột Catrice Nude Illusion','- Hạt phấn tơi, mịn dễ tan vào da\r\n\r\n- Phấn không màu phù hợp với mọi tông da\r\n\r\n- Làm sáng da tự nhiên\r\n\r\n- Khả năng kiềm dầu cao cho lớp nền mịn màng',5,0,170000,6,2,42,11,100),(78,'Phấn Phủ Bột Catrice Nude Illusion','- Hạt phấn tơi, mịn dễ tan vào da\r\n\r\n- Phấn không màu phù hợp với mọi tông da\r\n\r\n- Làm sáng da tự nhiên\r\n\r\n- Khả năng kiềm dầu cao cho lớp nền mịn màng',5,0,170000,6,2,42,11,100),(79,'Phấn Phủ Bột Catrice Nude Illusion','- Hạt phấn tơi, mịn dễ tan vào da\r\n\r\n- Phấn không màu phù hợp với mọi tông da\r\n\r\n- Làm sáng da tự nhiên\r\n\r\n- Khả năng kiềm dầu cao cho lớp nền mịn màng',5,0,170000,6,2,42,11,100),(80,'Phấn Phủ Bột Catrice Nude Illusion','- Hạt phấn tơi, mịn dễ tan vào da\r\n\r\n- Phấn không màu phù hợp với mọi tông da\r\n\r\n- Làm sáng da tự nhiên\r\n\r\n- Khả năng kiềm dầu cao cho lớp nền mịn màng',5,0,170000,6,2,42,11,100),(81,'Phấn Phủ Too Cool For School Art-Class By Rodin','Phấn Phủ Too Cool For School Art-Class By Rodin',5,0,250000,6,2,48,9,100),(82,'Phấn Phủ Too Cool For School Art-Class By Rodin','Phấn Phủ Too Cool For School Art-Class By Rodin',5,0,250000,6,2,48,9,100),(83,'Phấn Phủ Too Cool For School Art-Class By Rodin','Phấn Phủ Too Cool For School Art-Class By Rodin',5,0,250000,6,2,48,9,100),(84,'Phấn Phủ Too Cool For School Art-Class By Rodin','Phấn Phủ Too Cool For School Art-Class By Rodin',5,0,250000,6,2,48,9,100),(85,'Phấn Phủ Innisfree Mentos No Sebum','Phấn phủ Innisfree Mentos No Sebum Mineral Powder với thành phần bạc hà và khoáng chất thiên nhiên từ đảo Jeju, No Sebum Mineral Powder kiểm soát bã nhờn và dầu thừa hiệu quả, giúp da bạn STAY FRESH suốt cả ngày dài.',5,0,120000,6,2,15,19,100),(86,'Phấn Phủ Innisfree Mentos No Sebum','Phấn phủ Innisfree Mentos No Sebum Mineral Powder với thành phần bạc hà và khoáng chất thiên nhiên từ đảo Jeju, No Sebum Mineral Powder kiểm soát bã nhờn và dầu thừa hiệu quả, giúp da bạn STAY FRESH suốt cả ngày dài.',5,0,120000,6,2,15,19,100),(87,'Phấn Phủ Innisfree Mentos No Sebum','Phấn phủ Innisfree Mentos No Sebum Mineral Powder với thành phần bạc hà và khoáng chất thiên nhiên từ đảo Jeju, No Sebum Mineral Powder kiểm soát bã nhờn và dầu thừa hiệu quả, giúp da bạn STAY FRESH suốt cả ngày dài.',5,0,120000,6,2,15,19,100),(88,'Phấn Phủ Innisfree Mentos No Sebum','Phấn phủ Innisfree Mentos No Sebum Mineral Powder với thành phần bạc hà và khoáng chất thiên nhiên từ đảo Jeju, No Sebum Mineral Powder kiểm soát bã nhờn và dầu thừa hiệu quả, giúp da bạn STAY FRESH suốt cả ngày dài.',5,0,120000,6,2,15,19,100),(89,'Phấn Mắt Đa Năng Odbo MakeUp Kit - OD1037','Odbo Makeup Kit có 4 set khác nhau, mỗi set gồm 9 ô phấn mắt, 3 ô son, 1 ô má hồng, 3 ô phấn kẻ mày. Mỗi set sẽ có chút khác biệt ở 9 ô phấn mắt :\r\n\r\n+ Set 1 và 3 : có 1 ô kim tuyến để nhấn nhá cho phần đuôi mắt thêm long lanh.\r\n\r\n+ Set 2 và 4 : có 1 ô highlight và 1 ô tạo khối dùng cho mũi hoặc các góc cạnh của mặt.',5,0,400000,7,2,38,11,100),(90,'Phấn Mắt Đa Năng Odbo MakeUp Kit - OD1037','Odbo Makeup Kit có 4 set khác nhau, mỗi set gồm 9 ô phấn mắt, 3 ô son, 1 ô má hồng, 3 ô phấn kẻ mày. Mỗi set sẽ có chút khác biệt ở 9 ô phấn mắt :\r\n\r\n+ Set 1 và 3 : có 1 ô kim tuyến để nhấn nhá cho phần đuôi mắt thêm long lanh.\r\n\r\n+ Set 2 và 4 : có 1 ô highlight và 1 ô tạo khối dùng cho mũi hoặc các góc cạnh của mặt.',5,0,400000,7,2,38,11,100),(91,'Phấn Mắt Đa Năng Odbo MakeUp Kit - OD1037','Odbo Makeup Kit có 4 set khác nhau, mỗi set gồm 9 ô phấn mắt, 3 ô son, 1 ô má hồng, 3 ô phấn kẻ mày. Mỗi set sẽ có chút khác biệt ở 9 ô phấn mắt :\r\n\r\n+ Set 1 và 3 : có 1 ô kim tuyến để nhấn nhá cho phần đuôi mắt thêm long lanh.\r\n\r\n+ Set 2 và 4 : có 1 ô highlight và 1 ô tạo khối dùng cho mũi hoặc các góc cạnh của mặt.',5,0,400000,7,2,38,11,100),(92,'Phấn Má Hồng Nee Cara LeoPard Live Free 6 Color','- Bảng phấn bao gồm 6 ô màu to bự thoải mái sử dụng\r\n\r\n- Màu sắc hài hòa từ nhẹ nhàng đến ấn tượng\r\n\r\n- Chất phấn mịn màng và giữ màu lâu',5,0,120000,7,2,42,8,100),(93,'Phấn Má Hồng Nee Cara LeoPard Live Free 6 Color','- Bảng phấn bao gồm 6 ô màu to bự thoải mái sử dụng\r\n\r\n- Màu sắc hài hòa từ nhẹ nhàng đến ấn tượng\r\n\r\n- Chất phấn mịn màng và giữ màu lâu',5,0,120000,7,2,42,8,100),(94,'Phấn Má Hồng Nee Cara LeoPard Live Free 6 Color','- Bảng phấn bao gồm 6 ô màu to bự thoải mái sử dụng\r\n\r\n- Màu sắc hài hòa từ nhẹ nhàng đến ấn tượng\r\n\r\n- Chất phấn mịn màng và giữ màu lâu',5,0,120000,7,2,42,8,100),(95,'Phấn Má Hồng Nee Cara LeoPard Live Free 6 Color','- Bảng phấn bao gồm 6 ô màu to bự thoải mái sử dụng\r\n\r\n- Màu sắc hài hòa từ nhẹ nhàng đến ấn tượng\r\n\r\n- Chất phấn mịn màng và giữ màu lâu',5,0,120000,7,2,42,8,100),(96,'Má Hồng Dạng Kem Canmake Cream Cheek Face Color','✔ Các tông màu ngọt ngào siêu đáng yêu\r\n\r\n✔ Tương thích cao với tất cả loại phấn nền.\r\n\r\n✔ Dạng kem mềm mịn và óng ả, bám dính cao.\r\n\r\n✔ Phù hợp hoàn hảo với da, giúp đôi má hây hây đỏ.',5,0,220000,7,2,45,11,100),(97,'Má Hồng Dạng Kem Canmake Cream Cheek Face Color','✔ Các tông màu ngọt ngào siêu đáng yêu\r\n\r\n✔ Tương thích cao với tất cả loại phấn nền.\r\n\r\n✔ Dạng kem mềm mịn và óng ả, bám dính cao.\r\n\r\n✔ Phù hợp hoàn hảo với da, giúp đôi má hây hây đỏ.',5,0,220000,7,2,45,11,100),(98,'Má Hồng Dạng Kem Canmake Cream Cheek Face Color','✔ Các tông màu ngọt ngào siêu đáng yêu\r\n\r\n✔ Tương thích cao với tất cả loại phấn nền.\r\n\r\n✔ Dạng kem mềm mịn và óng ả, bám dính cao.\r\n\r\n✔ Phù hợp hoàn hảo với da, giúp đôi má hây hây đỏ.',5,0,220000,7,2,45,11,100),(99,'Má Hồng Dạng Kem Canmake Cream Cheek Face Color','✔ Các tông màu ngọt ngào siêu đáng yêu\r\n\r\n✔ Tương thích cao với tất cả loại phấn nền.\r\n\r\n✔ Dạng kem mềm mịn và óng ả, bám dính cao.\r\n\r\n✔ Phù hợp hoàn hảo với da, giúp đôi má hây hây đỏ.',5,0,220000,7,2,45,11,100),(100,'Phấn Tạo Khối Black Rouge Up & Down','Được bắt đầu từ ý tưởng của hình khối hội họa và sáng tạo những góc sáng tối độc đáo. Phấn Highlight Và Tạo Khối Black Rouge Up And Down Triple Contouring với 3 ô màu kì diệu tạo nên sự đa dạng và hài hòa tạo đường nét trên khuôn mặt\r\n\r\n ',5,0,220000,8,2,42,10,100),(101,'Phấn Tạo Khối Black Rouge Up & Down','Được bắt đầu từ ý tưởng của hình khối hội họa và sáng tạo những góc sáng tối độc đáo. Phấn Highlight Và Tạo Khối Black Rouge Up And Down Triple Contouring với 3 ô màu kì diệu tạo nên sự đa dạng và hài hòa tạo đường nét trên khuôn mặt\r\n\r\n ',5,0,220000,8,2,42,10,100),(102,'Phấn Tạo Khối Black Rouge Up & Down','Được bắt đầu từ ý tưởng của hình khối hội họa và sáng tạo những góc sáng tối độc đáo. Phấn Highlight Và Tạo Khối Black Rouge Up And Down Triple Contouring với 3 ô màu kì diệu tạo nên sự đa dạng và hài hòa tạo đường nét trên khuôn mặt\r\n\r\n ',5,0,220000,8,2,42,10,100),(103,'Phấn Tạo Khối Black Rouge Up & Down','Được bắt đầu từ ý tưởng của hình khối hội họa và sáng tạo những góc sáng tối độc đáo. Phấn Highlight Và Tạo Khối Black Rouge Up And Down Triple Contouring với 3 ô màu kì diệu tạo nên sự đa dạng và hài hòa tạo đường nét trên khuôn mặt\r\n\r\n ',5,0,220000,8,2,42,10,100),(104,'Kem Che Khuyết Điểm L.A Girl Pro.Conceal HD','- Top những sản phẩm best seller của hãng\r\n\r\n- Kết cấu kem dạng lỏng, dễ tán và bám đều vào da\r\n\r\n- Độ che phủ cao nhưng chất kem lại vô cùng mỏng mịn\r\n\r\n- Che giấu tất cả các khuyết điểm trên gương mặt tín đồ',5,0,80000,8,2,42,25,100),(105,'Kem Che Khuyết Điểm L.A Girl Pro.Conceal HD','- Top những sản phẩm best seller của hãng\r\n\r\n- Kết cấu kem dạng lỏng, dễ tán và bám đều vào da\r\n\r\n- Độ che phủ cao nhưng chất kem lại vô cùng mỏng mịn\r\n\r\n- Che giấu tất cả các khuyết điểm trên gương mặt tín đồ',5,0,80000,8,2,42,25,100),(106,'Kem Che Khuyết Điểm L.A Girl Pro.Conceal HD','- Top những sản phẩm best seller của hãng\r\n\r\n- Kết cấu kem dạng lỏng, dễ tán và bám đều vào da\r\n\r\n- Độ che phủ cao nhưng chất kem lại vô cùng mỏng mịn\r\n\r\n- Che giấu tất cả các khuyết điểm trên gương mặt tín đồ',5,0,80000,8,2,42,25,100),(107,'Kem Che Khuyết Điểm L.A Girl Pro.Conceal HD','- Top những sản phẩm best seller của hãng\r\n\r\n- Kết cấu kem dạng lỏng, dễ tán và bám đều vào da\r\n\r\n- Độ che phủ cao nhưng chất kem lại vô cùng mỏng mịn\r\n\r\n- Che giấu tất cả các khuyết điểm trên gương mặt tín đồ',5,0,80000,8,2,42,25,100),(108,'Phấn Tạo Khối Too Cool For School Classic','- Cực kì tiện lợi giúp khuôn mặt bạn được thon gọn và rạng rỡ, mang lại vẻ đẹp tự nhiên và thanh thoát hơn sau khi make up.\r\n\r\n- Có thể dùng làm phấn mắt.\r\n\r\n- Được sử dụng để tạo điểm nhấn và đường nét cho gương mặ',5,0,270000,8,2,42,7,100),(109,'Phấn Tạo Khối Too Cool For School Classic','- Cực kì tiện lợi giúp khuôn mặt bạn được thon gọn và rạng rỡ, mang lại vẻ đẹp tự nhiên và thanh thoát hơn sau khi make up.\r\n\r\n- Có thể dùng làm phấn mắt.\r\n\r\n- Được sử dụng để tạo điểm nhấn và đường nét cho gương mặ',5,0,270000,8,2,42,7,100),(110,'Phấn Tạo Khối Too Cool For School Classic','- Cực kì tiện lợi giúp khuôn mặt bạn được thon gọn và rạng rỡ, mang lại vẻ đẹp tự nhiên và thanh thoát hơn sau khi make up.\r\n\r\n- Có thể dùng làm phấn mắt.\r\n\r\n- Được sử dụng để tạo điểm nhấn và đường nét cho gương mặ',5,0,270000,8,2,42,7,100),(111,'Phấn Tạo Khối Too Cool For School Classic','- Cực kì tiện lợi giúp khuôn mặt bạn được thon gọn và rạng rỡ, mang lại vẻ đẹp tự nhiên và thanh thoát hơn sau khi make up.\r\n\r\n- Có thể dùng làm phấn mắt.\r\n\r\n- Được sử dụng để tạo điểm nhấn và đường nét cho gương mặ',5,0,270000,8,2,42,7,100),(112,'Bảng Má Hồng Và Bắt Sáng Sivanna Wild Glowing','- Bảng màu má hồng và bắt sáng tích hợp 2 trong 1\r\n\r\n- Bao gồm 3 màu Highlight và 5 màu má hồng\r\n\r\n- Màu sắc nhã nhặn. nhẹ nhàng\r\n\r\n- Chất phấn mịn màng, dễ lên màu và bám tốt trên da',5,0,150000,8,2,36,15,100),(113,'Bảng Má Hồng Và Bắt Sáng Sivanna Wild Glowing','- Bảng màu má hồng và bắt sáng tích hợp 2 trong 1\r\n\r\n- Bao gồm 3 màu Highlight và 5 màu má hồng\r\n\r\n- Màu sắc nhã nhặn. nhẹ nhàng\r\n\r\n- Chất phấn mịn màng, dễ lên màu và bám tốt trên da',5,0,150000,8,2,36,15,100),(114,'Bảng Má Hồng Và Bắt Sáng Sivanna Wild Glowing','- Bảng màu má hồng và bắt sáng tích hợp 2 trong 1\r\n\r\n- Bao gồm 3 màu Highlight và 5 màu má hồng\r\n\r\n- Màu sắc nhã nhặn. nhẹ nhàng\r\n\r\n- Chất phấn mịn màng, dễ lên màu và bám tốt trên da',5,0,150000,8,2,36,15,100),(115,'Bảng Má Hồng Và Bắt Sáng Sivanna Wild Glowing','- Bảng màu má hồng và bắt sáng tích hợp 2 trong 1\r\n\r\n- Bao gồm 3 màu Highlight và 5 màu má hồng\r\n\r\n- Màu sắc nhã nhặn. nhẹ nhàng\r\n\r\n- Chất phấn mịn màng, dễ lên màu và bám tốt trên da',5,0,150000,8,2,36,15,100),(116,'Phấn Highlight Bắt Sáng Odbo All Skin Tones','- Bảng phấn bắt sáng gồm 4 màu phấn bắt sáng có nhũ.\r\n\r\n- Chất phấn mịn, dễ tán và lâu trôi.\r\n\r\n- Khả năng bắt sáng tốt, giúp bạn có một gương mặt nổi bật hơn.',5,0,130000,8,2,42,15,100),(117,'Phấn Highlight Bắt Sáng Odbo All Skin Tones','- Bảng phấn bắt sáng gồm 4 màu phấn bắt sáng có nhũ.\r\n\r\n- Chất phấn mịn, dễ tán và lâu trôi.\r\n\r\n- Khả năng bắt sáng tốt, giúp bạn có một gương mặt nổi bật hơn.',5,0,130000,8,2,42,15,100),(118,'Phấn Highlight Bắt Sáng Odbo All Skin Tones','- Bảng phấn bắt sáng gồm 4 màu phấn bắt sáng có nhũ.\r\n\r\n- Chất phấn mịn, dễ tán và lâu trôi.\r\n\r\n- Khả năng bắt sáng tốt, giúp bạn có một gương mặt nổi bật hơn.',5,0,130000,8,2,42,15,100),(119,'Phấn Highlight Bắt Sáng Odbo All Skin Tones','- Bảng phấn bắt sáng gồm 4 màu phấn bắt sáng có nhũ.\r\n\r\n- Chất phấn mịn, dễ tán và lâu trôi.\r\n\r\n- Khả năng bắt sáng tốt, giúp bạn có một gương mặt nổi bật hơn.',5,0,130000,8,2,42,15,100),(120,'Xịt Khoáng La Roche-Posay Serozinc Zinc Sulfate','...',5,0,170000,9,2,42,12,100),(121,'Xịt Khoáng La Roche-Posay Serozinc Zinc Sulfate','...',5,0,170000,9,2,42,12,100),(122,'Xịt Khoáng La Roche-Posay Serozinc Zinc Sulfate','...',5,0,170000,9,2,42,12,100),(123,'Xịt Khoáng La Roche-Posay Serozinc Zinc Sulfate','...',5,0,170000,9,2,42,12,100),(124,'Xịt Khóa Nền Catrice Long Lasting Prime','- Cho lớp nền mịn màng, bám lâu hơn\r\n\r\n- Da căng mượt, bóng khỏe\r\n\r\n- Tia xịt \"xịn sò\" phủ đều khắp mặt',5,0,150000,9,2,42,16,100),(125,'Xịt Khóa Nền Catrice Long Lasting Prime','- Cho lớp nền mịn màng, bám lâu hơn\r\n\r\n- Da căng mượt, bóng khỏe\r\n\r\n- Tia xịt \"xịn sò\" phủ đều khắp mặt',5,0,150000,9,2,42,16,100),(126,'Xịt Khóa Nền Catrice Long Lasting Prime','- Cho lớp nền mịn màng, bám lâu hơn\r\n\r\n- Da căng mượt, bóng khỏe\r\n\r\n- Tia xịt \"xịn sò\" phủ đều khắp mặt',5,0,150000,9,2,42,16,100),(127,'Xịt Khóa Nền Catrice Long Lasting Prime','- Cho lớp nền mịn màng, bám lâu hơn\r\n\r\n- Da căng mượt, bóng khỏe\r\n\r\n- Tia xịt \"xịn sò\" phủ đều khắp mặt',5,0,150000,9,2,42,16,100),(128,'Xịt Khoáng Eau Thermale Jonzac Thermal Spring','- Xịt khoáng Eau Thermale Jonzac Thermal Spring Water chứa 100% thành phần nước khoáng Jonzac ở độ sâu 1850m.\r\n\r\n- Có khả năng phục hồi và tái tạo vết thương và làm dịu các vùng da viêm nhiễm và đau nhức\r\n\r\n- Sản phẩm có khả năng hỗ trợ điều trị các bệnh ngoài da, mang lại cho bạn một làn da săn chắc, khỏe mạnh và mịn màng\r\n\r\n- Thành phần sản phẩm đảm bảo không sử dụng chất bảo quản, không màu, không mùi, hương liệu nhân tạo do đó không có khả năng gây kích ứng cho da.',5,0,290000,9,2,42,8,100),(129,'Xịt Khoáng Eau Thermale Jonzac Thermal Spring','- Xịt khoáng Eau Thermale Jonzac Thermal Spring Water chứa 100% thành phần nước khoáng Jonzac ở độ sâu 1850m.\r\n\r\n- Có khả năng phục hồi và tái tạo vết thương và làm dịu các vùng da viêm nhiễm và đau nhức\r\n\r\n- Sản phẩm có khả năng hỗ trợ điều trị các bệnh ngoài da, mang lại cho bạn một làn da săn chắc, khỏe mạnh và mịn màng\r\n\r\n- Thành phần sản phẩm đảm bảo không sử dụng chất bảo quản, không màu, không mùi, hương liệu nhân tạo do đó không có khả năng gây kích ứng cho da.',5,0,290000,9,2,42,8,100),(130,'Xịt Khoáng Eau Thermale Jonzac Thermal Spring','- Xịt khoáng Eau Thermale Jonzac Thermal Spring Water chứa 100% thành phần nước khoáng Jonzac ở độ sâu 1850m.\r\n\r\n- Có khả năng phục hồi và tái tạo vết thương và làm dịu các vùng da viêm nhiễm và đau nhức\r\n\r\n- Sản phẩm có khả năng hỗ trợ điều trị các bệnh ngoài da, mang lại cho bạn một làn da săn chắc, khỏe mạnh và mịn màng\r\n\r\n- Thành phần sản phẩm đảm bảo không sử dụng chất bảo quản, không màu, không mùi, hương liệu nhân tạo do đó không có khả năng gây kích ứng cho da.',5,0,290000,9,2,42,8,100),(131,'Xịt Khoáng Eau Thermale Jonzac Thermal Spring','- Xịt khoáng Eau Thermale Jonzac Thermal Spring Water chứa 100% thành phần nước khoáng Jonzac ở độ sâu 1850m.\r\n\r\n- Có khả năng phục hồi và tái tạo vết thương và làm dịu các vùng da viêm nhiễm và đau nhức\r\n\r\n- Sản phẩm có khả năng hỗ trợ điều trị các bệnh ngoài da, mang lại cho bạn một làn da săn chắc, khỏe mạnh và mịn màng\r\n\r\n- Thành phần sản phẩm đảm bảo không sử dụng chất bảo quản, không màu, không mùi, hương liệu nhân tạo do đó không có khả năng gây kích ứng cho da.',5,0,290000,9,2,42,8,100),(132,'Phấn Mắt Đa Năng Odbo MakeUp Kit - OD1037','Odbo Makeup Kit có 4 set khác nhau, mỗi set gồm 9 ô phấn mắt, 3 ô son, 1 ô má hồng, 3 ô phấn kẻ mày. Mỗi set sẽ có chút khác biệt ở 9 ô phấn mắt :\r\n\r\n+ Set 1 và 3 : có 1 ô kim tuyến để nhấn nhá cho phần đuôi mắt thêm long lanh.\r\n\r\n+ Set 2 và 4 : có 1 ô highlight và 1 ô tạo khối dùng cho mũi hoặc các góc cạnh của mặt.',5,0,120000,10,2,42,5,100),(133,'Phấn Mắt Đa Năng Odbo MakeUp Kit - OD1037','Odbo Makeup Kit có 4 set khác nhau, mỗi set gồm 9 ô phấn mắt, 3 ô son, 1 ô má hồng, 3 ô phấn kẻ mày. Mỗi set sẽ có chút khác biệt ở 9 ô phấn mắt :\r\n\r\n+ Set 1 và 3 : có 1 ô kim tuyến để nhấn nhá cho phần đuôi mắt thêm long lanh.\r\n\r\n+ Set 2 và 4 : có 1 ô highlight và 1 ô tạo khối dùng cho mũi hoặc các góc cạnh của mặt.',5,0,120000,10,2,42,5,100),(134,'Phấn Mắt Đa Năng Odbo MakeUp Kit - OD1037','Odbo Makeup Kit có 4 set khác nhau, mỗi set gồm 9 ô phấn mắt, 3 ô son, 1 ô má hồng, 3 ô phấn kẻ mày. Mỗi set sẽ có chút khác biệt ở 9 ô phấn mắt :\r\n\r\n+ Set 1 và 3 : có 1 ô kim tuyến để nhấn nhá cho phần đuôi mắt thêm long lanh.\r\n\r\n+ Set 2 và 4 : có 1 ô highlight và 1 ô tạo khối dùng cho mũi hoặc các góc cạnh của mặt.',5,0,120000,10,2,42,5,100),(135,'Phấn Mắt Đa Năng Odbo MakeUp Kit - OD1037','Odbo Makeup Kit có 4 set khác nhau, mỗi set gồm 9 ô phấn mắt, 3 ô son, 1 ô má hồng, 3 ô phấn kẻ mày. Mỗi set sẽ có chút khác biệt ở 9 ô phấn mắt :\r\n\r\n+ Set 1 và 3 : có 1 ô kim tuyến để nhấn nhá cho phần đuôi mắt thêm long lanh.\r\n\r\n+ Set 2 và 4 : có 1 ô highlight và 1 ô tạo khối dùng cho mũi hoặc các góc cạnh của mặt.',5,0,120000,10,2,42,5,100),(136,'Nhũ Mắt Black Rouge Pearlvely I Glitter','- Chất gel có độ sánh vừa phải giúp việc make up dễ dàng hơn, không gây nặng mắt hay gặp phải hiện tượng vón cục, bết dính.\r\n\r\n- Nhũ mắt lên đều và bắt sáng nhanh chóng, tạo hiệu ứng 3D nhanh chóng.\r\n\r\n- Có khả năng chống nước nên giữ được độ bền màu trong 1 khoảng thời gian dài. ',5,0,140000,10,2,42,2,100),(137,'Nhũ Mắt Black Rouge Pearlvely I Glitter','- Chất gel có độ sánh vừa phải giúp việc make up dễ dàng hơn, không gây nặng mắt hay gặp phải hiện tượng vón cục, bết dính.\r\n\r\n- Nhũ mắt lên đều và bắt sáng nhanh chóng, tạo hiệu ứng 3D nhanh chóng.\r\n\r\n- Có khả năng chống nước nên giữ được độ bền màu trong 1 khoảng thời gian dài. ',5,0,140000,10,2,42,2,100),(138,'Nhũ Mắt Black Rouge Pearlvely I Glitter','- Chất gel có độ sánh vừa phải giúp việc make up dễ dàng hơn, không gây nặng mắt hay gặp phải hiện tượng vón cục, bết dính.\r\n\r\n- Nhũ mắt lên đều và bắt sáng nhanh chóng, tạo hiệu ứng 3D nhanh chóng.\r\n\r\n- Có khả năng chống nước nên giữ được độ bền màu trong 1 khoảng thời gian dài. ',5,0,140000,10,2,42,2,100),(139,'Nhũ Mắt Black Rouge Pearlvely I Glitter','- Chất gel có độ sánh vừa phải giúp việc make up dễ dàng hơn, không gây nặng mắt hay gặp phải hiện tượng vón cục, bết dính.\r\n\r\n- Nhũ mắt lên đều và bắt sáng nhanh chóng, tạo hiệu ứng 3D nhanh chóng.\r\n\r\n- Có khả năng chống nước nên giữ được độ bền màu trong 1 khoảng thời gian dài. ',5,0,140000,10,2,42,2,100),(144,'Bảng Màu Mắt Odbo Sun Down 18 Color Eye Shadow','Gồm 18 ô màu với các tone như cam năng động, hồng nữ tính, tím dịu dàng, nâu đồng quyến rũ,....có các ô lì, bán lì, nhũ và bán nhũ.\r\n\r\n \r\n\r\nHạt phấn nhuyễn, mịn, rất dễ tán, apply một lần là phấn đã lên màu chuẩn, độ bám khá cao.',5,0,1600000,10,2,42,12,100),(145,'Bảng Màu Mắt Odbo Sun Down 18 Color Eye Shadow','Gồm 18 ô màu với các tone như cam năng động, hồng nữ tính, tím dịu dàng, nâu đồng quyến rũ,....có các ô lì, bán lì, nhũ và bán nhũ.\r\n\r\n \r\n\r\nHạt phấn nhuyễn, mịn, rất dễ tán, apply một lần là phấn đã lên màu chuẩn, độ bám khá cao.',5,0,1600000,10,2,42,12,100),(146,'Bảng Màu Mắt Odbo Sun Down 18 Color Eye Shadow','Gồm 18 ô màu với các tone như cam năng động, hồng nữ tính, tím dịu dàng, nâu đồng quyến rũ,....có các ô lì, bán lì, nhũ và bán nhũ.\r\n\r\n \r\n\r\nHạt phấn nhuyễn, mịn, rất dễ tán, apply một lần là phấn đã lên màu chuẩn, độ bám khá cao.',5,0,1600000,10,2,42,12,100),(147,'Bảng Màu Mắt Odbo Sun Down 18 Color Eye Shadow','Gồm 18 ô màu với các tone như cam năng động, hồng nữ tính, tím dịu dàng, nâu đồng quyến rũ,....có các ô lì, bán lì, nhũ và bán nhũ.\r\n\r\n \r\n\r\nHạt phấn nhuyễn, mịn, rất dễ tán, apply một lần là phấn đã lên màu chuẩn, độ bám khá cao.',5,0,1600000,10,2,42,12,100),(148,'Kem Lót Mắt Catrice Liquid Under Eye Primer','- Giữ màu mắt bền, bám lâu hơn\r\n\r\n- Màu mắt khi trang điểm lên đúng tông và bảo vệ lớp trang điểm mắt lâu trôi\r\n\r\n- Thiết kế đầu cọ tiện lợi, dễ sử dụng',5,0,120000,11,2,42,18,100),(149,'Kem Lót Mắt Catrice Liquid Under Eye Primer','- Giữ màu mắt bền, bám lâu hơn\r\n\r\n- Màu mắt khi trang điểm lên đúng tông và bảo vệ lớp trang điểm mắt lâu trôi\r\n\r\n- Thiết kế đầu cọ tiện lợi, dễ sử dụng',5,0,120000,11,2,42,18,100),(150,'Kem Lót Mắt Catrice Liquid Under Eye Primer','- Giữ màu mắt bền, bám lâu hơn\r\n\r\n- Màu mắt khi trang điểm lên đúng tông và bảo vệ lớp trang điểm mắt lâu trôi\r\n\r\n- Thiết kế đầu cọ tiện lợi, dễ sử dụng',5,0,120000,11,2,42,18,100),(151,'Kem Lót Mắt Catrice Liquid Under Eye Primer','- Giữ màu mắt bền, bám lâu hơn\r\n\r\n- Màu mắt khi trang điểm lên đúng tông và bảo vệ lớp trang điểm mắt lâu trôi\r\n\r\n- Thiết kế đầu cọ tiện lợi, dễ sử dụng',5,0,120000,11,2,42,18,100),(152,'Kit Make-Up Mắt Tiện Lợi Sivanna','Trang điểm màu mắt chưa lúc nào trở nên lỗi mốt bởi chỉ với một chút biến tấu nhỏ, bạn đã có thể sáng tạo ra một phong cách hoàn toàn mới mẻ. Kiểu make-up này thường gắn liền với những buổi tiệc đêm hoặc make-up nhạt hơn để phù hợp cho ban ngày.',5,0,79.5,11,2,36,23,100),(153,'Kit Make-Up Mắt Tiện Lợi Sivanna','Trang điểm màu mắt chưa lúc nào trở nên lỗi mốt bởi chỉ với một chút biến tấu nhỏ, bạn đã có thể sáng tạo ra một phong cách hoàn toàn mới mẻ. Kiểu make-up này thường gắn liền với những buổi tiệc đêm hoặc make-up nhạt hơn để phù hợp cho ban ngày.',5,0,79.5,11,2,36,23,100),(154,'Kit Make-Up Mắt Tiện Lợi Sivanna','Trang điểm màu mắt chưa lúc nào trở nên lỗi mốt bởi chỉ với một chút biến tấu nhỏ, bạn đã có thể sáng tạo ra một phong cách hoàn toàn mới mẻ. Kiểu make-up này thường gắn liền với những buổi tiệc đêm hoặc make-up nhạt hơn để phù hợp cho ban ngày.',5,0,79.5,11,2,36,23,100),(155,'Kit Make-Up Mắt Tiện Lợi Sivanna','Trang điểm màu mắt chưa lúc nào trở nên lỗi mốt bởi chỉ với một chút biến tấu nhỏ, bạn đã có thể sáng tạo ra một phong cách hoàn toàn mới mẻ. Kiểu make-up này thường gắn liền với những buổi tiệc đêm hoặc make-up nhạt hơn để phù hợp cho ban ngày.',5,0,79.5,11,2,36,23,100),(156,'Chì Mày Xé Haozhuang Eyebrow Pencil','- Chì mày xé Hàn Quốc cực kỳ tiện lợi\r\n\r\n- Chì lên màu rõ nét và lâu trôi\r\n\r\n- Sản phẩm dễ sử dụng và tiết kiệm\r\n\r\n- Các tone màu tự nhiên, dễ sử dụng',5,0,35000,12,2,42,40,100),(157,'Chì Mày Xé Haozhuang Eyebrow Pencil','- Chì mày xé Hàn Quốc cực kỳ tiện lợi\r\n\r\n- Chì lên màu rõ nét và lâu trôi\r\n\r\n- Sản phẩm dễ sử dụng và tiết kiệm\r\n\r\n- Các tone màu tự nhiên, dễ sử dụng',5,0,35000,12,2,42,40,100),(158,'Chì Mày Xé Haozhuang Eyebrow Pencil','- Chì mày xé Hàn Quốc cực kỳ tiện lợi\r\n\r\n- Chì lên màu rõ nét và lâu trôi\r\n\r\n- Sản phẩm dễ sử dụng và tiết kiệm\r\n\r\n- Các tone màu tự nhiên, dễ sử dụng',5,0,35000,12,2,42,40,100),(159,'Chì Mày Xé Haozhuang Eyebrow Pencil','- Chì mày xé Hàn Quốc cực kỳ tiện lợi\r\n\r\n- Chì lên màu rõ nét và lâu trôi\r\n\r\n- Sản phẩm dễ sử dụng và tiết kiệm\r\n\r\n- Các tone màu tự nhiên, dễ sử dụng',5,0,35000,12,2,42,40,100),(160,'Kẻ Mắt Nước Chống Trôi Black Rouge Power Proof','Kẻ Mắt Nước Chống Trôi Black Rouge Power Proof',5,0,170000,13,2,42,13,100),(161,'Kẻ Mắt Nước Chống Trôi Black Rouge Power Proof','Kẻ Mắt Nước Chống Trôi Black Rouge Power Proof',5,0,170000,13,2,42,13,100),(162,'Kẻ Mắt Nước Chống Trôi Black Rouge Power Proof','Kẻ Mắt Nước Chống Trôi Black Rouge Power Proof',5,0,170000,13,2,42,13,100),(163,'Kẻ Mắt Nước Chống Trôi Black Rouge Power Proof','Kẻ Mắt Nước Chống Trôi Black Rouge Power Proof',5,0,170000,13,2,42,13,100),(164,'Chuốt Mi Maybelline Sensational WaterProof','Mascara làm tơi mi và nâng mi Lash Sensational với đầu cọ lược độc đáo với 6 loại lược  khác nhau & 10 lớp lược giúp chải đều dến từng lớp mi nhỏ & ngắn nhất, cho mi tơi dài & xòe đều như cánh quạt, cho bạn một đôi mắt sâu hút hồn và quyến rũ.',5,0,180000,13,2,42,10,100),(165,'Chuốt Mi Maybelline Sensational WaterProof','Mascara làm tơi mi và nâng mi Lash Sensational với đầu cọ lược độc đáo với 6 loại lược  khác nhau & 10 lớp lược giúp chải đều dến từng lớp mi nhỏ & ngắn nhất, cho mi tơi dài & xòe đều như cánh quạt, cho bạn một đôi mắt sâu hút hồn và quyến rũ.',5,0,180000,13,2,42,10,100),(166,'Chuốt Mi Maybelline Sensational WaterProof','Mascara làm tơi mi và nâng mi Lash Sensational với đầu cọ lược độc đáo với 6 loại lược  khác nhau & 10 lớp lược giúp chải đều dến từng lớp mi nhỏ & ngắn nhất, cho mi tơi dài & xòe đều như cánh quạt, cho bạn một đôi mắt sâu hút hồn và quyến rũ.',5,0,180000,13,2,42,10,100),(167,'Chuốt Mi Maybelline Sensational WaterProof','Mascara làm tơi mi và nâng mi Lash Sensational với đầu cọ lược độc đáo với 6 loại lược  khác nhau & 10 lớp lược giúp chải đều dến từng lớp mi nhỏ & ngắn nhất, cho mi tơi dài & xòe đều như cánh quạt, cho bạn một đôi mắt sâu hút hồn và quyến rũ.',5,0,180000,13,2,42,10,100),(169,'Mascara Maybelline Colossal Big Shot','- Sản phẩm đến từ thương hiệu mỹ phẩm uy tín chất lượng Maybelline.\r\n\r\n- Mascara Maybelline Colossal Big Shot làm dày và dài mi cực hiệu quả\r\n\r\n- Chứa dưỡng chất giúp hỗ trợ nuôi dưỡng mi\r\n\r\n- Không bết dính, vón cục. ',5,0,140000,14,2,42,12,100),(170,'Mascara Maybelline Colossal Big Shot','- Sản phẩm đến từ thương hiệu mỹ phẩm uy tín chất lượng Maybelline.\r\n\r\n- Mascara Maybelline Colossal Big Shot làm dày và dài mi cực hiệu quả\r\n\r\n- Chứa dưỡng chất giúp hỗ trợ nuôi dưỡng mi\r\n\r\n- Không bết dính, vón cục. ',5,0,140000,14,2,42,12,100),(171,'Mascara Maybelline Colossal Big Shot','- Sản phẩm đến từ thương hiệu mỹ phẩm uy tín chất lượng Maybelline.\r\n\r\n- Mascara Maybelline Colossal Big Shot làm dày và dài mi cực hiệu quả\r\n\r\n- Chứa dưỡng chất giúp hỗ trợ nuôi dưỡng mi\r\n\r\n- Không bết dính, vón cục. ',5,0,140000,14,2,42,12,100),(172,'Mascara Maybelline Colossal Big Shot','- Sản phẩm đến từ thương hiệu mỹ phẩm uy tín chất lượng Maybelline.\r\n\r\n- Mascara Maybelline Colossal Big Shot làm dày và dài mi cực hiệu quả\r\n\r\n- Chứa dưỡng chất giúp hỗ trợ nuôi dưỡng mi\r\n\r\n- Không bết dính, vón cục. ',5,0,140000,14,2,42,12,100),(173,'Che Khuyết Điểm Môi Etude House Mini Two Match','- Che khuyết điểm về môi thâm một cách hoàn hảo\r\n\r\n- Thiết kế nhỏ gọn và tiện lợi vô cùng giúp bạn dễ dàng mang theo bên mình\r\n\r\n- Đầu sản phẩm vát nhọn 2 bên giúp dễ dàng di sản phẩm vào trong khóe môi\r\n\r\n- Có thể hỗ trợ bạn để đánh son lòng',5,0,110000,15,2,42,8,100),(174,'Che Khuyết Điểm Môi Etude House Mini Two Match','- Che khuyết điểm về môi thâm một cách hoàn hảo\r\n\r\n- Thiết kế nhỏ gọn và tiện lợi vô cùng giúp bạn dễ dàng mang theo bên mình\r\n\r\n- Đầu sản phẩm vát nhọn 2 bên giúp dễ dàng di sản phẩm vào trong khóe môi\r\n\r\n- Có thể hỗ trợ bạn để đánh son lòng',5,0,110000,15,2,42,8,100),(175,'Che Khuyết Điểm Môi Etude House Mini Two Match','- Che khuyết điểm về môi thâm một cách hoàn hảo\r\n\r\n- Thiết kế nhỏ gọn và tiện lợi vô cùng giúp bạn dễ dàng mang theo bên mình\r\n\r\n- Đầu sản phẩm vát nhọn 2 bên giúp dễ dàng di sản phẩm vào trong khóe môi\r\n\r\n- Có thể hỗ trợ bạn để đánh son lòng',5,0,110000,15,2,42,8,100),(176,'Che Khuyết Điểm Môi Etude House Mini Two Match','- Che khuyết điểm về môi thâm một cách hoàn hảo\r\n\r\n- Thiết kế nhỏ gọn và tiện lợi vô cùng giúp bạn dễ dàng mang theo bên mình\r\n\r\n- Đầu sản phẩm vát nhọn 2 bên giúp dễ dàng di sản phẩm vào trong khóe môi\r\n\r\n- Có thể hỗ trợ bạn để đánh son lòng',5,0,110000,15,2,42,8,100),(177,'Che Khuyết Điểm Môi Etude House Kissful Lip','- Giữ màu son lâu phai, giúp son lên môi mướt và mịn\r\n\r\n- Đặc biệt với lớp phủ silicone tạo độ bám giữ son lâu trôi hơn\r\n\r\n- Có chất dưỡng duy trì độ ẩm nên không làm nứt hoặc khô môi',5,0,85000,15,2,42,20,100),(178,'Che Khuyết Điểm Môi Etude House Kissful Lip','- Giữ màu son lâu phai, giúp son lên môi mướt và mịn\r\n\r\n- Đặc biệt với lớp phủ silicone tạo độ bám giữ son lâu trôi hơn\r\n\r\n- Có chất dưỡng duy trì độ ẩm nên không làm nứt hoặc khô môi',5,0,85000,15,2,42,20,100),(179,'Che Khuyết Điểm Môi Etude House Kissful Lip','- Giữ màu son lâu phai, giúp son lên môi mướt và mịn\r\n\r\n- Đặc biệt với lớp phủ silicone tạo độ bám giữ son lâu trôi hơn\r\n\r\n- Có chất dưỡng duy trì độ ẩm nên không làm nứt hoặc khô môi',5,0,85000,15,2,42,20,100),(180,'Che Khuyết Điểm Môi Etude House Kissful Lip','- Giữ màu son lâu phai, giúp son lên môi mướt và mịn\r\n\r\n- Đặc biệt với lớp phủ silicone tạo độ bám giữ son lâu trôi hơn\r\n\r\n- Có chất dưỡng duy trì độ ẩm nên không làm nứt hoặc khô môi',5,0,85000,15,2,42,20,100),(181,'Kit Trang Điểm Phiên Bản Vali Peripera Fashion','- Mô phỏng kiểu dáng của một chiếc vali du lịch phiên bản tí hon cực kute.\r\n\r\n- Bao gồm 5 dòng sản phẩm size mini: Son, tạo khối, che khuyết điểm môi.\r\n\r\n- Đính kèm thêm các bản sticker rất chắc chắn, sắc nét,  vô cùng sành điệu.\r\n\r\n- Cả hai đều mang tông pastel nhẹ nhàng, ngọt ngào, nữ tính,',5,0,320000,1,2,42,7,100),(182,'Kit Trang Điểm Phiên Bản Vali Peripera Fashion','- Mô phỏng kiểu dáng của một chiếc vali du lịch phiên bản tí hon cực kute.\r\n\r\n- Bao gồm 5 dòng sản phẩm size mini: Son, tạo khối, che khuyết điểm môi.\r\n\r\n- Đính kèm thêm các bản sticker rất chắc chắn, sắc nét,  vô cùng sành điệu.\r\n\r\n- Cả hai đều mang tông pastel nhẹ nhàng, ngọt ngào, nữ tính,',5,0,320000,15,2,42,7,100),(183,'Son Kem Lì Romand Zero Velvet Tint 5.5gr','- Thiết kế xinh xắn với phần cọ độc đáo cực dễ tán\r\n\r\n- Chất son cải tiến, mềm mại nhiều độ ẩm và không lo vân môi\r\n\r\n- Son lên màu khá chuẩn, giữ được màu son khá lâu\r\n\r\n- Màu son thời thượng, bắt trend, dễ sử dụng',5,0,180000,16,2,42,9,100),(184,'Son Kem Lì Romand Zero Velvet Tint 5.5gr','- Thiết kế xinh xắn với phần cọ độc đáo cực dễ tán\r\n\r\n- Chất son cải tiến, mềm mại nhiều độ ẩm và không lo vân môi\r\n\r\n- Son lên màu khá chuẩn, giữ được màu son khá lâu\r\n\r\n- Màu son thời thượng, bắt trend, dễ sử dụng',5,0,180000,16,2,42,9,100),(185,'Son Kem Lì Romand Zero Velvet Tint 5.5gr','- Thiết kế xinh xắn với phần cọ độc đáo cực dễ tán\r\n\r\n- Chất son cải tiến, mềm mại nhiều độ ẩm và không lo vân môi\r\n\r\n- Son lên màu khá chuẩn, giữ được màu son khá lâu\r\n\r\n- Màu son thời thượng, bắt trend, dễ sử dụng',5,0,180000,16,2,42,9,100),(186,'Son Kem Lì Romand Zero Velvet Tint 5.5gr','- Thiết kế xinh xắn với phần cọ độc đáo cực dễ tán\r\n\r\n- Chất son cải tiến, mềm mại nhiều độ ẩm và không lo vân môi\r\n\r\n- Son lên màu khá chuẩn, giữ được màu son khá lâu\r\n\r\n- Màu son thời thượng, bắt trend, dễ sử dụng',5,0,180000,16,2,42,9,100),(187,'Son Dưỡng Bóng Black Rouge Half & Half','Half N Half Collection bao gồm 10 màu son được chia thành 3 phiên bản theo chất son khác nhau để bạn có nhiều sự lựa chọn. Phiên bản cuối cùng HALF N HALF TANGLE GLOW: Chất son glow trong suốt và thơm mát, tạo hiệu ứng căng tràn cho đôi môi quyến rũ tối đa.\r\n\r\n ',5,0,1600000,16,2,42,13,100),(188,'Son Dưỡng Bóng Black Rouge Half & Half','Half N Half Collection bao gồm 10 màu son được chia thành 3 phiên bản theo chất son khác nhau để bạn có nhiều sự lựa chọn. Phiên bản cuối cùng HALF N HALF TANGLE GLOW: Chất son glow trong suốt và thơm mát, tạo hiệu ứng căng tràn cho đôi môi quyến rũ tối đa.\r\n\r\n ',5,0,1600000,16,2,42,13,100),(189,'Son Dưỡng Bóng Black Rouge Half & Half','Half N Half Collection bao gồm 10 màu son được chia thành 3 phiên bản theo chất son khác nhau để bạn có nhiều sự lựa chọn. Phiên bản cuối cùng HALF N HALF TANGLE GLOW: Chất son glow trong suốt và thơm mát, tạo hiệu ứng căng tràn cho đôi môi quyến rũ tối đa.\r\n\r\n ',5,0,1600000,16,2,42,13,100),(190,'Son Dưỡng Bóng Black Rouge Half & Half','Half N Half Collection bao gồm 10 màu son được chia thành 3 phiên bản theo chất son khác nhau để bạn có nhiều sự lựa chọn. Phiên bản cuối cùng HALF N HALF TANGLE GLOW: Chất son glow trong suốt và thơm mát, tạo hiệu ứng căng tràn cho đôi môi quyến rũ tối đa.\r\n\r\n ',5,0,1600000,16,2,42,13,100),(191,'Son Dưỡng Có Màu I\'m Meme Bare Lips','- Son có khả năng nuôi dưỡng làm mịn các tế bào da chết và nếp nhăn trong khi củng cố hàng rào độ ẩm.\r\n\r\n- Dùng thời gian dài sẽ cải thiện sắc tố môi, giúp đôi môi trở nên tươi tắn và hồng hào hơn',5,0,180000,17,2,42,10,100),(192,'Son Dưỡng Có Màu I\'m Meme Bare Lips','- Son có khả năng nuôi dưỡng làm mịn các tế bào da chết và nếp nhăn trong khi củng cố hàng rào độ ẩm.\r\n\r\n- Dùng thời gian dài sẽ cải thiện sắc tố môi, giúp đôi môi trở nên tươi tắn và hồng hào hơn',5,0,180000,17,2,42,10,100),(193,'Son Dưỡng Có Màu I\'m Meme Bare Lips','- Son có khả năng nuôi dưỡng làm mịn các tế bào da chết và nếp nhăn trong khi củng cố hàng rào độ ẩm.\r\n\r\n- Dùng thời gian dài sẽ cải thiện sắc tố môi, giúp đôi môi trở nên tươi tắn và hồng hào hơn',5,0,180000,17,2,42,10,100),(194,'Son Dưỡng Có Màu I\'m Meme Bare Lips','- Son có khả năng nuôi dưỡng làm mịn các tế bào da chết và nếp nhăn trong khi củng cố hàng rào độ ẩm.\r\n\r\n- Dùng thời gian dài sẽ cải thiện sắc tố môi, giúp đôi môi trở nên tươi tắn và hồng hào hơn',5,0,180000,17,2,42,10,100),(195,'Son Thỏi Dưỡng Môi Vaseline Lip Therapy LipBalm','- Loại bỏ da khô, chết lâu ngày, cải tạo da cho đôi môi sáng hơn , mềm mịn hơn không vết nứt.\r\n\r\n- Làm son lót nền, giúp cách li da môi với hóa chất chì của son môi màu lì trang điểm.\r\n\r\n- Đồng thời giúp son bám màu lâu hơn và môi mềm tự nhiên.',5,0,45000,17,2,42,33,100),(196,'Son Thỏi Dưỡng Môi Vaseline Lip Therapy LipBalm','- Loại bỏ da khô, chết lâu ngày, cải tạo da cho đôi môi sáng hơn , mềm mịn hơn không vết nứt.\r\n\r\n- Làm son lót nền, giúp cách li da môi với hóa chất chì của son môi màu lì trang điểm.\r\n\r\n- Đồng thời giúp son bám màu lâu hơn và môi mềm tự nhiên.',5,0,45000,17,2,42,33,100),(197,'Son Thỏi Dưỡng Môi Vaseline Lip Therapy LipBalm','- Loại bỏ da khô, chết lâu ngày, cải tạo da cho đôi môi sáng hơn , mềm mịn hơn không vết nứt.\r\n\r\n- Làm son lót nền, giúp cách li da môi với hóa chất chì của son môi màu lì trang điểm.\r\n\r\n- Đồng thời giúp son bám màu lâu hơn và môi mềm tự nhiên.',5,0,45000,17,2,42,33,100),(198,'Son Thỏi Dưỡng Môi Vaseline Lip Therapy LipBalm','- Loại bỏ da khô, chết lâu ngày, cải tạo da cho đôi môi sáng hơn , mềm mịn hơn không vết nứt.\r\n\r\n- Làm son lót nền, giúp cách li da môi với hóa chất chì của son môi màu lì trang điểm.\r\n\r\n- Đồng thời giúp son bám màu lâu hơn và môi mềm tự nhiên.',5,0,45000,17,2,42,33,100),(199,'Son Dưỡng Môi Dior Addict Lip Maximizer','Dior Lip Maximizer có khả năng kích thích sản sinh collagen giúp hồi sinh đôi môi khô nứt, trả lại cho bạn gái một làn môi căng mọng và hồng hào tự nhiên',5,0,750000,17,2,42,5,100),(200,'Son Dưỡng Môi Dior Addict Lip Maximizer','Dior Lip Maximizer có khả năng kích thích sản sinh collagen giúp hồi sinh đôi môi khô nứt, trả lại cho bạn gái một làn môi căng mọng và hồng hào tự nhiên',5,0,750000,17,2,42,5,100),(201,'Son Dưỡng Môi Dior Addict Lip Maximizer','Dior Lip Maximizer có khả năng kích thích sản sinh collagen giúp hồi sinh đôi môi khô nứt, trả lại cho bạn gái một làn môi căng mọng và hồng hào tự nhiên',5,0,750000,17,2,42,5,100),(202,'Son Dưỡng Môi Dior Addict Lip Maximizer','Dior Lip Maximizer có khả năng kích thích sản sinh collagen giúp hồi sinh đôi môi khô nứt, trả lại cho bạn gái một làn môi căng mọng và hồng hào tự nhiên',5,0,750000,17,2,42,5,100),(203,'Set Son Môi Lemonade Limited','- Son là sự kết hợp dựa trên ý tưởng tình yêu của nữ ca sĩ Đông Nhi\r\n\r\n- Màu son có thể sử dụng hằng ngày và tôn lên màu da của phụ nữ Châu Á\r\n\r\n- Đầu Lip Filler trong suốt cho môi căng mọng và mịn lỳ hơn.\r\n\r\n- Chất son kem lỳ mềm mượt và dễ thoa, không gây khô môi',5,0,270000,18,2,42,8,100),(204,'Set Son Môi Lemonade Limited','- Son là sự kết hợp dựa trên ý tưởng tình yêu của nữ ca sĩ Đông Nhi\r\n\r\n- Màu son có thể sử dụng hằng ngày và tôn lên màu da của phụ nữ Châu Á\r\n\r\n- Đầu Lip Filler trong suốt cho môi căng mọng và mịn lỳ hơn.\r\n\r\n- Chất son kem lỳ mềm mượt và dễ thoa, không gây khô môi',5,0,270000,18,2,42,8,100),(205,'Set Son Môi Lemonade Limited','- Son là sự kết hợp dựa trên ý tưởng tình yêu của nữ ca sĩ Đông Nhi\r\n\r\n- Màu son có thể sử dụng hằng ngày và tôn lên màu da của phụ nữ Châu Á\r\n\r\n- Đầu Lip Filler trong suốt cho môi căng mọng và mịn lỳ hơn.\r\n\r\n- Chất son kem lỳ mềm mượt và dễ thoa, không gây khô môi',5,0,270000,18,2,42,8,100),(206,'Set Son Môi Lemonade Limited','- Son là sự kết hợp dựa trên ý tưởng tình yêu của nữ ca sĩ Đông Nhi\r\n\r\n- Màu son có thể sử dụng hằng ngày và tôn lên màu da của phụ nữ Châu Á\r\n\r\n- Đầu Lip Filler trong suốt cho môi căng mọng và mịn lỳ hơn.\r\n\r\n- Chất son kem lỳ mềm mượt và dễ thoa, không gây khô môi',5,0,270000,18,2,42,8,100),(207,'Set Cushion Lemonade Limited','- Sản phẩm gồm kem lót kem lót kiềm dầu và cushion\r\n\r\n- Khả năng kiềm dầu siêu phàm cho da mặt luôn ráo mịn\r\n\r\n- Độ che phủ tương đối cho lớp nền tự nhiên',5,0,380000,18,2,42,7,100),(208,'Set Cushion Lemonade Limited','- Sản phẩm gồm kem lót kem lót kiềm dầu và cushion\r\n\r\n- Khả năng kiềm dầu siêu phàm cho da mặt luôn ráo mịn\r\n\r\n- Độ che phủ tương đối cho lớp nền tự nhiên',5,0,380000,18,2,42,7,100),(209,'Set Cushion Lemonade Limited','- Sản phẩm gồm kem lót kem lót kiềm dầu và cushion\r\n\r\n- Khả năng kiềm dầu siêu phàm cho da mặt luôn ráo mịn\r\n\r\n- Độ che phủ tương đối cho lớp nền tự nhiên',5,0,380000,18,2,42,7,100),(210,'Set Cushion Lemonade Limited','- Sản phẩm gồm kem lót kem lót kiềm dầu và cushion\r\n\r\n- Khả năng kiềm dầu siêu phàm cho da mặt luôn ráo mịn\r\n\r\n- Độ che phủ tương đối cho lớp nền tự nhiên',5,0,380000,18,2,42,7,100),(211,'Mặt Nạ Ngủ Môi Laneige Lip Sleeping Mask','- New Lip Sleeping Mask loại bỏ tế bào chết mang lại cảm giác mềm mịn và đàn hồi cho đôi môi trong khi ngủ\r\n- Giúp đôi môi trở nên săn chắc với mặt nạ chăm sóc môi lúc ngủ, có 4 loại quả mọng, bưởi, táo và vani.',5,0,270000,19,2,42,18,100),(212,'Mặt Nạ Ngủ Môi Laneige Lip Sleeping Mask','- New Lip Sleeping Mask loại bỏ tế bào chết mang lại cảm giác mềm mịn và đàn hồi cho đôi môi trong khi ngủ\r\n- Giúp đôi môi trở nên săn chắc với mặt nạ chăm sóc môi lúc ngủ, có 4 loại quả mọng, bưởi, táo và vani.',5,0,270000,19,2,42,18,100),(213,'Mặt Nạ Ngủ Môi Laneige Lip Sleeping Mask','- New Lip Sleeping Mask loại bỏ tế bào chết mang lại cảm giác mềm mịn và đàn hồi cho đôi môi trong khi ngủ\r\n- Giúp đôi môi trở nên săn chắc với mặt nạ chăm sóc môi lúc ngủ, có 4 loại quả mọng, bưởi, táo và vani.',5,0,270000,19,2,42,18,100),(214,'Mặt Nạ Ngủ Môi Laneige Lip Sleeping Mask','- New Lip Sleeping Mask loại bỏ tế bào chết mang lại cảm giác mềm mịn và đàn hồi cho đôi môi trong khi ngủ\r\n- Giúp đôi môi trở nên săn chắc với mặt nạ chăm sóc môi lúc ngủ, có 4 loại quả mọng, bưởi, táo và vani.',5,0,270000,19,2,42,18,100),(215,'Mặt Nạ Ngủ Các Mùi Laneige Lip Sleeping Mask','- Trọng lượng gần bằng 1/2 hủ fullsize\r\n\r\n- 4 mùi hương đa dạng\r\n\r\n- Dưỡng ẩm, phục hồi môi cấp tốc chỉ sau 1 đêm\r\n\r\n- Mang lại đôi môi mềm, căng mọng, hồng hào',5,0,110000,19,2,42,17,100),(216,'Mặt Nạ Ngủ Các Mùi Laneige Lip Sleeping Mask','- Trọng lượng gần bằng 1/2 hủ fullsize\r\n\r\n- 4 mùi hương đa dạng\r\n\r\n- Dưỡng ẩm, phục hồi môi cấp tốc chỉ sau 1 đêm\r\n\r\n- Mang lại đôi môi mềm, căng mọng, hồng hào',5,0,110000,19,2,42,17,100),(217,'Mặt Nạ Ngủ Các Mùi Laneige Lip Sleeping Mask','- Trọng lượng gần bằng 1/2 hủ fullsize\r\n\r\n- 4 mùi hương đa dạng\r\n\r\n- Dưỡng ẩm, phục hồi môi cấp tốc chỉ sau 1 đêm\r\n\r\n- Mang lại đôi môi mềm, căng mọng, hồng hào',5,0,110000,19,2,42,17,100),(218,'Mặt Nạ Ngủ Các Mùi Laneige Lip Sleeping Mask','- Trọng lượng gần bằng 1/2 hủ fullsize\r\n\r\n- 4 mùi hương đa dạng\r\n\r\n- Dưỡng ẩm, phục hồi môi cấp tốc chỉ sau 1 đêm\r\n\r\n- Mang lại đôi môi mềm, căng mọng, hồng hào',5,0,110000,19,2,42,17,100),(219,'Son Thỏi Yves Saint Laurent The Slim','- Chất son sang - xịn - mịn\r\n\r\n- Bám chắc trên môi nhưng không gây khô hay nặng môi\r\n\r\n- Thiết kế thỏi son sang chảnh, quý phái\r\n\r\n- Màu sắc đa dạng, nhiều lựa chọn \r\n\r\n ',5,0,780000,20,2,42,3,100),(220,'Son Thỏi Yves Saint Laurent The Slim','- Chất son sang - xịn - mịn\r\n\r\n- Bám chắc trên môi nhưng không gây khô hay nặng môi\r\n\r\n- Thiết kế thỏi son sang chảnh, quý phái\r\n\r\n- Màu sắc đa dạng, nhiều lựa chọn \r\n\r\n ',5,0,780000,20,2,42,3,100),(221,'Son Thỏi Yves Saint Laurent The Slim','- Chất son sang - xịn - mịn\r\n\r\n- Bám chắc trên môi nhưng không gây khô hay nặng môi\r\n\r\n- Thiết kế thỏi son sang chảnh, quý phái\r\n\r\n- Màu sắc đa dạng, nhiều lựa chọn \r\n\r\n ',5,0,780000,20,2,42,3,100),(222,'Son Thỏi Yves Saint Laurent The Slim','- Chất son sang - xịn - mịn\r\n\r\n- Bám chắc trên môi nhưng không gây khô hay nặng môi\r\n\r\n- Thiết kế thỏi son sang chảnh, quý phái\r\n\r\n- Màu sắc đa dạng, nhiều lựa chọn \r\n\r\n ',5,0,780000,20,2,42,3,100),(223,'Son Thỏi Shu Uemura Black Rouge Unlimited Matte','- Phiên bản cải tiến với bao bì mới bắt mắt, bí ẩn hơn\r\n\r\n- Thỏi son vuông vức cầm chắc tay và sang trọng\r\n\r\n- Chất son \"đỉnh cao\" với công nghệ cho màu son chuẩn xác\r\n\r\n- Không gây khô môi hay loang lổ màu',5,0,580000,20,2,42,4,100),(225,'Son Thỏi Shu Uemura Black Rouge Unlimited Matte','- Phiên bản cải tiến với bao bì mới bắt mắt, bí ẩn hơn\r\n\r\n- Thỏi son vuông vức cầm chắc tay và sang trọng\r\n\r\n- Chất son \"đỉnh cao\" với công nghệ cho màu son chuẩn xác\r\n\r\n- Không gây khô môi hay loang lổ màu',5,0,580000,20,2,42,4,100),(226,'Son Thỏi Shu Uemura Black Rouge Unlimited Matte','- Phiên bản cải tiến với bao bì mới bắt mắt, bí ẩn hơn\r\n\r\n- Thỏi son vuông vức cầm chắc tay và sang trọng\r\n\r\n- Chất son \"đỉnh cao\" với công nghệ cho màu son chuẩn xác\r\n\r\n- Không gây khô môi hay loang lổ màu',5,0,580000,20,2,42,4,100),(227,'Son Thỏi Shu Uemura Black Rouge Unlimited Matte','- Phiên bản cải tiến với bao bì mới bắt mắt, bí ẩn hơn\r\n\r\n- Thỏi son vuông vức cầm chắc tay và sang trọng\r\n\r\n- Chất son \"đỉnh cao\" với công nghệ cho màu son chuẩn xác\r\n\r\n- Không gây khô môi hay loang lổ màu',5,0,580000,20,2,42,4,100),(228,'Mặt Nạ Lột Mụn Cám Innisfree Super Volcanic','Innisfree Super Volcanic Peel Off Mask 2X được chiết xuất từ thành phần tro núi lửa mới Jeju Spcanic Pine Spear TM. Đây là loại tro núi lửa mới được Innisfree nghiên cứu, có khả năng loại bỏ tạp chất và hấp thu bã nhờn mạnh mẽ sâu trong lỗ chân lông hơn so với loại nguyên liệu tro núi lửa hiện tại.',5,4,180000,21,3,15,12,96),(229,'Mặt Nạ Lột Mụn Cám Innisfree Super Volcanic','Innisfree Super Volcanic Peel Off Mask 2X được chiết xuất từ thành phần tro núi lửa mới Jeju Spcanic Pine Spear TM. Đây là loại tro núi lửa mới được Innisfree nghiên cứu, có khả năng loại bỏ tạp chất và hấp thu bã nhờn mạnh mẽ sâu trong lỗ chân lông hơn so với loại nguyên liệu tro núi lửa hiện tại.',5,0,180000,21,3,15,12,100),(230,'Mặt Nạ Lột Mụn Cám Innisfree Super Volcanic','Innisfree Super Volcanic Peel Off Mask 2X được chiết xuất từ thành phần tro núi lửa mới Jeju Spcanic Pine Spear TM. Đây là loại tro núi lửa mới được Innisfree nghiên cứu, có khả năng loại bỏ tạp chất và hấp thu bã nhờn mạnh mẽ sâu trong lỗ chân lông hơn so với loại nguyên liệu tro núi lửa hiện tại.',5,0,180000,21,3,15,12,100),(231,'Mặt Nạ Lột Mụn Cám Innisfree Super Volcanic','Innisfree Super Volcanic Peel Off Mask 2X được chiết xuất từ thành phần tro núi lửa mới Jeju Spcanic Pine Spear TM. Đây là loại tro núi lửa mới được Innisfree nghiên cứu, có khả năng loại bỏ tạp chất và hấp thu bã nhờn mạnh mẽ sâu trong lỗ chân lông hơn so với loại nguyên liệu tro núi lửa hiện tại.',5,0,180000,21,3,15,12,100),(232,'Gel Lột Mụn Tony Moly Tako Pore Sebum Ssok Ssok','- Kiểm soát dầu thừa, làm sạch sâu lỗ chân lông\r\n\r\n- Loại bỏ tối ưu mụn cám, mụn đầu đen\r\n\r\n- Hạn chế mụn quay trở lại',5,0,140000,21,3,42,14,100),(233,'Gel Lột Mụn Tony Moly Tako Pore Sebum Ssok Ssok','- Kiểm soát dầu thừa, làm sạch sâu lỗ chân lông\r\n\r\n- Loại bỏ tối ưu mụn cám, mụn đầu đen\r\n\r\n- Hạn chế mụn quay trở lại',5,0,140000,21,3,42,14,100),(234,'Gel Lột Mụn Tony Moly Tako Pore Sebum Ssok Ssok','- Kiểm soát dầu thừa, làm sạch sâu lỗ chân lông\r\n\r\n- Loại bỏ tối ưu mụn cám, mụn đầu đen\r\n\r\n- Hạn chế mụn quay trở lại',5,0,140000,21,3,42,14,100),(235,'Gel Lột Mụn Tony Moly Tako Pore Sebum Ssok Ssok','- Kiểm soát dầu thừa, làm sạch sâu lỗ chân lông\r\n\r\n- Loại bỏ tối ưu mụn cám, mụn đầu đen\r\n\r\n- Hạn chế mụn quay trở lại',5,0,140000,21,3,42,14,100),(236,'Sữa Rửa Mặt 3 Trong 1 Naruko Tea Tree','.',5,0,190000,22,3,42,3,100),(237,'Sữa Rửa Mặt 3 Trong 1 Naruko Tea Tree','.',5,0,190000,22,3,42,3,100),(238,'Sữa Rửa Mặt 3 Trong 1 Naruko Tea Tree','.',5,0,190000,22,3,42,3,100),(239,'Sữa Rửa Mặt 3 Trong 1 Naruko Tea Tree','.',5,0,190000,22,3,42,3,100),(240,'Mặt Nạ Đất Sét Re:p Bio Fresh Mask','- Mặt nạ đất sét hoa cúc: se khít lỗ chân lông, giảm các vết mụn đỏ do viêm, hút sạch dầu thừa\r\n\r\n- Mặt nạ đất sét hoa hồng: se khít lỗ chân lông, dưỡng sáng và làm đều màu da giúp da săn chắc hơn\r\n\r\n- Mặt nạ đất sét hương thảo: se khít lỗ chân lông, cấp ẩm, giảm dầu thừa và phục hồi da',5,0,460000,22,3,42,8,100),(241,'Mặt Nạ Đất Sét Re:p Bio Fresh Mask','- Mặt nạ đất sét hoa cúc: se khít lỗ chân lông, giảm các vết mụn đỏ do viêm, hút sạch dầu thừa\r\n\r\n- Mặt nạ đất sét hoa hồng: se khít lỗ chân lông, dưỡng sáng và làm đều màu da giúp da săn chắc hơn\r\n\r\n- Mặt nạ đất sét hương thảo: se khít lỗ chân lông, cấp ẩm, giảm dầu thừa và phục hồi da',5,0,460000,22,3,42,8,100),(242,'Mặt Nạ Đất Sét Re:p Bio Fresh Mask','- Mặt nạ đất sét hoa cúc: se khít lỗ chân lông, giảm các vết mụn đỏ do viêm, hút sạch dầu thừa\r\n\r\n- Mặt nạ đất sét hoa hồng: se khít lỗ chân lông, dưỡng sáng và làm đều màu da giúp da săn chắc hơn\r\n\r\n- Mặt nạ đất sét hương thảo: se khít lỗ chân lông, cấp ẩm, giảm dầu thừa và phục hồi da',5,0,460000,22,3,42,8,100),(243,'Mặt Nạ Đất Sét Re:p Bio Fresh Mask','- Mặt nạ đất sét hoa cúc: se khít lỗ chân lông, giảm các vết mụn đỏ do viêm, hút sạch dầu thừa\r\n\r\n- Mặt nạ đất sét hoa hồng: se khít lỗ chân lông, dưỡng sáng và làm đều màu da giúp da săn chắc hơn\r\n\r\n- Mặt nạ đất sét hương thảo: se khít lỗ chân lông, cấp ẩm, giảm dầu thừa và phục hồi da',5,0,460000,22,3,42,8,100),(244,'Mặt Nạ Giấy Banobagi Vita Jelly Mask 30ml','– Mặt nạ vitamin dạng gel. Bổ sung vitamin A.B3.B5.C.E.F.H.Q hàm lượng 40.000ppm, 3 loại mới là 50.000ppm.\r\n\r\n– Cũng như cơ thể cần được bổ sung vitamin thì da mặt cũng vậy. Vitamin giúp da trở nên khoẻ và căng mọng.\r\n\r\n– Tất cả các loại vitamin đều có trong mặt nạ. Khi dùng cần bóp khắp gói mask, đắp 10p. Da khoẻ và mịn sáng hơn rất nhiều.',5,0,25000,23,3,42,46,100),(245,'Mặt Nạ Giấy Banobagi Vita Jelly Mask 30ml','– Mặt nạ vitamin dạng gel. Bổ sung vitamin A.B3.B5.C.E.F.H.Q hàm lượng 40.000ppm, 3 loại mới là 50.000ppm.\r\n\r\n– Cũng như cơ thể cần được bổ sung vitamin thì da mặt cũng vậy. Vitamin giúp da trở nên khoẻ và căng mọng.\r\n\r\n– Tất cả các loại vitamin đều có trong mặt nạ. Khi dùng cần bóp khắp gói mask, đắp 10p. Da khoẻ và mịn sáng hơn rất nhiều.',5,0,25000,23,3,42,46,100),(246,'Mặt Nạ Giấy Banobagi Vita Jelly Mask 30ml','– Mặt nạ vitamin dạng gel. Bổ sung vitamin A.B3.B5.C.E.F.H.Q hàm lượng 40.000ppm, 3 loại mới là 50.000ppm.\r\n\r\n– Cũng như cơ thể cần được bổ sung vitamin thì da mặt cũng vậy. Vitamin giúp da trở nên khoẻ và căng mọng.\r\n\r\n– Tất cả các loại vitamin đều có trong mặt nạ. Khi dùng cần bóp khắp gói mask, đắp 10p. Da khoẻ và mịn sáng hơn rất nhiều.',5,0,25000,23,3,42,46,100),(247,'Mặt Nạ Giấy Banobagi Vita Jelly Mask 30ml','– Mặt nạ vitamin dạng gel. Bổ sung vitamin A.B3.B5.C.E.F.H.Q hàm lượng 40.000ppm, 3 loại mới là 50.000ppm.\r\n\r\n– Cũng như cơ thể cần được bổ sung vitamin thì da mặt cũng vậy. Vitamin giúp da trở nên khoẻ và căng mọng.\r\n\r\n– Tất cả các loại vitamin đều có trong mặt nạ. Khi dùng cần bóp khắp gói mask, đắp 10p. Da khoẻ và mịn sáng hơn rất nhiều.',5,0,25000,23,3,42,46,100),(248,'Mặt Nạ Giấy L\'Oreal Paris','● Thành phần giúp tái cấu trúc tế bào da, bên cạnh cung cấp nước, sản phẩm được bổ sung thêm thành phần nuôi dưỡng tế bào da. ● Công dụng dưỡng ẩm vượt trội, mạnh mẽ với nguồn suối khoáng Pháp cùng dầu dưỡng Jojoba khóa ẩm ưu việt suốt đêm dài, đồng thời dưỡng ẩm tức thì nhờ vi chất Acid Hyaluronic, cấp nước nhanh chóng và lâu dài cho da',5,0,70000,23,3,20,23,100),(249,'Mặt Nạ Giấy L\'Oreal Paris','● Thành phần giúp tái cấu trúc tế bào da, bên cạnh cung cấp nước, sản phẩm được bổ sung thêm thành phần nuôi dưỡng tế bào da. ● Công dụng dưỡng ẩm vượt trội, mạnh mẽ với nguồn suối khoáng Pháp cùng dầu dưỡng Jojoba khóa ẩm ưu việt suốt đêm dài, đồng thời dưỡng ẩm tức thì nhờ vi chất Acid Hyaluronic, cấp nước nhanh chóng và lâu dài cho da',5,0,70000,23,3,20,23,100),(250,'Mặt Nạ Giấy L\'Oreal Paris','● Thành phần giúp tái cấu trúc tế bào da, bên cạnh cung cấp nước, sản phẩm được bổ sung thêm thành phần nuôi dưỡng tế bào da. ● Công dụng dưỡng ẩm vượt trội, mạnh mẽ với nguồn suối khoáng Pháp cùng dầu dưỡng Jojoba khóa ẩm ưu việt suốt đêm dài, đồng thời dưỡng ẩm tức thì nhờ vi chất Acid Hyaluronic, cấp nước nhanh chóng và lâu dài cho da',5,0,70000,23,3,20,23,100),(251,'Mặt Nạ Giấy L\'Oreal Paris','● Thành phần giúp tái cấu trúc tế bào da, bên cạnh cung cấp nước, sản phẩm được bổ sung thêm thành phần nuôi dưỡng tế bào da. ● Công dụng dưỡng ẩm vượt trội, mạnh mẽ với nguồn suối khoáng Pháp cùng dầu dưỡng Jojoba khóa ẩm ưu việt suốt đêm dài, đồng thời dưỡng ẩm tức thì nhờ vi chất Acid Hyaluronic, cấp nước nhanh chóng và lâu dài cho da',5,0,70000,23,3,20,23,100),(252,'Mặt Nạ Bí Đao Cocoon Winter Melon Face Mask','Sản phẩm gồm thành chính là bí đao thanh mát, bổ sung thêm rau má và tinh dầu tràm trà giúp giảm nhờn, làm thông thoáng lỗ chân lông, cải thiện nhanh tình trạng mụn, làm dịu vết đỏ, mang lại làn da sạch mụn và mịn màng.',5,0,295000,24,3,42,6,100),(253,'Mặt Nạ Bí Đao Cocoon Winter Melon Face Mask','Sản phẩm gồm thành chính là bí đao thanh mát, bổ sung thêm rau má và tinh dầu tràm trà giúp giảm nhờn, làm thông thoáng lỗ chân lông, cải thiện nhanh tình trạng mụn, làm dịu vết đỏ, mang lại làn da sạch mụn và mịn màng.',5,0,295000,24,3,42,6,100),(254,'Mặt Nạ Bí Đao Cocoon Winter Melon Face Mask','Sản phẩm gồm thành chính là bí đao thanh mát, bổ sung thêm rau má và tinh dầu tràm trà giúp giảm nhờn, làm thông thoáng lỗ chân lông, cải thiện nhanh tình trạng mụn, làm dịu vết đỏ, mang lại làn da sạch mụn và mịn màng.',5,0,295000,24,3,42,6,100),(255,'Mặt Nạ Bí Đao Cocoon Winter Melon Face Mask','Sản phẩm gồm thành chính là bí đao thanh mát, bổ sung thêm rau má và tinh dầu tràm trà giúp giảm nhờn, làm thông thoáng lỗ chân lông, cải thiện nhanh tình trạng mụn, làm dịu vết đỏ, mang lại làn da sạch mụn và mịn màng.',5,5,295000,24,3,42,6,-5),(256,'Mặt Nạ Laneige Clear-C Peeling Mask 15ml','- Mặt nạ làm sạch tế bào chết giúp làm sáng và mịn da\r\n\r\n- Với thành phần giàu vitamin C giúp ngăn ngừa oxy hóa, giúp da trông săn chắc và mềm mượt \r\n\r\n- Dưỡng ẩm, làm sáng da',5,0,80000,24,3,42,25,100),(257,'Mặt Nạ Laneige Clear-C Peeling Mask 15ml','- Mặt nạ làm sạch tế bào chết giúp làm sáng và mịn da\r\n\r\n- Với thành phần giàu vitamin C giúp ngăn ngừa oxy hóa, giúp da trông săn chắc và mềm mượt \r\n\r\n- Dưỡng ẩm, làm sáng da',5,0,80000,24,3,42,25,100),(258,'Mặt Nạ Laneige Clear-C Peeling Mask 15ml','- Mặt nạ làm sạch tế bào chết giúp làm sáng và mịn da\r\n\r\n- Với thành phần giàu vitamin C giúp ngăn ngừa oxy hóa, giúp da trông săn chắc và mềm mượt \r\n\r\n- Dưỡng ẩm, làm sáng da',5,0,80000,24,3,42,25,100),(259,'Bộ Dưỡng Trắng Some By Mi Yuja Niacin 30Days','- Bộ chăm sóc da bao gồm 4 bước cơ bản cho làn da tươi sáng, hồng hào\r\n\r\n- Nuôi dưỡng làn da từ sâu bên trong, với thành phần thiên nhiên an toàn không bào mòn da\r\n\r\n- Tăng sức đề kháng giúp da khỏe mạnh, đánh bay các vết thâm mụn\r\n\r\n- Cải thiện nền da đều màu, căng mướt, thu hẹp lỗ chân lông',5,0,320000,25,3,42,8,100),(260,'Bộ Dưỡng Trắng Some By Mi Yuja Niacin 30Days','- Bộ chăm sóc da bao gồm 4 bước cơ bản cho làn da tươi sáng, hồng hào\r\n\r\n- Nuôi dưỡng làn da từ sâu bên trong, với thành phần thiên nhiên an toàn không bào mòn da\r\n\r\n- Tăng sức đề kháng giúp da khỏe mạnh, đánh bay các vết thâm mụn\r\n\r\n- Cải thiện nền da đều màu, căng mướt, thu hẹp lỗ chân lông',5,0,320000,25,3,42,8,100),(261,'Bộ Dưỡng Trắng Some By Mi Yuja Niacin 30Days','- Bộ chăm sóc da bao gồm 4 bước cơ bản cho làn da tươi sáng, hồng hào\r\n\r\n- Nuôi dưỡng làn da từ sâu bên trong, với thành phần thiên nhiên an toàn không bào mòn da\r\n\r\n- Tăng sức đề kháng giúp da khỏe mạnh, đánh bay các vết thâm mụn\r\n\r\n- Cải thiện nền da đều màu, căng mướt, thu hẹp lỗ chân lông',5,0,320000,25,3,42,8,100),(262,'Bộ Dưỡng Trắng Some By Mi Yuja Niacin 30Days','- Bộ chăm sóc da bao gồm 4 bước cơ bản cho làn da tươi sáng, hồng hào\r\n\r\n- Nuôi dưỡng làn da từ sâu bên trong, với thành phần thiên nhiên an toàn không bào mòn da\r\n\r\n- Tăng sức đề kháng giúp da khỏe mạnh, đánh bay các vết thâm mụn\r\n\r\n- Cải thiện nền da đều màu, căng mướt, thu hẹp lỗ chân lông',5,0,320000,25,3,42,8,100),(263,'Mặt Nạ Ngủ Mặt Laneige Water Sleeping Mask 25ml','- Giúp giữ ẩm cho da trong suốt cả đêm\r\n\r\n- Làn da của bạn sẽ trở nên mềm mượt và tràn đầy năng lượng\r\n\r\n- Kích thích các sợi collagen bên dưới da hoạt động tốt ',5,0,280000,25,3,18,8,100),(264,'Mặt Nạ Ngủ Mặt Laneige Water Sleeping Mask 25ml','- Giúp giữ ẩm cho da trong suốt cả đêm\r\n\r\n- Làn da của bạn sẽ trở nên mềm mượt và tràn đầy năng lượng\r\n\r\n- Kích thích các sợi collagen bên dưới da hoạt động tốt ',5,0,280000,25,3,18,8,100),(265,'Mặt Nạ Ngủ Mặt Laneige Water Sleeping Mask 25ml','- Giúp giữ ẩm cho da trong suốt cả đêm\r\n\r\n- Làn da của bạn sẽ trở nên mềm mượt và tràn đầy năng lượng\r\n\r\n- Kích thích các sợi collagen bên dưới da hoạt động tốt ',5,0,280000,25,3,18,8,100),(266,'Mặt Nạ Ngủ Mặt Laneige Water Sleeping Mask 25ml','- Giúp giữ ẩm cho da trong suốt cả đêm\r\n\r\n- Làn da của bạn sẽ trở nên mềm mượt và tràn đầy năng lượng\r\n\r\n- Kích thích các sợi collagen bên dưới da hoạt động tốt ',5,0,280000,25,3,18,8,100),(267,'Mặt Nạ Giấy Banobagi Vita Jelly Mask 30ml','– Mặt nạ vitamin dạng gel. Bổ sung vitamin A.B3.B5.C.E.F.H.Q hàm lượng 40.000ppm, 3 loại mới là 50.000ppm.\r\n\r\n– Cũng như cơ thể cần được bổ sung vitamin thì da mặt cũng vậy. Vitamin giúp da trở nên khoẻ và căng mọng.\r\n\r\n– Tất cả các loại vitamin đều có trong mặt nạ. Khi dùng cần bóp khắp gói mask, đắp 10p. Da khoẻ và mịn sáng hơn rất nhiều.',5,0,25000,26,3,42,46,100),(268,'Mặt Nạ Giấy Banobagi Vita Jelly Mask 30ml','– Mặt nạ vitamin dạng gel. Bổ sung vitamin A.B3.B5.C.E.F.H.Q hàm lượng 40.000ppm, 3 loại mới là 50.000ppm.\r\n\r\n– Cũng như cơ thể cần được bổ sung vitamin thì da mặt cũng vậy. Vitamin giúp da trở nên khoẻ và căng mọng.\r\n\r\n– Tất cả các loại vitamin đều có trong mặt nạ. Khi dùng cần bóp khắp gói mask, đắp 10p. Da khoẻ và mịn sáng hơn rất nhiều.',5,0,25000,26,3,42,46,100),(269,'Mặt Nạ Giấy Banobagi Vita Jelly Mask 30ml','– Mặt nạ vitamin dạng gel. Bổ sung vitamin A.B3.B5.C.E.F.H.Q hàm lượng 40.000ppm, 3 loại mới là 50.000ppm.\r\n\r\n– Cũng như cơ thể cần được bổ sung vitamin thì da mặt cũng vậy. Vitamin giúp da trở nên khoẻ và căng mọng.\r\n\r\n– Tất cả các loại vitamin đều có trong mặt nạ. Khi dùng cần bóp khắp gói mask, đắp 10p. Da khoẻ và mịn sáng hơn rất nhiều.',5,0,25000,26,3,42,46,100),(270,'Mặt Nạ Giấy Banobagi Vita Jelly Mask 30ml','– Mặt nạ vitamin dạng gel. Bổ sung vitamin A.B3.B5.C.E.F.H.Q hàm lượng 40.000ppm, 3 loại mới là 50.000ppm.\r\n\r\n– Cũng như cơ thể cần được bổ sung vitamin thì da mặt cũng vậy. Vitamin giúp da trở nên khoẻ và căng mọng.\r\n\r\n– Tất cả các loại vitamin đều có trong mặt nạ. Khi dùng cần bóp khắp gói mask, đắp 10p. Da khoẻ và mịn sáng hơn rất nhiều.',5,15,25000,26,3,42,46,85),(271,'Mặt Nạ The Body Shop TEA TREE SKIN CLEARING CLAY MASK','Mặt nạ The Body Shop TEA TREE SKIN CLEARING CLAY MASK đến từ The Body Shop với thành phần chính từ Lá Tràm Trà - một trong những thành phần “làm nên thương hiệu” và rất được yêu thích của hãng!',5,0,439000,26,3,42,7,100),(272,'Mặt Nạ The Body Shop TEA TREE SKIN CLEARING CLAY MASK','Mặt nạ The Body Shop TEA TREE SKIN CLEARING CLAY MASK đến từ The Body Shop với thành phần chính từ Lá Tràm Trà - một trong những thành phần “làm nên thương hiệu” và rất được yêu thích của hãng!',5,0,439000,26,3,42,7,100),(273,'Mặt Nạ The Body Shop TEA TREE SKIN CLEARING CLAY MASK','Mặt nạ The Body Shop TEA TREE SKIN CLEARING CLAY MASK đến từ The Body Shop với thành phần chính từ Lá Tràm Trà - một trong những thành phần “làm nên thương hiệu” và rất được yêu thích của hãng!',5,0,439000,26,3,42,7,100),(274,'Mặt Nạ The Body Shop TEA TREE SKIN CLEARING CLAY MASK','Mặt nạ The Body Shop TEA TREE SKIN CLEARING CLAY MASK đến từ The Body Shop với thành phần chính từ Lá Tràm Trà - một trong những thành phần “làm nên thương hiệu” và rất được yêu thích của hãng!',5,0,439000,26,3,42,7,100),(275,'Mặt Nạ Đất Sét L\'Oreal Paris Pure Clay Mask','- Mặt nạ đất sét thanh lọc giảm mụn đầu đen\r\n\r\n- Chiết xuất thảo mộc tự nhiên an toàn và nhẹ dịu cho làn da của bạn\r\n\r\n- Giúp giảm mụn đầu đen và mềm mịn da hiệu quả\r\n\r\n- Chiết xuất từ mặt nạ đất sét giàu khoáng chất giúp loại bỏ hoàn toàn tế bào chết lấy đi bã nhờn ',5,0,220000,26,3,42,11,100),(276,'Mặt Nạ Đất Sét L\'Oreal Paris Pure Clay Mask','- Mặt nạ đất sét thanh lọc giảm mụn đầu đen\r\n\r\n- Chiết xuất thảo mộc tự nhiên an toàn và nhẹ dịu cho làn da của bạn\r\n\r\n- Giúp giảm mụn đầu đen và mềm mịn da hiệu quả\r\n\r\n- Chiết xuất từ mặt nạ đất sét giàu khoáng chất giúp loại bỏ hoàn toàn tế bào chết lấy đi bã nhờn ',5,0,220000,26,3,42,11,100),(277,'Mặt Nạ Đất Sét L\'Oreal Paris Pure Clay Mask','- Mặt nạ đất sét thanh lọc giảm mụn đầu đen\r\n\r\n- Chiết xuất thảo mộc tự nhiên an toàn và nhẹ dịu cho làn da của bạn\r\n\r\n- Giúp giảm mụn đầu đen và mềm mịn da hiệu quả\r\n\r\n- Chiết xuất từ mặt nạ đất sét giàu khoáng chất giúp loại bỏ hoàn toàn tế bào chết lấy đi bã nhờn ',5,0,220000,26,3,42,11,100),(278,'Mặt Nạ Đất Sét L\'Oreal Paris Pure Clay Mask','- Mặt nạ đất sét thanh lọc giảm mụn đầu đen\r\n\r\n- Chiết xuất thảo mộc tự nhiên an toàn và nhẹ dịu cho làn da của bạn\r\n\r\n- Giúp giảm mụn đầu đen và mềm mịn da hiệu quả\r\n\r\n- Chiết xuất từ mặt nạ đất sét giàu khoáng chất giúp loại bỏ hoàn toàn tế bào chết lấy đi bã nhờn ',5,0,220000,26,3,42,11,100),(279,'Mặt Nạ Kiehl\'s Calendula Aloe','Kiehl’s Calendula & Aloe soothing hydration masque kết cấu dạng gel nhẹ có tác dụng chống viêm kháng khuẩn, phục hồi tổn thương da, bổ sung và duy trì độ ẩm cho từng tế bào, giúp làn da ngậm nước, căng mọng.',5,0,30000,26,3,20,43,100),(280,'Mặt Nạ Sủi Bột Su:m 37 White Award Bubble','- Loại mask Sủi Bột sáng da Su:m 37 White Award Bubble-De Mask luôn đứng vị trí top sản phẩm bán chạy nhất của hãng.\r\n\r\n- White Award của Sum:37 đã trở thành sản phẩm dưỡng trắng được săn lùng số 1, khi lên da sẽ tạo bọt giải phóng oxygen vào trong da\r\n\r\n- Thấm sâu vào trong lỗ chân lông giúp đào thải chất bẩn ra ngoài và làm cho làn da sáng hơn sau khi rửa sạch khỏi chất bọt mặt nạ.\r\n\r\n- Ngoài việc làm sạch sâu và làm sáng da thì sản phẩm còn rất dịu nhẹ, phù hợp với mọi loại da.',5,0,120000,26,3,42,69,100),(281,'Mặt Nạ Sủi Bột Su:m 37 White Award Bubble','- Loại mask Sủi Bột sáng da Su:m 37 White Award Bubble-De Mask luôn đứng vị trí top sản phẩm bán chạy nhất của hãng.\r\n\r\n- White Award của Sum:37 đã trở thành sản phẩm dưỡng trắng được săn lùng số 1, khi lên da sẽ tạo bọt giải phóng oxygen vào trong da\r\n\r\n- Thấm sâu vào trong lỗ chân lông giúp đào thải chất bẩn ra ngoài và làm cho làn da sáng hơn sau khi rửa sạch khỏi chất bọt mặt nạ.\r\n\r\n- Ngoài việc làm sạch sâu và làm sáng da thì sản phẩm còn rất dịu nhẹ, phù hợp với mọi loại da.',5,14,120000,26,3,42,69,-14),(282,'Mặt Nạ Sủi Bột Su:m 37 White Award Bubble','- Loại mask Sủi Bột sáng da Su:m 37 White Award Bubble-De Mask luôn đứng vị trí top sản phẩm bán chạy nhất của hãng.\r\n\r\n- White Award của Sum:37 đã trở thành sản phẩm dưỡng trắng được săn lùng số 1, khi lên da sẽ tạo bọt giải phóng oxygen vào trong da\r\n\r\n- Thấm sâu vào trong lỗ chân lông giúp đào thải chất bẩn ra ngoài và làm cho làn da sáng hơn sau khi rửa sạch khỏi chất bọt mặt nạ.\r\n\r\n- Ngoài việc làm sạch sâu và làm sáng da thì sản phẩm còn rất dịu nhẹ, phù hợp với mọi loại da.',5,0,120000,26,3,42,69,100),(283,'Mặt Nạ Sủi Bột Su:m 37 White Award Bubble','- Loại mask Sủi Bột sáng da Su:m 37 White Award Bubble-De Mask luôn đứng vị trí top sản phẩm bán chạy nhất của hãng.\r\n\r\n- White Award của Sum:37 đã trở thành sản phẩm dưỡng trắng được săn lùng số 1, khi lên da sẽ tạo bọt giải phóng oxygen vào trong da\r\n\r\n- Thấm sâu vào trong lỗ chân lông giúp đào thải chất bẩn ra ngoài và làm cho làn da sáng hơn sau khi rửa sạch khỏi chất bọt mặt nạ.\r\n\r\n- Ngoài việc làm sạch sâu và làm sáng da thì sản phẩm còn rất dịu nhẹ, phù hợp với mọi loại da.',5,0,120000,26,3,42,69,100),(284,'Gel Rửa Mặt Hoa Hồng Cocoon Rose Cleanser','GEL RỬA MẶT HOA HỒNG Là sự kết hợp từ chiết xuất hoa hồng và nước cất hoa hồng hữu cơ, bổ sung thêm hoạt chất dưỡng ẩm Betaine và Allentoin. Với công thức dịu nhẹ không chứa Sulfate, đây là sản phẩm rửa mặt lý tưởng hằng ngày.',5,13,175000,27,3,42,12,87),(285,'Gel Rửa Mặt Hoa Hồng Cocoon Rose Cleanser','GEL RỬA MẶT HOA HỒNG Là sự kết hợp từ chiết xuất hoa hồng và nước cất hoa hồng hữu cơ, bổ sung thêm hoạt chất dưỡng ẩm Betaine và Allentoin. Với công thức dịu nhẹ không chứa Sulfate, đây là sản phẩm rửa mặt lý tưởng hằng ngày.',5,0,175000,27,3,42,12,100),(286,'Gel Rửa Mặt Hoa Hồng Cocoon Rose Cleanser','GEL RỬA MẶT HOA HỒNG Là sự kết hợp từ chiết xuất hoa hồng và nước cất hoa hồng hữu cơ, bổ sung thêm hoạt chất dưỡng ẩm Betaine và Allentoin. Với công thức dịu nhẹ không chứa Sulfate, đây là sản phẩm rửa mặt lý tưởng hằng ngày.',5,0,175000,27,3,42,12,100),(287,'Gel Rửa Mặt Hoa Hồng Cocoon Rose Cleanser','GEL RỬA MẶT HOA HỒNG Là sự kết hợp từ chiết xuất hoa hồng và nước cất hoa hồng hữu cơ, bổ sung thêm hoạt chất dưỡng ẩm Betaine và Allentoin. Với công thức dịu nhẹ không chứa Sulfate, đây là sản phẩm rửa mặt lý tưởng hằng ngày.',5,0,175000,27,3,42,12,100),(288,'Sữa Rửa Mặt The Face Shop Rice Water Bright','Sữa rửa mặt chiết xuất từ gạo và dầu thực vật Moringa. Với công thức mới thêm hạt gạo xay nhuyễn giúp massage thư giãn, loại bỏ bụi bẩn và bã nhờn sâu trong lỗ chân lông. Tẩy sạch tế bào chết, mụn cám và mụn đầu đen cho làn sạch và sáng khỏe. Tạo cảm giác trơn láng, mềm mịn sau khi rửa mặt.',5,0,170000,27,3,41,13,100),(289,'Sữa Rửa Mặt The Face Shop Rice Water Bright','Sữa rửa mặt chiết xuất từ gạo và dầu thực vật Moringa. Với công thức mới thêm hạt gạo xay nhuyễn giúp massage thư giãn, loại bỏ bụi bẩn và bã nhờn sâu trong lỗ chân lông. Tẩy sạch tế bào chết, mụn cám và mụn đầu đen cho làn sạch và sáng khỏe. Tạo cảm giác trơn láng, mềm mịn sau khi rửa mặt.',5,0,170000,27,3,41,13,100),(290,'Sữa Rửa Mặt The Face Shop Rice Water Bright','Sữa rửa mặt chiết xuất từ gạo và dầu thực vật Moringa. Với công thức mới thêm hạt gạo xay nhuyễn giúp massage thư giãn, loại bỏ bụi bẩn và bã nhờn sâu trong lỗ chân lông. Tẩy sạch tế bào chết, mụn cám và mụn đầu đen cho làn sạch và sáng khỏe. Tạo cảm giác trơn láng, mềm mịn sau khi rửa mặt.',5,0,170000,27,3,41,13,100),(291,'Sữa Rửa Mặt The Face Shop Rice Water Bright','Sữa rửa mặt chiết xuất từ gạo và dầu thực vật Moringa. Với công thức mới thêm hạt gạo xay nhuyễn giúp massage thư giãn, loại bỏ bụi bẩn và bã nhờn sâu trong lỗ chân lông. Tẩy sạch tế bào chết, mụn cám và mụn đầu đen cho làn sạch và sáng khỏe. Tạo cảm giác trơn láng, mềm mịn sau khi rửa mặt.',5,0,170000,27,3,41,13,100),(292,'Nước Tẩy Trang Caryophy 300ml','- Tẩy sạch lớp trang điểm, bụi bẩn CHỈ VỚI 3 MIẾNG BÔNG TẨY TRANG\r\n\r\n- Hút sạch lớp dầu nhờn bám trên bề mặt da, lỗ chân lông hoàn hảo\r\n\r\n- Chứa đến 5 thành phần chiết xuất từ rau sam, rau má giúp kháng viêm, ngăn ngừa và hỗ trợ điều trị mụn',5,0,290000,28,3,42,7,100),(293,'Nước Tẩy Trang Caryophy 300ml','- Tẩy sạch lớp trang điểm, bụi bẩn CHỈ VỚI 3 MIẾNG BÔNG TẨY TRANG\r\n\r\n- Hút sạch lớp dầu nhờn bám trên bề mặt da, lỗ chân lông hoàn hảo\r\n\r\n- Chứa đến 5 thành phần chiết xuất từ rau sam, rau má giúp kháng viêm, ngăn ngừa và hỗ trợ điều trị mụn',5,0,290000,28,3,42,7,100),(294,'Nước Tẩy Trang Caryophy 300ml','- Tẩy sạch lớp trang điểm, bụi bẩn CHỈ VỚI 3 MIẾNG BÔNG TẨY TRANG\r\n\r\n- Hút sạch lớp dầu nhờn bám trên bề mặt da, lỗ chân lông hoàn hảo\r\n\r\n- Chứa đến 5 thành phần chiết xuất từ rau sam, rau má giúp kháng viêm, ngăn ngừa và hỗ trợ điều trị mụn',5,0,290000,28,3,42,7,100),(295,'Nước Tẩy Trang Caryophy 300ml','- Tẩy sạch lớp trang điểm, bụi bẩn CHỈ VỚI 3 MIẾNG BÔNG TẨY TRANG\r\n\r\n- Hút sạch lớp dầu nhờn bám trên bề mặt da, lỗ chân lông hoàn hảo\r\n\r\n- Chứa đến 5 thành phần chiết xuất từ rau sam, rau má giúp kháng viêm, ngăn ngừa và hỗ trợ điều trị mụn',5,0,290000,28,3,42,7,100),(296,'Nước Tẩy Trang Caryophy 300ml','- Tẩy sạch lớp trang điểm, bụi bẩn CHỈ VỚI 3 MIẾNG BÔNG TẨY TRANG\r\n\r\n- Hút sạch lớp dầu nhờn bám trên bề mặt da, lỗ chân lông hoàn hảo\r\n\r\n- Chứa đến 5 thành phần chiết xuất từ rau sam, rau má giúp kháng viêm, ngăn ngừa và hỗ trợ điều trị mụn',5,0,290000,28,3,42,7,100),(297,'Nước Tẩy Trang Caryophy 300ml','- Tẩy sạch lớp trang điểm, bụi bẩn CHỈ VỚI 3 MIẾNG BÔNG TẨY TRANG\r\n\r\n- Hút sạch lớp dầu nhờn bám trên bề mặt da, lỗ chân lông hoàn hảo\r\n\r\n- Chứa đến 5 thành phần chiết xuất từ rau sam, rau má giúp kháng viêm, ngăn ngừa và hỗ trợ điều trị mụn',5,0,290000,28,3,42,7,100),(298,'Nước Tẩy Trang Caryophy 300ml','- Tẩy sạch lớp trang điểm, bụi bẩn CHỈ VỚI 3 MIẾNG BÔNG TẨY TRANG\r\n\r\n- Hút sạch lớp dầu nhờn bám trên bề mặt da, lỗ chân lông hoàn hảo\r\n\r\n- Chứa đến 5 thành phần chiết xuất từ rau sam, rau má giúp kháng viêm, ngăn ngừa và hỗ trợ điều trị mụn',5,0,290000,28,3,42,7,100),(299,'Nước Tẩy Trang Caryophy 300ml','- Tẩy sạch lớp trang điểm, bụi bẩn CHỈ VỚI 3 MIẾNG BÔNG TẨY TRANG\r\n\r\n- Hút sạch lớp dầu nhờn bám trên bề mặt da, lỗ chân lông hoàn hảo\r\n\r\n- Chứa đến 5 thành phần chiết xuất từ rau sam, rau má giúp kháng viêm, ngăn ngừa và hỗ trợ điều trị mụn',5,0,290000,28,3,42,7,100),(300,'Nước Tẩy Trang Bí Đao Cocoon Winter Melon','Làn da dầu và mụn rất nhạy cảm nên cần được thiết kế một loại nước tẩy trang phù hợp. Với công nghệ Micellar, nước tẩy trang bí đao giúp làm sạch hiệu quả lớp trang điểm, bụi bẩn và dầu thừa, mang lại làn da sạch hoàn toàn và dịu nhẹ.',5,0,125000,28,3,42,15,100),(301,'Nước Tẩy Trang Bí Đao Cocoon Winter Melon','Làn da dầu và mụn rất nhạy cảm nên cần được thiết kế một loại nước tẩy trang phù hợp. Với công nghệ Micellar, nước tẩy trang bí đao giúp làm sạch hiệu quả lớp trang điểm, bụi bẩn và dầu thừa, mang lại làn da sạch hoàn toàn và dịu nhẹ.',5,0,125000,28,3,42,15,100),(302,'Nước Tẩy Trang Bí Đao Cocoon Winter Melon','Làn da dầu và mụn rất nhạy cảm nên cần được thiết kế một loại nước tẩy trang phù hợp. Với công nghệ Micellar, nước tẩy trang bí đao giúp làm sạch hiệu quả lớp trang điểm, bụi bẩn và dầu thừa, mang lại làn da sạch hoàn toàn và dịu nhẹ.',5,0,125000,28,3,42,15,100),(303,'Nước Tẩy Trang Bí Đao Cocoon Winter Melon','Làn da dầu và mụn rất nhạy cảm nên cần được thiết kế một loại nước tẩy trang phù hợp. Với công nghệ Micellar, nước tẩy trang bí đao giúp làm sạch hiệu quả lớp trang điểm, bụi bẩn và dầu thừa, mang lại làn da sạch hoàn toàn và dịu nhẹ.',5,0,125000,28,3,42,15,100),(304,'Tẩy Da Chết Mặt Cocoon Coffee Face Polish 150ml','Những hạt cà phê Đắk Lắk xay nhuyễn giàu cafeine hòa quyện với bơ cacao Tiền Giang giúp bạn loại bỏ lớp tế bào chết già cỗi và xỉn màu, đánh thức làn da tươi mới đầy năng lượng cùng cảm giác mượt mà và mềm mịn lan tỏa',5,0,145000,29,3,42,16,100),(305,'Tẩy Da Chết Mặt Cocoon Coffee Face Polish 150ml','Những hạt cà phê Đắk Lắk xay nhuyễn giàu cafeine hòa quyện với bơ cacao Tiền Giang giúp bạn loại bỏ lớp tế bào chết già cỗi và xỉn màu, đánh thức làn da tươi mới đầy năng lượng cùng cảm giác mượt mà và mềm mịn lan tỏa',5,0,145000,29,3,42,16,100),(306,'Tẩy Da Chết Mặt Cocoon Coffee Face Polish 150ml','Những hạt cà phê Đắk Lắk xay nhuyễn giàu cafeine hòa quyện với bơ cacao Tiền Giang giúp bạn loại bỏ lớp tế bào chết già cỗi và xỉn màu, đánh thức làn da tươi mới đầy năng lượng cùng cảm giác mượt mà và mềm mịn lan tỏa',5,0,145000,29,3,42,16,100),(307,'Tẩy Da Chết Mặt Cocoon Coffee Face Polish 150ml','Những hạt cà phê Đắk Lắk xay nhuyễn giàu cafeine hòa quyện với bơ cacao Tiền Giang giúp bạn loại bỏ lớp tế bào chết già cỗi và xỉn màu, đánh thức làn da tươi mới đầy năng lượng cùng cảm giác mượt mà và mềm mịn lan tỏa',5,0,145000,29,3,42,16,100),(308,'Gel Tẩy Da Chết Missha Super Aqua','- Thành phần chống oxi hóa, dưỡng ẩm cho làn da.\r\n\r\n- Nước tinh thể: Phức hợp nước của thạch anh tím, ngọc trai và khoáng chất Tourrmaline. Thúc đẩy việc lưu thông máu, tác dụng làm sáng da.\r\n\r\n- Giải độc tố, thanh lọc da, giảm kích ứng da.',5,0,170000,29,3,42,34,100),(309,'Gel Tẩy Da Chết Missha Super Aqua','- Thành phần chống oxi hóa, dưỡng ẩm cho làn da.\r\n\r\n- Nước tinh thể: Phức hợp nước của thạch anh tím, ngọc trai và khoáng chất Tourrmaline. Thúc đẩy việc lưu thông máu, tác dụng làm sáng da.\r\n\r\n- Giải độc tố, thanh lọc da, giảm kích ứng da.',5,3,170000,29,3,42,34,97),(310,'Gel Tẩy Da Chết Missha Super Aqua','- Thành phần chống oxi hóa, dưỡng ẩm cho làn da.\r\n\r\n- Nước tinh thể: Phức hợp nước của thạch anh tím, ngọc trai và khoáng chất Tourrmaline. Thúc đẩy việc lưu thông máu, tác dụng làm sáng da.\r\n\r\n- Giải độc tố, thanh lọc da, giảm kích ứng da.',5,0,170000,29,3,42,34,100),(311,'Gel Tẩy Da Chết Missha Super Aqua','- Thành phần chống oxi hóa, dưỡng ẩm cho làn da.\r\n\r\n- Nước tinh thể: Phức hợp nước của thạch anh tím, ngọc trai và khoáng chất Tourrmaline. Thúc đẩy việc lưu thông máu, tác dụng làm sáng da.\r\n\r\n- Giải độc tố, thanh lọc da, giảm kích ứng da.',5,0,170000,29,3,42,34,100),(312,'Kem Dưỡng Toàn Thân Redwin Vitamin E Cream','- Sản phẩm thích hợp cho mọi loại da, đặc biệt dành cho da khô, da bị nứt nẻ, bong tróc, an toàn với cả làn da của trẻ nhỏ và da nhạy cảm.\r\n\r\n- Có thể dùng cho mặt và body, phù hợp với mọi đối tượng nam nữ\r\n\r\n- Không gây kích ứng cho da nhạy cảm.\r\n\r\n- Công thức dưỡng ẩm chuyên sâu, làm mềm mượt da, phục hồi da khô sạm, mất nước, sần sùi',5,0,140000,30,3,42,17,100),(313,'Kem Dưỡng Toàn Thân Redwin Vitamin E Cream','- Sản phẩm thích hợp cho mọi loại da, đặc biệt dành cho da khô, da bị nứt nẻ, bong tróc, an toàn với cả làn da của trẻ nhỏ và da nhạy cảm.\r\n\r\n- Có thể dùng cho mặt và body, phù hợp với mọi đối tượng nam nữ\r\n\r\n- Không gây kích ứng cho da nhạy cảm.\r\n\r\n- Công thức dưỡng ẩm chuyên sâu, làm mềm mượt da, phục hồi da khô sạm, mất nước, sần sùi',5,0,140000,30,3,42,17,100),(314,'Kem Dưỡng Toàn Thân Redwin Vitamin E Cream','- Sản phẩm thích hợp cho mọi loại da, đặc biệt dành cho da khô, da bị nứt nẻ, bong tróc, an toàn với cả làn da của trẻ nhỏ và da nhạy cảm.\r\n\r\n- Có thể dùng cho mặt và body, phù hợp với mọi đối tượng nam nữ\r\n\r\n- Không gây kích ứng cho da nhạy cảm.\r\n\r\n- Công thức dưỡng ẩm chuyên sâu, làm mềm mượt da, phục hồi da khô sạm, mất nước, sần sùi',5,6,140000,30,3,42,17,94),(315,'Dung Dịch Trị Mụn Obagi Medical Salicylic Acid','- Cuốn trôi hoàn toàn lớp bụi bẩn, dầu thừa còn sót lại trên bề mặt da\r\n\r\n- Giảm mụn và ngăn chặn quá trình hình thành nhân mụn\r\n\r\n- Giúp thông thoáng và se khít lỗ chân lông\r\n\r\n- Cân bằng dưỡng ẩm sâu và độ PH cho làn da\r\n\r\n- Cải thiện tình trạng do kích ứng: sưng tấy, cháy nắng, khô nhăn, bong tróc,…\r\n\r\n- Điều tiết bã nhờn hiệu quả, mang lại làn da khô thoáng',5,0,780000,32,3,42,3,100),(316,'Dung Dịch Trị Mụn Obagi Medical Salicylic Acid','- Cuốn trôi hoàn toàn lớp bụi bẩn, dầu thừa còn sót lại trên bề mặt da\r\n\r\n- Giảm mụn và ngăn chặn quá trình hình thành nhân mụn\r\n\r\n- Giúp thông thoáng và se khít lỗ chân lông\r\n\r\n- Cân bằng dưỡng ẩm sâu và độ PH cho làn da\r\n\r\n- Cải thiện tình trạng do kích ứng: sưng tấy, cháy nắng, khô nhăn, bong tróc,…\r\n\r\n- Điều tiết bã nhờn hiệu quả, mang lại làn da khô thoáng',5,0,780000,32,3,42,3,100),(317,'Dung Dịch Trị Mụn Obagi Medical Salicylic Acid','- Cuốn trôi hoàn toàn lớp bụi bẩn, dầu thừa còn sót lại trên bề mặt da\r\n\r\n- Giảm mụn và ngăn chặn quá trình hình thành nhân mụn\r\n\r\n- Giúp thông thoáng và se khít lỗ chân lông\r\n\r\n- Cân bằng dưỡng ẩm sâu và độ PH cho làn da\r\n\r\n- Cải thiện tình trạng do kích ứng: sưng tấy, cháy nắng, khô nhăn, bong tróc,…\r\n\r\n- Điều tiết bã nhờn hiệu quả, mang lại làn da khô thoáng',5,0,780000,32,3,42,3,100),(318,'https://adminbeauty.hvnet.vn/Upload/Files/Avatar-SP-Web(1)(1)-Recovered(29).jpg','- Cuốn trôi hoàn toàn lớp bụi bẩn, dầu thừa còn sót lại trên bề mặt da\r\n\r\n- Giảm mụn và ngăn chặn quá trình hình thành nhân mụn\r\n\r\n- Giúp thông thoáng và se khít lỗ chân lông\r\n\r\n- Cân bằng dưỡng ẩm sâu và độ PH cho làn da\r\n\r\n- Cải thiện tình trạng do kích ứng: sưng tấy, cháy nắng, khô nhăn, bong tróc,…\r\n\r\n- Điều tiết bã nhờn hiệu quả, mang lại làn da khô thoáng\r\n\r\n ',5,0,780000,30,3,42,3,100),(319,'Kem Dưỡng Nâng Tone Black Rouge','Black Rouge Pink Tone Up Cream là dòng sản phẩm dưỡng da mới nhất đến từ hãng mỹ phẩm Black Rouge có chức năng như 1 sản phẩm makeup',5,0,780000,30,3,42,3,100),(320,'Kem Dưỡng Nâng Tone Black Rouge','Kem Dưỡng Nâng Tone Black Rouge',5,0,780000,30,3,42,3,100),(321,'Kem Dưỡng Dongsung Rannce Max Whitening Cream','- Là dòng kem đặc trị nám, giúp loại bỏ hoàn toàn những vùng da bị nám, đồi mồi, tàn nhang.\r\n\r\n- Sử dụng 100% thành phần tự nhiên và áp dụng công thức độc quyền Dongsung rannce giúp nhanh chóng cải thiện vùng da thâm nám,…\r\n\r\n- Kem Dongsung của xứ lạnh Hàn Quốc nhưng lại rất phù hợp với làn da và khí hậu người Việt Nam',5,0,490000,31,3,42,6,100),(322,'Kem Dưỡng Dongsung Rannce Max Whitening Cream','- Là dòng kem đặc trị nám, giúp loại bỏ hoàn toàn những vùng da bị nám, đồi mồi, tàn nhang.\r\n\r\n- Sử dụng 100% thành phần tự nhiên và áp dụng công thức độc quyền Dongsung rannce giúp nhanh chóng cải thiện vùng da thâm nám,…\r\n\r\n- Kem Dongsung của xứ lạnh Hàn Quốc nhưng lại rất phù hợp với làn da và khí hậu người Việt Nam',5,5,490000,31,3,42,6,95),(323,'Kem Dưỡng Dongsung Rannce Max Whitening Cream','- Là dòng kem đặc trị nám, giúp loại bỏ hoàn toàn những vùng da bị nám, đồi mồi, tàn nhang.\r\n\r\n- Sử dụng 100% thành phần tự nhiên và áp dụng công thức độc quyền Dongsung rannce giúp nhanh chóng cải thiện vùng da thâm nám,…\r\n\r\n- Kem Dongsung của xứ lạnh Hàn Quốc nhưng lại rất phù hợp với làn da và khí hậu người Việt Nam',5,0,490000,31,3,42,6,100),(324,'Kem Ngừa Mụn Derma Forte Anti Skin Care Gel','- Hỗ trợ giảm các loại mụn trứng cá, mụn đầu trắng, mụn kèm theo gây sưng tấy và đau nhức.\r\n\r\n- Ngừa vết thâm, ngừa tái phát mụn. ',5,0,140000,31,3,42,3,100),(325,'Kem Ngừa Mụn Derma Forte Anti Skin Care Gel','- Hỗ trợ giảm các loại mụn trứng cá, mụn đầu trắng, mụn kèm theo gây sưng tấy và đau nhức.\r\n\r\n- Ngừa vết thâm, ngừa tái phát mụn. ',5,0,140000,31,3,42,3,100),(326,'Kem Ngừa Mụn Derma Forte Anti Skin Care Gel','- Hỗ trợ giảm các loại mụn trứng cá, mụn đầu trắng, mụn kèm theo gây sưng tấy và đau nhức.\r\n\r\n- Ngừa vết thâm, ngừa tái phát mụn. ',5,0,140000,31,3,42,3,100),(327,'Kem Dưỡng Nâng Tone Black Rouge','- Cung cấp các dưỡng chất cần thiết giúp chống lại các dấu hiệu của lão hóa. \r\n\r\n- Tái tạo da, củng cố lớp collagen giúp da săn chắc và đàn hồi. \r\n\r\n- Ngăn chặn tiết dầu gây nhờn, thu nhỏ lỗ chân lông. \r\n\r\n- Đánh bật nám tận gốc nhưng không làm hư tổn đến làn da',5,0,490000,34,3,42,5,100),(328,'Kem Dưỡng Nâng Tone Black Rouge','- Cung cấp các dưỡng chất cần thiết giúp chống lại các dấu hiệu của lão hóa. \r\n\r\n- Tái tạo da, củng cố lớp collagen giúp da săn chắc và đàn hồi. \r\n\r\n- Ngăn chặn tiết dầu gây nhờn, thu nhỏ lỗ chân lông. \r\n\r\n- Đánh bật nám tận gốc nhưng không làm hư tổn đến làn da',5,0,490000,34,3,42,5,100),(329,'Kem Dưỡng Nâng Tone Black Rouge','- Cung cấp các dưỡng chất cần thiết giúp chống lại các dấu hiệu của lão hóa. \r\n\r\n- Tái tạo da, củng cố lớp collagen giúp da săn chắc và đàn hồi. \r\n\r\n- Ngăn chặn tiết dầu gây nhờn, thu nhỏ lỗ chân lông. \r\n\r\n- Đánh bật nám tận gốc nhưng không làm hư tổn đến làn da',5,0,490000,34,3,42,5,100),(330,'Tinh Chất Giảm Mụn Derladie Herbal Ampoul','Với chiết xuất tràm trà, trà xanh, rau má, rau sam, liễu trắng,...sản phẩm giúp giảm sưng viêm, xẹp mụn nhanh và điều trị mụn hiệu quả chỉ sau 14 ngày.',5,0,420000,34,3,42,6,100),(331,'Tinh Chất Giảm Mụn Derladie Herbal Ampoul','Với chiết xuất tràm trà, trà xanh, rau má, rau sam, liễu trắng,...sản phẩm giúp giảm sưng viêm, xẹp mụn nhanh và điều trị mụn hiệu quả chỉ sau 14 ngày.',5,0,420000,34,3,42,6,100),(332,'Tinh Chất Giảm Mụn Derladie Herbal Ampoul','Với chiết xuất tràm trà, trà xanh, rau má, rau sam, liễu trắng,...sản phẩm giúp giảm sưng viêm, xẹp mụn nhanh và điều trị mụn hiệu quả chỉ sau 14 ngày.',5,0,420000,34,3,42,6,100),(333,'Bộ Kit Dưỡng Da Mụn Cấp Ẩm Innisfree Green Tea','- Chiết xuất từ tinh chất trà xanh thiên nhiên, an toàn và lành tính\r\n\r\n- Cấp ẩm và dưỡng ẩm cho da, se khít lỗ chân lông, ngừa lão hóa.\r\n\r\n- Tăng tính đàn hồi cho da, giúp da khỏe mạnh tươi trẻ từ bên trong\r\n\r\n- Dưỡng da sáng mịn hẳn lên sau một thời gian sử dụng.',5,0,140000,35,3,42,22,100),(334,'Bộ Kit Dưỡng Da Mụn Cấp Ẩm Innisfree Green Tea','- Chiết xuất từ tinh chất trà xanh thiên nhiên, an toàn và lành tính\r\n\r\n- Cấp ẩm và dưỡng ẩm cho da, se khít lỗ chân lông, ngừa lão hóa.\r\n\r\n- Tăng tính đàn hồi cho da, giúp da khỏe mạnh tươi trẻ từ bên trong\r\n\r\n- Dưỡng da sáng mịn hẳn lên sau một thời gian sử dụng.',5,0,140000,35,3,42,22,100),(335,'Bộ Kit Dưỡng Da Mụn Cấp Ẩm Innisfree Green Tea','- Chiết xuất từ tinh chất trà xanh thiên nhiên, an toàn và lành tính\r\n\r\n- Cấp ẩm và dưỡng ẩm cho da, se khít lỗ chân lông, ngừa lão hóa.\r\n\r\n- Tăng tính đàn hồi cho da, giúp da khỏe mạnh tươi trẻ từ bên trong\r\n\r\n- Dưỡng da sáng mịn hẳn lên sau một thời gian sử dụng.',5,0,140000,35,3,42,22,100),(336,'Nước Dưỡng Dongsung Rannce Skin','– Bổ sung collagen tự nhiên và tinh chất tế bào gốc, kích thích sự tái sinh của các tế bào mới, giúp giảm nếp nhăn và lão hóa.\r\n\r\n– Khắc phục tình trạng da sần sùi, thô ráp, giúp lỗ chân lông được thu nhỏ, ngăn chặn tiết dầu.',5,0,460000,35,3,42,6,100),(337,'Nước Dưỡng Dongsung Rannce Skin','– Bổ sung collagen tự nhiên và tinh chất tế bào gốc, kích thích sự tái sinh của các tế bào mới, giúp giảm nếp nhăn và lão hóa.\r\n\r\n– Khắc phục tình trạng da sần sùi, thô ráp, giúp lỗ chân lông được thu nhỏ, ngăn chặn tiết dầu.',5,0,460000,35,3,42,6,100),(338,'Nước Dưỡng Dongsung Rannce Skin','– Bổ sung collagen tự nhiên và tinh chất tế bào gốc, kích thích sự tái sinh của các tế bào mới, giúp giảm nếp nhăn và lão hóa.\r\n\r\n– Khắc phục tình trạng da sần sùi, thô ráp, giúp lỗ chân lông được thu nhỏ, ngăn chặn tiết dầu.',5,0,460000,35,3,42,6,100),(339,'Dung Dịch Trị Mụn Obagi Medical Salicylic Acid','- Cuốn trôi hoàn toàn lớp bụi bẩn, dầu thừa còn sót lại trên bề mặt da\r\n\r\n- Giảm mụn và ngăn chặn quá trình hình thành nhân mụn\r\n\r\n- Giúp thông thoáng và se khít lỗ chân lông\r\n\r\n- Cân bằng dưỡng ẩm sâu và độ PH cho làn da\r\n\r\n- Cải thiện tình trạng do kích ứng: sưng tấy, cháy nắng, khô nhăn, bong tróc,…\r\n\r\n- Điều tiết bã nhờn hiệu quả, mang lại làn da khô thoáng\r\n\r\n ',5,0,780000,36,3,42,3,100),(340,'Dung Dịch Trị Mụn Obagi Medical Salicylic Acid','- Cuốn trôi hoàn toàn lớp bụi bẩn, dầu thừa còn sót lại trên bề mặt da\r\n\r\n- Giảm mụn và ngăn chặn quá trình hình thành nhân mụn\r\n\r\n- Giúp thông thoáng và se khít lỗ chân lông\r\n\r\n- Cân bằng dưỡng ẩm sâu và độ PH cho làn da\r\n\r\n- Cải thiện tình trạng do kích ứng: sưng tấy, cháy nắng, khô nhăn, bong tróc,…\r\n\r\n- Điều tiết bã nhờn hiệu quả, mang lại làn da khô thoáng\r\n\r\n ',5,0,780000,36,3,42,3,100),(341,'Dung Dịch Trị Mụn Obagi Medical Salicylic Acid','- Cuốn trôi hoàn toàn lớp bụi bẩn, dầu thừa còn sót lại trên bề mặt da\r\n\r\n- Giảm mụn và ngăn chặn quá trình hình thành nhân mụn\r\n\r\n- Giúp thông thoáng và se khít lỗ chân lông\r\n\r\n- Cân bằng dưỡng ẩm sâu và độ PH cho làn da\r\n\r\n- Cải thiện tình trạng do kích ứng: sưng tấy, cháy nắng, khô nhăn, bong tróc,…\r\n\r\n- Điều tiết bã nhờn hiệu quả, mang lại làn da khô thoáng\r\n\r\n ',5,0,780000,36,3,42,3,100),(342,'Nước Nghệ Hưng Yên Cocoon Turmeric Toner','Được chiết xuất từ củ nghệ canh tác tại Hưng Yên, kết hợp với AHA và hoạt chất dưỡng ẩm betaine, nước nghệ cung cấp độ ẩm cần thiết, mang lại làn da sáng mịn và đều màu.',5,0,175000,36,3,42,10,100),(343,'Nước Nghệ Hưng Yên Cocoon Turmeric Toner','Được chiết xuất từ củ nghệ canh tác tại Hưng Yên, kết hợp với AHA và hoạt chất dưỡng ẩm betaine, nước nghệ cung cấp độ ẩm cần thiết, mang lại làn da sáng mịn và đều màu.',5,0,175000,36,3,42,10,100),(344,'Nước Nghệ Hưng Yên Cocoon Turmeric Toner','Được chiết xuất từ củ nghệ canh tác tại Hưng Yên, kết hợp với AHA và hoạt chất dưỡng ẩm betaine, nước nghệ cung cấp độ ẩm cần thiết, mang lại làn da sáng mịn và đều màu.',5,0,175000,36,3,42,10,100),(345,'Kem Chống Nắng The Saem Eco Earth Pink SunCream','Kem Chống Nắng The SAEM Eco Earth Power Pink Sun Cream SPF50+ PA++++  là dòng kem chống nắng dịu nhẹ đến từ thương hiệu mỹ phẩm The Saem của Hàn Quốc giúp bảo vệ 100% làn da khỏi tia cực tím và làm dịu da trước ánh nắng mặt trời. Đồng thời sản phẩm còn giúp giữ làn da đủ ẩm và mịn màng mà không gây bất cứ sự bết dính nào.',5,0,160000,37,3,42,11,100),(346,'Kem Chống Nắng The Saem Eco Earth Pink SunCream','Kem Chống Nắng The SAEM Eco Earth Power Pink Sun Cream SPF50+ PA++++  là dòng kem chống nắng dịu nhẹ đến từ thương hiệu mỹ phẩm The Saem của Hàn Quốc giúp bảo vệ 100% làn da khỏi tia cực tím và làm dịu da trước ánh nắng mặt trời. Đồng thời sản phẩm còn giúp giữ làn da đủ ẩm và mịn màng mà không gây bất cứ sự bết dính nào.',5,0,160000,37,3,42,11,100),(347,'Kem Chống Nắng The Saem Eco Earth Pink SunCream','Kem Chống Nắng The SAEM Eco Earth Power Pink Sun Cream SPF50+ PA++++  là dòng kem chống nắng dịu nhẹ đến từ thương hiệu mỹ phẩm The Saem của Hàn Quốc giúp bảo vệ 100% làn da khỏi tia cực tím và làm dịu da trước ánh nắng mặt trời. Đồng thời sản phẩm còn giúp giữ làn da đủ ẩm và mịn màng mà không gây bất cứ sự bết dính nào.',5,15,160000,37,3,42,11,82),(348,'Kem Chống Nắng La Roche-Posay Fluide Invisible','- Kháng trôi cao (nước, mồ hôi, cát,…)\r\n\r\n- Kết cấu mỏng nhẹ, không gây nhờn rít\r\n\r\n- Chống nắng và bảo vệ da mặt tối ưu SPF50+, UVA/UVB\r\n\r\n- Sử dụng như kem chống nắng hằng ngày hoặc trong thời gian hoạt động nhiều dưới ánh nắng mặt trời (đi biển, dã ngoại,…)',5,0,450000,37,3,42,4,100),(349,'Kem Chống Nắng La Roche-Posay Fluide Invisible','- Kháng trôi cao (nước, mồ hôi, cát,…)\r\n\r\n- Kết cấu mỏng nhẹ, không gây nhờn rít\r\n\r\n- Chống nắng và bảo vệ da mặt tối ưu SPF50+, UVA/UVB\r\n\r\n- Sử dụng như kem chống nắng hằng ngày hoặc trong thời gian hoạt động nhiều dưới ánh nắng mặt trời (đi biển, dã ngoại,…)',5,0,450000,37,3,42,4,100),(350,'Kem Chống Nắng La Roche-Posay Fluide Invisible','- Kháng trôi cao (nước, mồ hôi, cát,…)\r\n\r\n- Kết cấu mỏng nhẹ, không gây nhờn rít\r\n\r\n- Chống nắng và bảo vệ da mặt tối ưu SPF50+, UVA/UVB\r\n\r\n- Sử dụng như kem chống nắng hằng ngày hoặc trong thời gian hoạt động nhiều dưới ánh nắng mặt trời (đi biển, dã ngoại,…)',5,0,450000,37,3,42,4,100),(351,'Kem chống nắng Argan','- Chiết xuất từ tinh dầu Argan có tác dụng dưỡng ẩm và giữ ẩm cho tóc cực hiệu quả\r\n\r\n- Thấm sâu và nuôi dưỡng từ bên trong, phục hồi tóc hư tổn gãy rụng\r\n\r\n- Cung cấp dưỡng chất giúp nuôi dưỡng tóc dày bóng mượt tự nhiên\r\n\r\n- Hương thơm dịu nhẹ dễ chịu, mang lại cảm giác thư thái thoải mái cho người dùng',5,0,230000,38,4,42,7,100),(352,'Kem chống nắng Argan','- Chiết xuất từ tinh dầu Argan có tác dụng dưỡng ẩm và giữ ẩm cho tóc cực hiệu quả\r\n\r\n- Thấm sâu và nuôi dưỡng từ bên trong, phục hồi tóc hư tổn gãy rụng\r\n\r\n- Cung cấp dưỡng chất giúp nuôi dưỡng tóc dày bóng mượt tự nhiên\r\n\r\n- Hương thơm dịu nhẹ dễ chịu, mang lại cảm giác thư thái thoải mái cho người dùng',5,0,230000,38,4,42,7,100),(353,'Kem chống nắng Argan','- Chiết xuất từ tinh dầu Argan có tác dụng dưỡng ẩm và giữ ẩm cho tóc cực hiệu quả\r\n\r\n- Thấm sâu và nuôi dưỡng từ bên trong, phục hồi tóc hư tổn gãy rụng\r\n\r\n- Cung cấp dưỡng chất giúp nuôi dưỡng tóc dày bóng mượt tự nhiên\r\n\r\n- Hương thơm dịu nhẹ dễ chịu, mang lại cảm giác thư thái thoải mái cho người dùng',5,0,230000,38,4,42,7,100),(354,'Set Dầu Gội Và Dầu Xả Tsubaki Oil Extra Smooth','- Dầu gội kết hợp với dầu xả tạo mái tóc suôn mượt\r\n\r\n- Giúp tóc phục hồi hư tổn vì các tác nhân vật lý\r\n\r\n- Thành phần chiết xuất từ thiên nhiên tốt cho da đầu\r\n\r\n- Nuôi dưỡng tóc chắc khỏe từ ngọn cho tới chân tóc',5,0,280000,38,4,42,7,100),(355,'Set Dầu Gội Và Dầu Xả Tsubaki Oil Extra Smooth','- Dầu gội kết hợp với dầu xả tạo mái tóc suôn mượt\r\n\r\n- Giúp tóc phục hồi hư tổn vì các tác nhân vật lý\r\n\r\n- Thành phần chiết xuất từ thiên nhiên tốt cho da đầu\r\n\r\n- Nuôi dưỡng tóc chắc khỏe từ ngọn cho tới chân tóc',5,0,280000,38,4,42,7,100),(356,'Set Dầu Gội Và Dầu Xả Tsubaki Oil Extra Smooth','- Dầu gội kết hợp với dầu xả tạo mái tóc suôn mượt\r\n\r\n- Giúp tóc phục hồi hư tổn vì các tác nhân vật lý\r\n\r\n- Thành phần chiết xuất từ thiên nhiên tốt cho da đầu\r\n\r\n- Nuôi dưỡng tóc chắc khỏe từ ngọn cho tới chân tóc',5,0,280000,38,4,42,7,100),(357,'Dầu Gội Ogx Thick-Full Biotin-Collagen 385ml','- Bộ dầu gội - dầu xả kích mọc tóc Organix thick & full biotin & collagen shampoo làm dầy và tăng cường lượng tóc.\r\n\r\n- Hợp chất giữa ProVitamin B7 và bitoin hoạt động mạnh mẽ tạo ra các chất dinh dưỡng thấm sâu vào từng sợi tóc.\r\n\r\n- Phục hồi độ chắc khỏe của tóc, cho bạn một mái tóc dầy mềm mượt',5,6,250000,39,4,42,25,94),(358,'Dầu Gội Ogx Thick-Full Biotin-Collagen 385ml','- Bộ dầu gội - dầu xả kích mọc tóc Organix thick & full biotin & collagen shampoo làm dầy và tăng cường lượng tóc.\r\n\r\n- Hợp chất giữa ProVitamin B7 và bitoin hoạt động mạnh mẽ tạo ra các chất dinh dưỡng thấm sâu vào từng sợi tóc.\r\n\r\n- Phục hồi độ chắc khỏe của tóc, cho bạn một mái tóc dầy mềm mượt',5,0,250000,39,4,42,25,100),(359,'Dầu Gội Ogx Thick-Full Biotin-Collagen 385ml','- Bộ dầu gội - dầu xả kích mọc tóc Organix thick & full biotin & collagen shampoo làm dầy và tăng cường lượng tóc.\r\n\r\n- Hợp chất giữa ProVitamin B7 và bitoin hoạt động mạnh mẽ tạo ra các chất dinh dưỡng thấm sâu vào từng sợi tóc.\r\n\r\n- Phục hồi độ chắc khỏe của tóc, cho bạn một mái tóc dầy mềm mượt',5,0,250000,39,4,42,25,100),(360,'Dầu Gội Mộc Nhu Thảo Dược Cỏ Mực & Mè Đen','Dầu Gội Mộc Nhu Thảo Dược Cỏ Mực & Mè Đen',5,0,250000,39,4,42,9,100),(361,'Dầu Gội Mộc Nhu Thảo Dược Cỏ Mực & Mè Đen','Dầu Gội Mộc Nhu Thảo Dược Cỏ Mực & Mè Đen',5,0,250000,39,4,42,9,100),(362,'Dầu Gội Mộc Nhu Thảo Dược Cỏ Mực & Mè Đen','Dầu Gội Mộc Nhu Thảo Dược Cỏ Mực & Mè Đen',5,0,250000,39,4,42,9,100),(363,'Dầu Xả OGX Thick And Full Biotin And Collagen','- Cung cấp các dưỡng chất thất sâu, phục hồi từ sâu bên trong sợi tóc.\r\n\r\n- Ngăn ngừa lão hóa của tóc, giúp sợi tóc khỏe, sáng bóng mượt hơn nhiều lần.\r\n\r\n- Bổ sung độ ẩm, tăng sự đàn hồi, dẻo dai của sợi tóc.\r\n\r\n- Sản phẩm tự nhiên an toàn cho sức khỏe',5,0,250000,40,4,42,10,100),(364,'Dầu Xả OGX Thick And Full Biotin And Collagen','- Cung cấp các dưỡng chất thất sâu, phục hồi từ sâu bên trong sợi tóc.\r\n\r\n- Ngăn ngừa lão hóa của tóc, giúp sợi tóc khỏe, sáng bóng mượt hơn nhiều lần.\r\n\r\n- Bổ sung độ ẩm, tăng sự đàn hồi, dẻo dai của sợi tóc.\r\n\r\n- Sản phẩm tự nhiên an toàn cho sức khỏe',5,0,250000,40,4,42,10,100),(365,'Dầu Xả OGX Thick And Full Biotin And Collagen','- Cung cấp các dưỡng chất thất sâu, phục hồi từ sâu bên trong sợi tóc.\r\n\r\n- Ngăn ngừa lão hóa của tóc, giúp sợi tóc khỏe, sáng bóng mượt hơn nhiều lần.\r\n\r\n- Bổ sung độ ẩm, tăng sự đàn hồi, dẻo dai của sợi tóc.\r\n\r\n- Sản phẩm tự nhiên an toàn cho sức khỏe',5,0,250000,40,4,42,10,100),(366,'https://adminbeauty.hvnet.vn/Upload/Files/dau-xa-kich-thich-moc-toc-OGX-Thick-And-Full-Biotin-And-Collagen.jpg','https://adminbeauty.hvnet.vn/Upload/Files/dau-xa-kich-thich-moc-toc-OGX-Thick-And-Full-Biotin-And-Collagen.jpg',5,0,490000,40,4,42,5,100),(367,'https://adminbeauty.hvnet.vn/Upload/Files/dau-xa-kich-thich-moc-toc-OGX-Thick-And-Full-Biotin-And-Collagen.jpg','https://adminbeauty.hvnet.vn/Upload/Files/dau-xa-kich-thich-moc-toc-OGX-Thick-And-Full-Biotin-And-Collagen.jpg',5,0,490000,40,4,42,5,100),(368,'https://adminbeauty.hvnet.vn/Upload/Files/dau-xa-kich-thich-moc-toc-OGX-Thick-And-Full-Biotin-And-Collagen.jpg','https://adminbeauty.hvnet.vn/Upload/Files/dau-xa-kich-thich-moc-toc-OGX-Thick-And-Full-Biotin-And-Collagen.jpg',5,0,490000,40,4,42,5,100),(369,'Kem Ủ Tóc Dầu Dừa Jena Hair Treatment Wax','- Thành phần đến từ thiên nhiên, tinh dầu dừa. \r\n\r\n- Phục hồi tóc nhờ vitamin, khoáng chất, giúp tóc mềm mại, bóng mượt lâu dài. \r\n\r\n- Cải thiện cấu trúc tóc, giảm hư tổn và phục hồi tóc từ gốc đến ngọn. \r\n\r\n- Cảm nhận sức sống mới trên mái tóc của mình ngay từ lần đầu sử dụng.',5,0,55000,41,4,42,33,100),(370,'Kem Ủ Tóc Dầu Dừa Jena Hair Treatment Wax','- Thành phần đến từ thiên nhiên, tinh dầu dừa. \r\n\r\n- Phục hồi tóc nhờ vitamin, khoáng chất, giúp tóc mềm mại, bóng mượt lâu dài. \r\n\r\n- Cải thiện cấu trúc tóc, giảm hư tổn và phục hồi tóc từ gốc đến ngọn. \r\n\r\n- Cảm nhận sức sống mới trên mái tóc của mình ngay từ lần đầu sử dụng.',5,0,55000,41,4,42,33,100),(371,'Kem Ủ Tóc Dầu Dừa Jena Hair Treatment Wax','- Thành phần đến từ thiên nhiên, tinh dầu dừa. \r\n\r\n- Phục hồi tóc nhờ vitamin, khoáng chất, giúp tóc mềm mại, bóng mượt lâu dài. \r\n\r\n- Cải thiện cấu trúc tóc, giảm hư tổn và phục hồi tóc từ gốc đến ngọn. \r\n\r\n- Cảm nhận sức sống mới trên mái tóc của mình ngay từ lần đầu sử dụng.',5,0,55000,41,4,42,33,100),(372,'Kem Ủ Tóc Shiseido Tsubaki Premium Repair Mask','Hiệu quả dưỡng ẩm tuyệt vời cả khi xả lại tóc với nước ngay sau khi vừa thoa kem ủ tóc.\r\nDuy trì hiệu quả trong thời gian dài – được tin dùng để sử dụng trong các spa, viện thẩm mỹ lớn tại Nhật.',5,0,220000,41,4,42,10,100),(373,'Kem Ủ Tóc Shiseido Tsubaki Premium Repair Mask','Hiệu quả dưỡng ẩm tuyệt vời cả khi xả lại tóc với nước ngay sau khi vừa thoa kem ủ tóc.\r\nDuy trì hiệu quả trong thời gian dài – được tin dùng để sử dụng trong các spa, viện thẩm mỹ lớn tại Nhật.',5,0,220000,41,4,42,10,100),(374,'Kem Ủ Tóc Shiseido Tsubaki Premium Repair Mask','Hiệu quả dưỡng ẩm tuyệt vời cả khi xả lại tóc với nước ngay sau khi vừa thoa kem ủ tóc.\r\nDuy trì hiệu quả trong thời gian dài – được tin dùng để sử dụng trong các spa, viện thẩm mỹ lớn tại Nhật.',5,0,220000,41,4,42,10,100),(375,'Dầu Gội Khô Batiste Dry Shampoo 120gr','- Làm sạch tóc ngay tức thời mà không cần gội với nước\r\n\r\n- Giúp tóc mềm mượt và bồng bềnh ngay sau khi sử dụng\r\n\r\n- Chứa các dưỡng chất nuôi dưỡng tóc, không gây hại cho tóc\r\n\r\n- Hương thơm dễ chịu và thu hút',5,0,140000,42,4,42,16,100),(376,'Dầu Gội Khô Batiste Dry Shampoo 120gr','- Làm sạch tóc ngay tức thời mà không cần gội với nước\r\n\r\n- Giúp tóc mềm mượt và bồng bềnh ngay sau khi sử dụng\r\n\r\n- Chứa các dưỡng chất nuôi dưỡng tóc, không gây hại cho tóc\r\n\r\n- Hương thơm dễ chịu và thu hút',5,0,140000,42,4,42,16,100),(377,'Dầu Gội Khô Batiste Dry Shampoo 120gr','- Làm sạch tóc ngay tức thời mà không cần gội với nước\r\n\r\n- Giúp tóc mềm mượt và bồng bềnh ngay sau khi sử dụng\r\n\r\n- Chứa các dưỡng chất nuôi dưỡng tóc, không gây hại cho tóc\r\n\r\n- Hương thơm dễ chịu và thu hút',5,0,140000,42,4,42,16,100),(378,'Dầu Gội Khô Evoluderm Purifying Shampoo Dry','- Làm sạch tóc mà không cần nước\r\n\r\n- Vừa nhanh vừa tiện lợi\r\n\r\n- Hấp thụ bã nhờn của tóc cho tóc sạch, bồng bềnh , không bị bệt, giúp tóc nhìn Dày hơn.',5,0,180000,42,4,42,10,100),(379,'Dầu Gội Khô Evoluderm Purifying Shampoo Dry','- Làm sạch tóc mà không cần nước\r\n\r\n- Vừa nhanh vừa tiện lợi\r\n\r\n- Hấp thụ bã nhờn của tóc cho tóc sạch, bồng bềnh , không bị bệt, giúp tóc nhìn Dày hơn.',5,0,180000,42,4,42,10,100),(380,'Dầu Gội Khô Evoluderm Purifying Shampoo Dry','- Làm sạch tóc mà không cần nước\r\n\r\n- Vừa nhanh vừa tiện lợi\r\n\r\n- Hấp thụ bã nhờn của tóc cho tóc sạch, bồng bềnh , không bị bệt, giúp tóc nhìn Dày hơn.',5,0,180000,42,4,42,10,100),(381,'Tinh Chất Kích Thích Mọc Tóc Sato Carpronium','- Kích thích chân tóc sản sinh protein nuôi dưỡng và phát triển mô sừng kích thích tóc con mọc.\r\n\r\n- Cải thiện tình trạng tóc xơ rối, dễ gãy rụng.\r\n\r\n- Giúp tóc chắc khỏe và óng mượt.\r\n\r\n- Ngăn ngừa và loại bỏ gàu, giảm tình trạng ngứa da đầu.',5,0,160000,43,4,42,12,100),(382,'Tinh Chất Kích Thích Mọc Tóc Sato Carpronium','- Kích thích chân tóc sản sinh protein nuôi dưỡng và phát triển mô sừng kích thích tóc con mọc.\r\n\r\n- Cải thiện tình trạng tóc xơ rối, dễ gãy rụng.\r\n\r\n- Giúp tóc chắc khỏe và óng mượt.\r\n\r\n- Ngăn ngừa và loại bỏ gàu, giảm tình trạng ngứa da đầu.',5,0,160000,43,4,42,12,100),(383,'Tinh Chất Kích Thích Mọc Tóc Sato Carpronium','- Kích thích chân tóc sản sinh protein nuôi dưỡng và phát triển mô sừng kích thích tóc con mọc.\r\n\r\n- Cải thiện tình trạng tóc xơ rối, dễ gãy rụng.\r\n\r\n- Giúp tóc chắc khỏe và óng mượt.\r\n\r\n- Ngăn ngừa và loại bỏ gàu, giảm tình trạng ngứa da đầu.',5,0,160000,43,4,42,12,100),(384,'Tinh Chất Dưỡng Tóc Kerasys Keramide Clinic','Tinh Chất Dưỡng Tóc Kerasys Keramide Clinic Serum là sản phẩm đến từ xứ sở Kim Chi với khả năng phục hồi tóc hư tổn, khô xơ chẻ ngọn vượt trội. Keramide (Keratin và Ceramide) là hai thành phần nổi tiếng giúp cải thiện đến 54% độ bóng và đàn hồi của tóc. ',5,0,140000,43,4,42,15,100),(385,'Tinh Chất Dưỡng Tóc Kerasys Keramide Clinic','Tinh Chất Dưỡng Tóc Kerasys Keramide Clinic Serum là sản phẩm đến từ xứ sở Kim Chi với khả năng phục hồi tóc hư tổn, khô xơ chẻ ngọn vượt trội. Keramide (Keratin và Ceramide) là hai thành phần nổi tiếng giúp cải thiện đến 54% độ bóng và đàn hồi của tóc. ',5,0,140000,43,4,42,15,100),(386,'Tinh Chất Dưỡng Tóc Kerasys Keramide Clinic','Tinh Chất Dưỡng Tóc Kerasys Keramide Clinic Serum là sản phẩm đến từ xứ sở Kim Chi với khả năng phục hồi tóc hư tổn, khô xơ chẻ ngọn vượt trội. Keramide (Keratin và Ceramide) là hai thành phần nổi tiếng giúp cải thiện đến 54% độ bóng và đàn hồi của tóc. ',5,0,140000,43,4,42,15,100),(387,'Cọ Phấn Phủ Má Hồng Vacosi Kabuki Brush','- Thiết kế gọn gàng, dễ mang theo.\r\n\r\n- Lông cọ êm ái, không kích ứng hay ngứa da.\r\n\r\n- Mang lại hiệu ứng trang điểm mỏng nhẹ, tự nhiên',5,0,60000,44,5,44,4,100),(388,'Cọ Phấn Phủ Má Hồng Vacosi Kabuki Brush','- Thiết kế gọn gàng, dễ mang theo.\r\n\r\n- Lông cọ êm ái, không kích ứng hay ngứa da.\r\n\r\n- Mang lại hiệu ứng trang điểm mỏng nhẹ, tự nhiên',5,0,60000,44,5,44,4,100),(389,'Cọ Phấn Phủ Má Hồng Vacosi Kabuki Brush','- Thiết kế gọn gàng, dễ mang theo.\r\n\r\n- Lông cọ êm ái, không kích ứng hay ngứa da.\r\n\r\n- Mang lại hiệu ứng trang điểm mỏng nhẹ, tự nhiên',5,0,60000,44,5,44,4,100),(390,'Bông Đánh Kem Nền Vacosi Quarter Sponge','- Khả năng tán kem nền cực tốt\r\n\r\n- Độ dẻo và mềm mịn cao.\r\n\r\n- Thiết kế vừa vặn, dễ cầm và dặm phấn.',5,0,50000,44,5,44,31,100),(391,'Bông Đánh Kem Nền Vacosi Quarter Sponge','- Khả năng tán kem nền cực tốt\r\n\r\n- Độ dẻo và mềm mịn cao.\r\n\r\n- Thiết kế vừa vặn, dễ cầm và dặm phấn.',5,0,50000,44,5,44,31,100),(392,'Bông Đánh Kem Nền Vacosi Quarter Sponge','- Khả năng tán kem nền cực tốt\r\n\r\n- Độ dẻo và mềm mịn cao.\r\n\r\n- Thiết kế vừa vặn, dễ cầm và dặm phấn.',5,0,50000,44,5,44,31,100),(393,'Bống Mút Nón Lá Vacosi Blender Sponge','- Bông mút dạng hình nón lá có thiết kế đầu nhọn dễ tán vào những góc nhỏ như khóe mũi, hốc mắt\r\n\r\n- Bông mềm, xốp cho lớp nền mịn, đều và che phủ tốt hơn',5,0,40000,45,5,42,33,100),(394,'Bống Mút Nón Lá Vacosi Blender Sponge','- Bông mút dạng hình nón lá có thiết kế đầu nhọn dễ tán vào những góc nhỏ như khóe mũi, hốc mắt\r\n\r\n- Bông mềm, xốp cho lớp nền mịn, đều và che phủ tốt hơn',5,0,40000,45,5,42,33,100),(395,'Bống Mút Nón Lá Vacosi Blender Sponge','- Bông mút dạng hình nón lá có thiết kế đầu nhọn dễ tán vào những góc nhỏ như khóe mũi, hốc mắt\r\n\r\n- Bông mềm, xốp cho lớp nền mịn, đều và che phủ tốt hơn',5,0,40000,45,5,42,33,100),(396,'Dao Chuốt Chì Mày Vacosi Dual Sharpener','Dao Chuốt Chì Mày Vacosi Dual Sharpener',5,0,75000,45,5,44,25,100),(397,'Dao Chuốt Chì Mày Vacosi Dual Sharpener','Dao Chuốt Chì Mày Vacosi Dual Sharpener',5,0,75000,45,5,44,25,100),(398,'Dao Chuốt Chì Mày Vacosi Dual Sharpener','Dao Chuốt Chì Mày Vacosi Dual Sharpener',5,0,75000,45,5,44,25,100),(399,'Tẩy Móng Missha - The Style Nail Remover 100ml','Sản phẩm The Style Nail Remover thuộc bộ tẩy móng an toàn Missha được sản xuất trên dây chuyền công nghệ hiện đại, cùng những nguyên liệu thiên nhiên và được kiểm chứng rất nghiêm ngặt bởi nhiều chuyên gia hàng đầu về làm đẹp.',5,0,40000,46,5,42,37,100),(400,'Tẩy Móng Missha - The Style Nail Remover 100ml','Sản phẩm The Style Nail Remover thuộc bộ tẩy móng an toàn Missha được sản xuất trên dây chuyền công nghệ hiện đại, cùng những nguyên liệu thiên nhiên và được kiểm chứng rất nghiêm ngặt bởi nhiều chuyên gia hàng đầu về làm đẹp.',5,0,40000,46,5,42,37,100),(401,'Tẩy Móng Missha - The Style Nail Remover 100ml','Sản phẩm The Style Nail Remover thuộc bộ tẩy móng an toàn Missha được sản xuất trên dây chuyền công nghệ hiện đại, cùng những nguyên liệu thiên nhiên và được kiểm chứng rất nghiêm ngặt bởi nhiều chuyên gia hàng đầu về làm đẹp.',5,0,40000,46,5,42,37,100),(402,'Sơn Móng L.A Colors Nail Duet','- Sơn móng tích hợp 2 màu thông minh, bao gồm 1 màu nhũ tuyến và một màu sơn lì.\r\n\r\n- Nhiều màu đa dạng, thỏa sức cho bạn gái làm đẹp.\r\n\r\n- Chất sơn mềm mịn, mướt nhẹ như lướt trên móng.\r\n\r\n- Cọ mềm dễ thao tác và không gây vàng móng sau khi sử dụng. ',5,0,49692,46,5,42,28,100),(403,'Sơn Móng L.A Colors Nail Duet','- Sơn móng tích hợp 2 màu thông minh, bao gồm 1 màu nhũ tuyến và một màu sơn lì.\r\n\r\n- Nhiều màu đa dạng, thỏa sức cho bạn gái làm đẹp.\r\n\r\n- Chất sơn mềm mịn, mướt nhẹ như lướt trên móng.\r\n\r\n- Cọ mềm dễ thao tác và không gây vàng móng sau khi sử dụng. ',5,0,49692,46,5,42,28,100),(404,'Sơn Móng L.A Colors Nail Duet','- Sơn móng tích hợp 2 màu thông minh, bao gồm 1 màu nhũ tuyến và một màu sơn lì.\r\n\r\n- Nhiều màu đa dạng, thỏa sức cho bạn gái làm đẹp.\r\n\r\n- Chất sơn mềm mịn, mướt nhẹ như lướt trên móng.\r\n\r\n- Cọ mềm dễ thao tác và không gây vàng móng sau khi sử dụng. ',5,0,49692,46,5,42,28,100),(405,'Nước Hoa Nữ Pinker Bell Korea Perfume','- Nồng độ tinh dầu lên đến 20% lưu hương 6h chuẩn eau de perfume\r\n\r\n- Được xem như là bản Dupe của các dòng nước hoa nổi tiếng trên thế giới\r\n\r\n- Thiết kế chai thủy tinh sang trọng. Dung tích 30ml nhỏ gọn dễ mang theo',5,0,260000,48,6,42,8,100),(406,'Nước Hoa Nữ Pinker Bell Korea Perfume','- Nồng độ tinh dầu lên đến 20% lưu hương 6h chuẩn eau de perfume\r\n\r\n- Được xem như là bản Dupe của các dòng nước hoa nổi tiếng trên thế giới\r\n\r\n- Thiết kế chai thủy tinh sang trọng. Dung tích 30ml nhỏ gọn dễ mang theo',5,0,260000,48,6,42,8,100),(407,'Nước Hoa Nữ Pinker Bell Korea Perfume','- Nồng độ tinh dầu lên đến 20% lưu hương 6h chuẩn eau de perfume\r\n\r\n- Được xem như là bản Dupe của các dòng nước hoa nổi tiếng trên thế giới\r\n\r\n- Thiết kế chai thủy tinh sang trọng. Dung tích 30ml nhỏ gọn dễ mang theo',5,0,260000,48,6,42,8,100),(408,'Nước Hoa Nữ Venus Global Beauty Parisian','- Dong nước hoa phù hợp cho các nàng sử dụng hằng ngày\r\n\r\n- Hương thơm dịu dàng, sang trọng, tinh tế\r\n\r\n- Thiết kế đơn giản, cầm chắc tay\r\n\r\n- Độ lưu hương ổn định 6 - 8 tiếng',5,0,520000,48,6,42,11,100),(409,'Nước Hoa Nữ Venus Global Beauty Parisian','- Dong nước hoa phù hợp cho các nàng sử dụng hằng ngày\r\n\r\n- Hương thơm dịu dàng, sang trọng, tinh tế\r\n\r\n- Thiết kế đơn giản, cầm chắc tay\r\n\r\n- Độ lưu hương ổn định 6 - 8 tiếng',5,0,520000,48,6,42,11,100),(410,'Nước Hoa Nữ Venus Global Beauty Parisian','- Dong nước hoa phù hợp cho các nàng sử dụng hằng ngày\r\n\r\n- Hương thơm dịu dàng, sang trọng, tinh tế\r\n\r\n- Thiết kế đơn giản, cầm chắc tay\r\n\r\n- Độ lưu hương ổn định 6 - 8 tiếng',5,0,520000,48,6,42,11,100),(411,'Nước Hoa Versace Pour Homme Dylan Blue 5ml','Versace Pour Homme Dylan Blue Eau de Parfum là hương thơm của chàng trai hiện đại. Một mùi hương thể hiện đầy đủ những cá tính, sức mạnh và cả tài năng của họ. Tôi yêu thích cái cách nó truyền tải mùi hương truyền thống, nhưng theo cách vô cùng hiện đại và tươi mới cho hôm nay và ngày mai”',5,0,250000,49,6,42,7,100),(412,'Nước Hoa Versace Pour Homme Dylan Blue 5ml','Versace Pour Homme Dylan Blue Eau de Parfum là hương thơm của chàng trai hiện đại. Một mùi hương thể hiện đầy đủ những cá tính, sức mạnh và cả tài năng của họ. Tôi yêu thích cái cách nó truyền tải mùi hương truyền thống, nhưng theo cách vô cùng hiện đại và tươi mới cho hôm nay và ngày mai”',5,0,250000,49,6,42,7,100),(413,'Nước Hoa Versace Pour Homme Dylan Blue 5ml','Versace Pour Homme Dylan Blue Eau de Parfum là hương thơm của chàng trai hiện đại. Một mùi hương thể hiện đầy đủ những cá tính, sức mạnh và cả tài năng của họ. Tôi yêu thích cái cách nó truyền tải mùi hương truyền thống, nhưng theo cách vô cùng hiện đại và tươi mới cho hôm nay và ngày mai”',5,0,250000,49,6,42,7,100),(414,'Nước Hoa Nam Victoria’s Secret','-   Thương hiệu Victoria’s Secret hàng đầu trong làng nước hoa\r\n\r\n-   Nhóm hương hoa cỏ thơm ngát\r\n\r\n-   Cho phái mạnh sự phong độ, đẳng cấp và gần gũi\r\n\r\n-   Mùi hương 3 tầng đặc biệt ',5,0,950000,49,6,42,0,100),(415,'Nước Hoa Nam Victoria’s Secret','-   Thương hiệu Victoria’s Secret hàng đầu trong làng nước hoa\r\n\r\n-   Nhóm hương hoa cỏ thơm ngát\r\n\r\n-   Cho phái mạnh sự phong độ, đẳng cấp và gần gũi\r\n\r\n-   Mùi hương 3 tầng đặc biệt ',5,0,950000,49,6,42,0,100),(416,'Nước Hoa Nam Victoria’s Secret','-   Thương hiệu Victoria’s Secret hàng đầu trong làng nước hoa\r\n\r\n-   Nhóm hương hoa cỏ thơm ngát\r\n\r\n-   Cho phái mạnh sự phong độ, đẳng cấp và gần gũi\r\n\r\n-   Mùi hương 3 tầng đặc biệt ',5,0,950000,49,6,42,0,100),(417,'Xịt Thơm Toàn Thân Bath&Body Works','- Hương thơm đa dạng, trẻ trung\r\n\r\n- Thiết kế chai bắt mắt nhiều màu sắc \r\n\r\n- Mùi hương tùy cơ địa mà bám từ 2-4h\r\n\r\n- Phù hợp cho các bạn đi học và đi làm mỗi ngày',5,0,280000,50,6,42,8,100),(418,'Xịt Thơm Toàn Thân Bath&Body Works','- Hương thơm đa dạng, trẻ trung\r\n\r\n- Thiết kế chai bắt mắt nhiều màu sắc \r\n\r\n- Mùi hương tùy cơ địa mà bám từ 2-4h\r\n\r\n- Phù hợp cho các bạn đi học và đi làm mỗi ngày',5,0,280000,50,6,42,8,100),(419,'Xịt Thơm Toàn Thân Bath&Body Works','- Hương thơm đa dạng, trẻ trung\r\n\r\n- Thiết kế chai bắt mắt nhiều màu sắc \r\n\r\n- Mùi hương tùy cơ địa mà bám từ 2-4h\r\n\r\n- Phù hợp cho các bạn đi học và đi làm mỗi ngày',5,0,280000,50,6,42,8,100),(420,'Xịt Thơm Khử Mùi Quần Áo Fabric Perfume Spray','- Mang lại hương thơm cả ngày.\r\n- Tiệt trùng và khử mùi mồ hôi, mùi thức ăn bám, mùi bụi bẩn.\r\n- Đánh bay mùi da mới, mùi hắc nước sơn.\r\n- Khử mùi tủ giày, bám mùi và làm thơm đối với tất cả các bề mặt vải, ướp thơm tủ quần áo, làm thơm chăn ga gối đệm mang lại giấc ngủ dễ chịu',5,0,110000,50,6,42,17,100),(421,'Xịt Thơm Khử Mùi Quần Áo Fabric Perfume Spray','- Mang lại hương thơm cả ngày.\r\n- Tiệt trùng và khử mùi mồ hôi, mùi thức ăn bám, mùi bụi bẩn.\r\n- Đánh bay mùi da mới, mùi hắc nước sơn.\r\n- Khử mùi tủ giày, bám mùi và làm thơm đối với tất cả các bề mặt vải, ướp thơm tủ quần áo, làm thơm chăn ga gối đệm mang lại giấc ngủ dễ chịu',5,0,110000,50,6,42,17,100),(422,'Xịt Thơm Khử Mùi Quần Áo Fabric Perfume Spray','- Mang lại hương thơm cả ngày.\r\n- Tiệt trùng và khử mùi mồ hôi, mùi thức ăn bám, mùi bụi bẩn.\r\n- Đánh bay mùi da mới, mùi hắc nước sơn.\r\n- Khử mùi tủ giày, bám mùi và làm thơm đối với tất cả các bề mặt vải, ướp thơm tủ quần áo, làm thơm chăn ga gối đệm mang lại giấc ngủ dễ chịu',5,0,110000,50,6,42,17,100),(423,'Kem Dưỡng Thể Vaseline Concentrated Whitening','- Dưỡng da trắng sáng lên từng ngày\r\n\r\n- Chỉ số SPF cao bảo vệ da khỏi các tia tử ngoại\r\n\r\n- Dưỡng ẩm xuyên suốt cho da luôn mềm mại và mịn màng',5,3,180000,51,7,42,18,97),(424,'Kem Dưỡng Thể Vaseline Concentrated Whitening','- Dưỡng da trắng sáng lên từng ngày\r\n\r\n- Chỉ số SPF cao bảo vệ da khỏi các tia tử ngoại\r\n\r\n- Dưỡng ẩm xuyên suốt cho da luôn mềm mại và mịn màng',5,0,180000,51,7,42,18,100),(425,'Kem Dưỡng Thể Vaseline Concentrated Whitening','- Dưỡng da trắng sáng lên từng ngày\r\n\r\n- Chỉ số SPF cao bảo vệ da khỏi các tia tử ngoại\r\n\r\n- Dưỡng ẩm xuyên suốt cho da luôn mềm mại và mịn màng',5,0,180000,51,7,42,18,100),(426,'Sữa Dưỡng Thể Hatomugi The Body Milk','Sữa dưỡng chứa nhiều thành phần dưỡng ẩm. Gíup làm mềm da vượt trội, hạn chế mọi tình trạng khô căng và bong tróc. Đặc biệt thích hợp với các tình trạng da khô ráp, nứt nẻ. Giữ cho làn da của bạn ngày càng mềm mại và sáng mịn hơn. ',5,0,180000,51,7,42,12,100),(427,'Sữa Dưỡng Thể Hatomugi The Body Milk','Sữa dưỡng chứa nhiều thành phần dưỡng ẩm. Gíup làm mềm da vượt trội, hạn chế mọi tình trạng khô căng và bong tróc. Đặc biệt thích hợp với các tình trạng da khô ráp, nứt nẻ. Giữ cho làn da của bạn ngày càng mềm mại và sáng mịn hơn. ',5,0,180000,51,7,42,12,100),(428,'Sữa Dưỡng Thể Hatomugi The Body Milk','Sữa dưỡng chứa nhiều thành phần dưỡng ẩm. Gíup làm mềm da vượt trội, hạn chế mọi tình trạng khô căng và bong tróc. Đặc biệt thích hợp với các tình trạng da khô ráp, nứt nẻ. Giữ cho làn da của bạn ngày càng mềm mại và sáng mịn hơn. ',5,0,180000,51,7,42,12,100),(429,'Sữa Tắm Dưỡng Ẩm Shiseido Senka Perfect Whip','-  Tẩy tế bào chết và làm da trắng sáng một cách tự nhiên.\r\n\r\n-  Giúp cơ thể bạn giữ được hương thơm suốt cả ngày kể cả khi bị đổ mồ hôi.\r\n\r\n-  Ngoài công dụng khử mùi và làm sạch da, còn có tác dụng sát khuẩn nhẹ với mùi hương sảng khoái hồi phục tinh thần minh mẫn.',5,0,150000,52,7,42,14,100),(430,'Sữa Tắm Dưỡng Ẩm Shiseido Senka Perfect Whip','-  Tẩy tế bào chết và làm da trắng sáng một cách tự nhiên.\r\n\r\n-  Giúp cơ thể bạn giữ được hương thơm suốt cả ngày kể cả khi bị đổ mồ hôi.\r\n\r\n-  Ngoài công dụng khử mùi và làm sạch da, còn có tác dụng sát khuẩn nhẹ với mùi hương sảng khoái hồi phục tinh thần minh mẫn.',5,0,150000,52,7,42,14,100),(431,'Sữa Tắm Dưỡng Ẩm Shiseido Senka Perfect Whip','-  Tẩy tế bào chết và làm da trắng sáng một cách tự nhiên.\r\n\r\n-  Giúp cơ thể bạn giữ được hương thơm suốt cả ngày kể cả khi bị đổ mồ hôi.\r\n\r\n-  Ngoài công dụng khử mùi và làm sạch da, còn có tác dụng sát khuẩn nhẹ với mùi hương sảng khoái hồi phục tinh thần minh mẫn.',5,0,150000,52,7,42,14,100),(432,'Sữa Tắm Hatomugi The Body Soap 600ml','– Hatomugi cung cấp một độ ẩm thích hợp giúp dưỡng ẩm, cho da mềm mượt nên rất thích hợp cho người thường xuyên làm việc trong môi trường khô lạnh, tiếp xúc nhiều với điều hòa.\r\n\r\n– Hỗ trợ dưỡng da trắng sáng.\r\n\r\n– Hương thơm tự nhiên dễ chịu, giúp thư giãn khi tắm.',5,0,180000,52,7,42,12,100),(433,'Sữa Tắm Hatomugi The Body Soap 600ml','– Hatomugi cung cấp một độ ẩm thích hợp giúp dưỡng ẩm, cho da mềm mượt nên rất thích hợp cho người thường xuyên làm việc trong môi trường khô lạnh, tiếp xúc nhiều với điều hòa.\r\n\r\n– Hỗ trợ dưỡng da trắng sáng.\r\n\r\n– Hương thơm tự nhiên dễ chịu, giúp thư giãn khi tắm.',5,0,180000,52,7,42,12,100),(434,'Sữa Tắm Hatomugi The Body Soap 600ml','– Hatomugi cung cấp một độ ẩm thích hợp giúp dưỡng ẩm, cho da mềm mượt nên rất thích hợp cho người thường xuyên làm việc trong môi trường khô lạnh, tiếp xúc nhiều với điều hòa.\r\n\r\n– Hỗ trợ dưỡng da trắng sáng.\r\n\r\n– Hương thơm tự nhiên dễ chịu, giúp thư giãn khi tắm.',5,0,180000,52,7,42,12,100),(435,'Bơ Dưỡng Thể Cocoon Dak Lak Coffee Body Butter','Dầu cà phê Đắk Lắk rất giàu cafein, kết hợp với dầu mù u và bơ cacao, tất cả hòa quyện nên một thể bơ sánh mịn giúp dưỡng ẩm, làm mềm và chống oxi hóa, mang lại làn da cơ thể luôn mượt mà, tươi mới rạng rỡ.',5,0,195000,53,7,42,9,100),(436,'Bơ Dưỡng Thể Cocoon Dak Lak Coffee Body Butter','Dầu cà phê Đắk Lắk rất giàu cafein, kết hợp với dầu mù u và bơ cacao, tất cả hòa quyện nên một thể bơ sánh mịn giúp dưỡng ẩm, làm mềm và chống oxi hóa, mang lại làn da cơ thể luôn mượt mà, tươi mới rạng rỡ.',5,0,195000,53,7,42,9,100),(437,'Bơ Dưỡng Thể Cocoon Dak Lak Coffee Body Butter','Dầu cà phê Đắk Lắk rất giàu cafein, kết hợp với dầu mù u và bơ cacao, tất cả hòa quyện nên một thể bơ sánh mịn giúp dưỡng ẩm, làm mềm và chống oxi hóa, mang lại làn da cơ thể luôn mượt mà, tươi mới rạng rỡ.',5,0,195000,53,7,42,9,100),(438,'Sáp Dưỡng Đa Năng Vaseline Baby Healing Jelly','- Dưỡng ẩm cho da khô, dưỡng ẩm tay và chân, dưỡng ẩm toàn thân\r\n\r\n- Giữ mùi nước hoa\r\n\r\n- Dưỡng môi, tẩy tế bào chết cho môi, tẩy trang cho mắt, tẩy tế bào chết\r\n\r\n- Làm liền da ở các vết xước nhẹ',5,0,140000,53,7,42,15,100),(439,'Sáp Dưỡng Đa Năng Vaseline Baby Healing Jelly','- Dưỡng ẩm cho da khô, dưỡng ẩm tay và chân, dưỡng ẩm toàn thân\r\n\r\n- Giữ mùi nước hoa\r\n\r\n- Dưỡng môi, tẩy tế bào chết cho môi, tẩy trang cho mắt, tẩy tế bào chết\r\n\r\n- Làm liền da ở các vết xước nhẹ',5,0,140000,53,7,42,15,100),(440,'Sáp Dưỡng Đa Năng Vaseline Baby Healing Jelly','- Dưỡng ẩm cho da khô, dưỡng ẩm tay và chân, dưỡng ẩm toàn thân\r\n\r\n- Giữ mùi nước hoa\r\n\r\n- Dưỡng môi, tẩy tế bào chết cho môi, tẩy trang cho mắt, tẩy tế bào chết\r\n\r\n- Làm liền da ở các vết xước nhẹ',5,0,140000,53,7,42,15,100),(441,'Kem Dưỡng Da Tay Kosé Q10 Hand Cream','Kem dưỡng da tay ConeRich Q10 Whitening Medicated hay còn gọi là Kem Dưỡng Da Tay Q10 là sản phẩm kem dưỡng da tay chứa Coezim Q10 & thảo dược thiên nhiên giúp dưỡng ẩm, xóa mờ vết chai, làm tăng sức sống cho làn da.',5,0,130000,54,7,42,17,100),(442,'Kem Dưỡng Da Tay Kosé Q10 Hand Cream','Kem dưỡng da tay ConeRich Q10 Whitening Medicated hay còn gọi là Kem Dưỡng Da Tay Q10 là sản phẩm kem dưỡng da tay chứa Coezim Q10 & thảo dược thiên nhiên giúp dưỡng ẩm, xóa mờ vết chai, làm tăng sức sống cho làn da.',5,0,130000,54,7,42,17,100),(443,'Kem Dưỡng Da Tay Kosé Q10 Hand Cream','Kem dưỡng da tay ConeRich Q10 Whitening Medicated hay còn gọi là Kem Dưỡng Da Tay Q10 là sản phẩm kem dưỡng da tay chứa Coezim Q10 & thảo dược thiên nhiên giúp dưỡng ẩm, xóa mờ vết chai, làm tăng sức sống cho làn da.',5,0,130000,54,7,42,17,100),(444,'Sáp Dưỡng Đa Năng Vaseline Baby Healing Jelly','- Dưỡng ẩm cho da khô, dưỡng ẩm tay và chân, dưỡng ẩm toàn thân\r\n\r\n- Giữ mùi nước hoa\r\n\r\n- Dưỡng môi, tẩy tế bào chết cho môi, tẩy trang cho mắt, tẩy tế bào chết\r\n\r\n- Làm liền da ở các vết xước nhẹ',5,0,140000,54,7,42,15,100),(445,'Sáp Dưỡng Đa Năng Vaseline Baby Healing Jelly','- Dưỡng ẩm cho da khô, dưỡng ẩm tay và chân, dưỡng ẩm toàn thân\r\n\r\n- Giữ mùi nước hoa\r\n\r\n- Dưỡng môi, tẩy tế bào chết cho môi, tẩy trang cho mắt, tẩy tế bào chết\r\n\r\n- Làm liền da ở các vết xước nhẹ',5,0,140000,54,7,42,15,100),(446,'Sáp Dưỡng Đa Năng Vaseline Baby Healing Jelly','- Dưỡng ẩm cho da khô, dưỡng ẩm tay và chân, dưỡng ẩm toàn thân\r\n\r\n- Giữ mùi nước hoa\r\n\r\n- Dưỡng môi, tẩy tế bào chết cho môi, tẩy trang cho mắt, tẩy tế bào chết\r\n\r\n- Làm liền da ở các vết xước nhẹ',5,0,140000,54,7,42,15,100),(447,'Tẩy Da Chết La Roche-Posay Ultrafine Scrub 50ml','- Dạng gel dễ dàng làm sạch dịu nhẹ và tươi mát.\r\n- Bột Polyetyl ​​và Titan thanh tẩy nhẹ dịu an toàn cho da.\r\n- Công thức cân bằng không gây kích ứng da, an toàn cho da nhạy cảm.',5,0,230000,55,7,42,10,100),(448,'Tẩy Da Chết La Roche-Posay Ultrafine Scrub 50ml','- Dạng gel dễ dàng làm sạch dịu nhẹ và tươi mát.\r\n- Bột Polyetyl ​​và Titan thanh tẩy nhẹ dịu an toàn cho da.\r\n- Công thức cân bằng không gây kích ứng da, an toàn cho da nhạy cảm.',5,0,230000,55,7,42,10,100),(449,'Tẩy Da Chết La Roche-Posay Ultrafine Scrub 50ml','- Dạng gel dễ dàng làm sạch dịu nhẹ và tươi mát.\r\n- Bột Polyetyl ​​và Titan thanh tẩy nhẹ dịu an toàn cho da.\r\n- Công thức cân bằng không gây kích ứng da, an toàn cho da nhạy cảm.',5,0,230000,55,7,42,10,100),(450,'Kem Tẩy Lông Veet Hair Removal Cream #Normal','- Loại bỏ lông một cách hiệu quả từ sâu bên trong\r\n\r\n- Giúp dưỡng ẩm cho da một cách tối đa\r\n\r\n- Sản phẩm không gây tổn thương cho da sau mỗi lần sử dụng',5,0,180000,56,7,42,15,100),(451,'Kem Tẩy Lông Veet Hair Removal Cream #Normal','- Loại bỏ lông một cách hiệu quả từ sâu bên trong\r\n\r\n- Giúp dưỡng ẩm cho da một cách tối đa\r\n\r\n- Sản phẩm không gây tổn thương cho da sau mỗi lần sử dụng',5,0,180000,56,7,42,15,100),(452,'Kem Tẩy Lông Veet Hair Removal Cream #Normal','- Loại bỏ lông một cách hiệu quả từ sâu bên trong\r\n\r\n- Giúp dưỡng ẩm cho da một cách tối đa\r\n\r\n- Sản phẩm không gây tổn thương cho da sau mỗi lần sử dụng',5,5,180000,56,7,42,15,95),(453,'Kem Tẩy Lông Dimple Hair Removal Cream 100ml','- Giúp bạn tẩy lông một cách nhẹ nhàng nhanh chóng.\r\n\r\n- Giúp nuôi dưỡng và giữ ẩm làn da của bạn luôn trẻ trung mịn màng, mềm mại.\r\n\r\n- Kem tẩy lông nhanh gọn và tiện dụng, không phải cạo rồi lo lắng lông mọc lên cứng, đen và dài hơn. \r\n\r\n- Không gây kích ứng, nhẹ dịu với da, hương thơm nhẹ nhàng',5,0,95000,56,7,42,19,100),(454,'Kem Tẩy Lông Dimple Hair Removal Cream 100ml','- Giúp bạn tẩy lông một cách nhẹ nhàng nhanh chóng.\r\n\r\n- Giúp nuôi dưỡng và giữ ẩm làn da của bạn luôn trẻ trung mịn màng, mềm mại.\r\n\r\n- Kem tẩy lông nhanh gọn và tiện dụng, không phải cạo rồi lo lắng lông mọc lên cứng, đen và dài hơn. \r\n\r\n- Không gây kích ứng, nhẹ dịu với da, hương thơm nhẹ nhàng',5,0,95000,56,7,42,19,100),(455,'Kem Tẩy Lông Dimple Hair Removal Cream 100ml','- Giúp bạn tẩy lông một cách nhẹ nhàng nhanh chóng.\r\n\r\n- Giúp nuôi dưỡng và giữ ẩm làn da của bạn luôn trẻ trung mịn màng, mềm mại.\r\n\r\n- Kem tẩy lông nhanh gọn và tiện dụng, không phải cạo rồi lo lắng lông mọc lên cứng, đen và dài hơn. \r\n\r\n- Không gây kích ứng, nhẹ dịu với da, hương thơm nhẹ nhàng',5,0,95000,56,7,42,19,100),(456,'Xịt Khử Mùi Etiaxil Déodorant Anti-Transpirant','- Hạn chế sự tăng trưởng của vi khuẩn trên da và ngặn chặn hình thành mùi.\r\n\r\n- Giúp làm chậm lại quá trình tiết mồ hôi và kháng khuẩn cực kỳ hiệu quả. \r\n\r\n- Không gây kích ứng da, không gây tình trạng khô da dưới vùng cánh tay.\r\n\r\n- Không màu, không ướt dính.',5,0,210000,57,7,42,10,100),(457,'Xịt Khử Mùi Etiaxil Déodorant Anti-Transpirant','- Hạn chế sự tăng trưởng của vi khuẩn trên da và ngặn chặn hình thành mùi.\r\n\r\n- Giúp làm chậm lại quá trình tiết mồ hôi và kháng khuẩn cực kỳ hiệu quả. \r\n\r\n- Không gây kích ứng da, không gây tình trạng khô da dưới vùng cánh tay.\r\n\r\n- Không màu, không ướt dính.',5,0,210000,57,7,42,10,100),(458,'Xịt Khử Mùi Etiaxil Déodorant Anti-Transpirant','- Hạn chế sự tăng trưởng của vi khuẩn trên da và ngặn chặn hình thành mùi.\r\n\r\n- Giúp làm chậm lại quá trình tiết mồ hôi và kháng khuẩn cực kỳ hiệu quả. \r\n\r\n- Không gây kích ứng da, không gây tình trạng khô da dưới vùng cánh tay.\r\n\r\n- Không màu, không ướt dính.',5,0,210000,57,7,42,10,100),(459,'Xịt Khử Mùi Hôi Chân Etiaxil Déodorant','- Sản phẩm không chứa cồn, không paraben an toàn cho da\r\n\r\n- Khử môi, ngăn tiết mồ hôi lên đến 48h\r\n\r\n- Hương thơm dịu nhẹ, dễ chịu\r\n\r\n- Thiết kế dạng xịt, vỏ nhôm chắc chắn, tiện lợi dễ mang đi sử dụng ',5,0,210000,57,7,42,8,100),(460,'Xịt Khử Mùi Hôi Chân Etiaxil Déodorant','- Sản phẩm không chứa cồn, không paraben an toàn cho da\r\n\r\n- Khử môi, ngăn tiết mồ hôi lên đến 48h\r\n\r\n- Hương thơm dịu nhẹ, dễ chịu\r\n\r\n- Thiết kế dạng xịt, vỏ nhôm chắc chắn, tiện lợi dễ mang đi sử dụng ',5,0,210000,57,7,42,8,100),(461,'Xịt Khử Mùi Hôi Chân Etiaxil Déodorant','- Sản phẩm không chứa cồn, không paraben an toàn cho da\r\n\r\n- Khử môi, ngăn tiết mồ hôi lên đến 48h\r\n\r\n- Hương thơm dịu nhẹ, dễ chịu\r\n\r\n- Thiết kế dạng xịt, vỏ nhôm chắc chắn, tiện lợi dễ mang đi sử dụng ',5,0,210000,57,7,42,8,100),(462,'Xà Phòng Giảm Thâm Mông Pelican Hip Care Soap','- Dưỡng sáng da, giảm thâm, cung cấp độ ẩm để làm mềm da, đem lại làn da mịn mềm mại, ẩm mịn hơn.\r\n\r\n- Loại bỏ tế bào chết lâu ngày ở vùng mông, đồng thời tái tạo và cải thiện làn da trở nên trắng sáng như da em bé.\r\n\r\n- Thiết kế hình trái tim độc đáo, đáng yêu, mùi hương đào rất thơm và dễ chịu mỗi khi sử dụng.',5,0,140000,58,7,42,16,100),(463,'Xà Phòng Giảm Thâm Mông Pelican Hip Care Soap','- Dưỡng sáng da, giảm thâm, cung cấp độ ẩm để làm mềm da, đem lại làn da mịn mềm mại, ẩm mịn hơn.\r\n\r\n- Loại bỏ tế bào chết lâu ngày ở vùng mông, đồng thời tái tạo và cải thiện làn da trở nên trắng sáng như da em bé.\r\n\r\n- Thiết kế hình trái tim độc đáo, đáng yêu, mùi hương đào rất thơm và dễ chịu mỗi khi sử dụng.',5,0,140000,58,7,42,16,100),(464,'Xà Phòng Giảm Thâm Mông Pelican Hip Care Soap','- Dưỡng sáng da, giảm thâm, cung cấp độ ẩm để làm mềm da, đem lại làn da mịn mềm mại, ẩm mịn hơn.\r\n\r\n- Loại bỏ tế bào chết lâu ngày ở vùng mông, đồng thời tái tạo và cải thiện làn da trở nên trắng sáng như da em bé.\r\n\r\n- Thiết kế hình trái tim độc đáo, đáng yêu, mùi hương đào rất thơm và dễ chịu mỗi khi sử dụng.',5,0,140000,58,7,42,16,100),(465,'Kem Giảm Vết Đốm Sạm Cháy Nắng Garnier Clearly','- Công dụng hiệu quả trong việc giảm vết đốm sạm cháy nắng\r\n\r\n- Chỉ số chống nắng an toàn cho da của bạn\r\n\r\n- Công thức thẩm thấu nhanh một cách hiệu quả\r\n\r\n- Giúp làn da trở nên rạng rỡ, xinh đẹp',5,0,230000,58,7,42,10,100),(466,'Kem Giảm Vết Đốm Sạm Cháy Nắng Garnier Clearly','- Công dụng hiệu quả trong việc giảm vết đốm sạm cháy nắng\r\n\r\n- Chỉ số chống nắng an toàn cho da của bạn\r\n\r\n- Công thức thẩm thấu nhanh một cách hiệu quả\r\n\r\n- Giúp làn da trở nên rạng rỡ, xinh đẹp',5,0,230000,58,7,42,10,100),(467,'Kem Giảm Vết Đốm Sạm Cháy Nắng Garnier Clearly','- Công dụng hiệu quả trong việc giảm vết đốm sạm cháy nắng\r\n\r\n- Chỉ số chống nắng an toàn cho da của bạn\r\n\r\n- Công thức thẩm thấu nhanh một cách hiệu quả\r\n\r\n- Giúp làn da trở nên rạng rỡ, xinh đẹp',5,0,230000,58,7,42,10,100),(470,'Bút Tẩy Trắng Răng Absolute White Whitening Gel','-  Làm trắng răng nhanh và hiệu quả \r\n\r\n-  Không gây ê buốt khi sử dụng\r\n\r\n-  Tự tin, rạng rỡ với hàm răng trắng sáng',5,0,50000,59,7,42,3,100),(471,'Bút Tẩy Trắng Răng Absolute White Whitening Gel','-  Làm trắng răng nhanh và hiệu quả \r\n\r\n-  Không gây ê buốt khi sử dụng\r\n\r\n-  Tự tin, rạng rỡ với hàm răng trắng sáng',5,0,50000,59,7,42,3,100),(472,'Bút Tẩy Trắng Răng Absolute White Whitening Gel','-  Làm trắng răng nhanh và hiệu quả \r\n\r\n-  Không gây ê buốt khi sử dụng\r\n\r\n-  Tự tin, rạng rỡ với hàm răng trắng sáng',5,0,50000,59,7,42,3,100),(473,'Nước Súc Miệng Propolinse Mouth Wash 600ml','- Diệt khuẩn, ngăn ngừa các bệnh răng miệng.\r\n\r\n- Khử mùi hôi do hút thuốc, rút ngắn thời gian điều trị hôi miệng.\r\n\r\n- Chiết xuất từ các thành phần thiên nhiên, an toàn.',5,0,230000,59,7,42,8,100),(474,'Nước Súc Miệng Propolinse Mouth Wash 600ml','- Diệt khuẩn, ngăn ngừa các bệnh răng miệng.\r\n\r\n- Khử mùi hôi do hút thuốc, rút ngắn thời gian điều trị hôi miệng.\r\n\r\n- Chiết xuất từ các thành phần thiên nhiên, an toàn.',5,0,230000,59,7,42,8,100),(475,'Nước Súc Miệng Propolinse Mouth Wash 600ml','- Diệt khuẩn, ngăn ngừa các bệnh răng miệng.\r\n\r\n- Khử mùi hôi do hút thuốc, rút ngắn thời gian điều trị hôi miệng.\r\n\r\n- Chiết xuất từ các thành phần thiên nhiên, an toàn.',5,0,230000,59,7,42,8,100);
/*!40000 ALTER TABLE `product` ENABLE KEYS */;
UNLOCK TABLES;

--
-- Table structure for table `transport`
--

DROP TABLE IF EXISTS `transport`;
/*!40101 SET @saved_cs_client     = @@character_set_client */;
/*!50503 SET character_set_client = utf8mb4 */;
CREATE TABLE `transport` (
  `id` int NOT NULL AUTO_INCREMENT,
  `name` varchar(100) DEFAULT NULL,
  `price` float DEFAULT NULL,
  PRIMARY KEY (`id`)
) ENGINE=InnoDB AUTO_INCREMENT=7 DEFAULT CHARSET=utf8mb3;
/*!40101 SET character_set_client = @saved_cs_client */;

--
-- Dumping data for table `transport`
--

LOCK TABLES `transport` WRITE;
/*!40000 ALTER TABLE `transport` DISABLE KEYS */;
INSERT INTO `transport` VALUES (1,'Viettel Post',30000),(2,'VNpost',35000),(3,'Giao hàng nhanh',35000),(4,'Giao hàng tiết kiệm',25000),(5,'Sship',20000),(6,'AhaMove',30000);
/*!40000 ALTER TABLE `transport` ENABLE KEYS */;
UNLOCK TABLES;

--
-- Table structure for table `user`
--

DROP TABLE IF EXISTS `user`;
/*!40101 SET @saved_cs_client     = @@character_set_client */;
/*!50503 SET character_set_client = utf8mb4 */;
CREATE TABLE `user` (
  `id` int NOT NULL AUTO_INCREMENT,
  `username` varchar(50) NOT NULL,
  `password` varchar(50) NOT NULL,
  `email` varchar(50) NOT NULL,
  `fullname` varchar(100) NOT NULL,
  `role` int DEFAULT '0',
  `avatar` varchar(300) DEFAULT 'https://images.pexels.com/photos/8937407/pexels-photo-8937407.jpeg?auto=compress&cs=tinysrgb&dpr=3&h=750&w=1260',
  `total` float DEFAULT '0',
  `phone` varchar(20) DEFAULT 'Enter your phone',
  PRIMARY KEY (`id`)
) ENGINE=InnoDB AUTO_INCREMENT=69 DEFAULT CHARSET=utf8mb3;
/*!40101 SET character_set_client = @saved_cs_client */;

--
-- Dumping data for table `user`
--

LOCK TABLES `user` WRITE;
/*!40000 ALTER TABLE `user` DISABLE KEYS */;
INSERT INTO `user` VALUES (7,'boboyso','123456','admin@gmail.com','Đức Độ',1,'https://i.pinimg.com/originals/4e/44/37/4e4437f8935e5087652dc2f5eec60ffb.png',NULL,'Enter your phone'),(10,'Admin','Admin','admin@gmail.com','Ngô Lươn Văn Dần',1,'https://i.pinimg.com/originals/4e/44/37/4e4437f8935e5087652dc2f5eec60ffb.png',NULL,'Enter your phone'),(11,'Admin','Admin','admin@gmail.com','Admin',1,' https://i.pinimg.com/originals/4e/44/37/4e4437f8935e5087652dc2f5eec60ffb.png',NULL,'Enter your phone'),(12,'Admin','Admin','admin@gmail.com','Admin',1,' https://i.pinimg.com/originals/4e/44/37/4e4437f8935e5087652dc2f5eec60ffb.png',NULL,'Enter your phone'),(13,'Admin','Admin','admin@gmail.com','Admin',1,' https://i.pinimg.com/originals/4e/44/37/4e4437f8935e5087652dc2f5eec60ffb.png',NULL,'Enter your phone'),(14,'Admin','Admin','admin@gmail.com','Admin',1,'https://i.pinimg.com/originals/4e/44/37/4e4437f8935e5087652dc2f5eec60ffb.png',NULL,'Enter your phone'),(15,'Admin','Admin','admin@gmail.com','Admin',1,' https://i.pinimg.com/originals/4e/44/37/4e4437f8935e5087652dc2f5eec60ffb.png',NULL,'Enter your phone'),(16,'Admin','Admin','admin@gmail.com','Admin',1,' https://i.pinimg.com/originals/4e/44/37/4e4437f8935e5087652dc2f5eec60ffb.png',NULL,'Enter your phone'),(17,'Admin','Admin','admin@gmail.com','AdminNe',1,'https://i.pinimg.com/originals/4e/44/37/4e4437f8935e5087652dc2f5eec60ffb.png',NULL,'Enter your phone'),(18,'Admin','Admin','admin@gmail.com','Alo',0,'https://i.pinimg.com/originals/4e/44/37/4e4437f8935e5087652dc2f5eec60ffb.png',NULL,'Enter your phone'),(19,'Admin','Admin','admin@gmail.com','Admin',1,' https://i.pinimg.com/originals/4e/44/37/4e4437f8935e5087652dc2f5eec60ffb.png',NULL,'Enter your phone'),(20,'Admin','Admin','admin@gmail.com','Admin',1,' https://i.pinimg.com/originals/4e/44/37/4e4437f8935e5087652dc2f5eec60ffb.png',NULL,'Enter your phone'),(21,'Admin','Admin','admin@gmail.com','Admin',1,' https://i.pinimg.com/originals/4e/44/37/4e4437f8935e5087652dc2f5eec60ffb.png',NULL,'Enter your phone'),(22,'Admin','Admin','admin@gmail.com','Admin',1,' https://i.pinimg.com/originals/4e/44/37/4e4437f8935e5087652dc2f5eec60ffb.png',NULL,'Enter your phone'),(23,'Admin','Admin','admin@gmail.com','Admin',1,' https://i.pinimg.com/originals/4e/44/37/4e4437f8935e5087652dc2f5eec60ffb.png',NULL,'Enter your phone'),(24,'Admin','Admin','admin@gmail.com','Admin',1,' https://i.pinimg.com/originals/4e/44/37/4e4437f8935e5087652dc2f5eec60ffb.png',NULL,'Enter your phone'),(25,'Admin','Admin','admin@gmail.com','Admin',1,' https://i.pinimg.com/originals/4e/44/37/4e4437f8935e5087652dc2f5eec60ffb.png',NULL,'Enter your phone'),(26,'Admin','Admin','admin@gmail.com','Admin',1,' https://i.pinimg.com/originals/4e/44/37/4e4437f8935e5087652dc2f5eec60ffb.png',NULL,'Enter your phone'),(27,'Admin','Admin','admin@gmail.com','Admin',1,' https://i.pinimg.com/originals/4e/44/37/4e4437f8935e5087652dc2f5eec60ffb.png',NULL,'Enter your phone'),(28,'Admin','Admin','admin@gmail.com','Admin',1,' https://i.pinimg.com/originals/4e/44/37/4e4437f8935e5087652dc2f5eec60ffb.png',NULL,'Enter your phone'),(29,'Admin','Admin','admin@gmail.com','Admin',1,' https://i.pinimg.com/originals/4e/44/37/4e4437f8935e5087652dc2f5eec60ffb.png',NULL,'Enter your phone'),(30,'Admin','Admin','admin@gmail.com','Admin',1,' https://i.pinimg.com/originals/4e/44/37/4e4437f8935e5087652dc2f5eec60ffb.png',NULL,'Enter your phone'),(45,'hoangthinh','MTIzODkw','thinh@gmail.com','Hoàng Thịnh',1,'https://images.pexels.com/photos/8937407/pexels-photo-8937407.jpeg?auto=compress&cs=tinysrgb&dpr=3&h=750&w=1260',NULL,'Enter your phone'),(46,'docute','ZG9jdXRl','donvdde150067@fpt.edu.vn','Đức Độ',1,'https://kenh14cdn.com/thumb_w/660/2020/8/19/jisoo-black-pink-se-la-nu-chinh-trong-phim-moi-cua-bien-kich-va-dao-dien-sky-castle-300-5166863-1597721501-1597826028770942235350.jpg',NULL,'0827299123'),(47,'danngu','dmFuZGFu','dan@gmail.com','Văn Dần',1,'https://images.pexels.com/photos/8937407/pexels-photo-8937407.jpeg?auto=compress&cs=tinysrgb&dpr=3&h=750&w=1260',NULL,'Enter your phone'),(48,'thayhoangpro','MTIzNDU2','hoang@gmail.com','Thầy Hoàng',1,'https://images.pexels.com/photos/8937407/pexels-photo-8937407.jpeg?auto=compress&cs=tinysrgb&dpr=3&h=750&w=1260',NULL,'Enter your phone'),(49,'bosua ','MTIzNDU2','bosua@gmail.com','Bò Sữa ',1,'https://images.pexels.com/photos/8937407/pexels-photo-8937407.jpeg?auto=compress&cs=tinysrgb&dpr=3&h=750&w=1260',NULL,'Enter your phone'),(50,'admin','YWRtaW5t','admin@gmail.com','Alo',1,'https://images.pexels.com/photos/8937407/pexels-photo-8937407.jpeg?auto=compress&cs=tinysrgb&dpr=3&h=750&w=1260',0,'Enter your phone'),(51,'docute1','MTIzNDU2','thesoonafu@gmail.com','Gintaka',1,'https://images.pexels.com/photos/8937407/pexels-photo-8937407.jpeg?auto=compress&cs=tinysrgb&dpr=3&h=750&w=1260',0,'Enter your phone'),(52,'docute22','MTIzNDU2','thesoonafu@gmail.com','Gintaka',1,'https://images.pexels.com/photos/8937407/pexels-photo-8937407.jpeg?auto=compress&cs=tinysrgb&dpr=3&h=750&w=1260',0,'Enter your phone'),(53,'admin1','MTIzMTIz','thesoonafu@gmail.com','Thầy Hoàng',0,'https://images.pexels.com/photos/8937407/pexels-photo-8937407.jpeg?auto=compress&cs=tinysrgb&dpr=3&h=750&w=1260',0,'Enter your phone'),(54,'tenchadat','MTIzNDU2','tenchadats9@gmail.com','Thầy Hoàng',0,'https://images.pexels.com/photos/8937407/pexels-photo-8937407.jpeg?auto=compress&cs=tinysrgb&dpr=3&h=750&w=1260',0,'Enter your phone'),(55,'thinh123','ZG8wMTY2Njc4NjIwMg==','tenchadats9@gmail.com','Thịnh Culi',0,'https://images.pexels.com/photos/8937407/pexels-photo-8937407.jpeg?auto=compress&cs=tinysrgb&dpr=3&h=750&w=1260',0,'01666786202'),(56,'docute333','','thes','Độ đẹp trai',0,'https://images.pexels.com/photos/8937407/pexels-photo-8937407.jpeg?auto=compress&cs=tinysrgb&dpr=3&h=750&w=1260',0,'Enter your phone'),(57,'docute333','MTIzMTIz','donvdde150067@fpt.edu.vn','Độ đẹp trai',0,'https://images.pexels.com/photos/8937407/pexels-photo-8937407.jpeg?auto=compress&cs=tinysrgb&dpr=3&h=750&w=1260',0,'Enter your phone'),(58,'docute2222','','don','Độ đẹp trai',0,'https://images.pexels.com/photos/8937407/pexels-photo-8937407.jpeg?auto=compress&cs=tinysrgb&dpr=3&h=750&w=1260',0,'Enter your phone'),(59,'DE150067','MTIzMTIz','donvdde150067@fpt.edu.vn','Độ đẹp trai',0,'https://images.pexels.com/photos/8937407/pexels-photo-8937407.jpeg?auto=compress&cs=tinysrgb&dpr=3&h=750&w=1260',0,'Enter your phone'),(60,'assss','YXNkYXNk','donvdde150067@fpt.edu.vn','Độ đẹp trai',0,'https://images.pexels.com/photos/8937407/pexels-photo-8937407.jpeg?auto=compress&cs=tinysrgb&dpr=3&h=750&w=1260',0,'Enter your phone'),(61,'docute222211','MTIzMTIz','donvdde150067@fpt.edu.vn','Độ đẹp trai',0,'https://images.pexels.com/photos/8937407/pexels-photo-8937407.jpeg?auto=compress&cs=tinysrgb&dpr=3&h=750&w=1260',0,'Enter your phone'),(62,'thinh1232','MTIzMTIz','donvdde150067@fpt.edu.vn','Độ đẹp trai',0,'https://images.pexels.com/photos/8937407/pexels-photo-8937407.jpeg?auto=compress&cs=tinysrgb&dpr=3&h=750&w=1260',0,'Enter your phone'),(63,'docute2232432','cXdlcXdl','donvdde150067@fpt.edu.vn','Độ đẹp trai',0,'https://images.pexels.com/photos/8937407/pexels-photo-8937407.jpeg?auto=compress&cs=tinysrgb&dpr=3&h=750&w=1260',0,'Enter your phone'),(64,'','','','Đ',0,'https://images.pexels.com/photos/8937407/pexels-photo-8937407.jpeg?auto=compress&cs=tinysrgb&dpr=3&h=750&w=1260',0,'Enter your phone'),(65,'cute','MTIzMTIz','donvdde150067@fpt.edu.vn','Độ đẹp trai',0,'https://images.pexels.com/photos/8937407/pexels-photo-8937407.jpeg?auto=compress&cs=tinysrgb&dpr=3&h=750&w=1260',0,'Enter your phone'),(66,'cute','MTIzMTIz','donvdde150067@fpt.edu.vn','Độ đẹp trai',0,'https://images.pexels.com/photos/8937407/pexels-photo-8937407.jpeg?auto=compress&cs=tinysrgb&dpr=3&h=750&w=1260',0,'Enter your phone'),(67,'cute','MTIzMTIz','donvdde150067@fpt.edu.vn','Độ đẹp trai',0,'https://images.pexels.com/photos/8937407/pexels-photo-8937407.jpeg?auto=compress&cs=tinysrgb&dpr=3&h=750&w=1260',0,'Enter your phone'),(68,'cute','MTIzMTIz','donvdde150067@fpt.edu.vn','Độ đẹp trai',0,'https://images.pexels.com/photos/8937407/pexels-photo-8937407.jpeg?auto=compress&cs=tinysrgb&dpr=3&h=750&w=1260',0,'Enter your phone');
/*!40000 ALTER TABLE `user` ENABLE KEYS */;
UNLOCK TABLES;
/*!40103 SET TIME_ZONE=@OLD_TIME_ZONE */;

/*!40101 SET SQL_MODE=@OLD_SQL_MODE */;
/*!40014 SET FOREIGN_KEY_CHECKS=@OLD_FOREIGN_KEY_CHECKS */;
/*!40014 SET UNIQUE_CHECKS=@OLD_UNIQUE_CHECKS */;
/*!40101 SET CHARACTER_SET_CLIENT=@OLD_CHARACTER_SET_CLIENT */;
/*!40101 SET CHARACTER_SET_RESULTS=@OLD_CHARACTER_SET_RESULTS */;
/*!40101 SET COLLATION_CONNECTION=@OLD_COLLATION_CONNECTION */;
/*!40111 SET SQL_NOTES=@OLD_SQL_NOTES */;

-- Dump completed on 2022-01-08 20:12:08
